datetime,underlying_price,NIFTY27JAN2625200CE,NIFTY27JAN2625300CE,NIFTY27JAN2625400CE,NIFTY27JAN2625500CE,NIFTY27JAN2625600CE,NIFTY27JAN2625700CE,NIFTY27JAN2625800CE,NIFTY27JAN2625900CE,NIFTY27JAN2626000CE,NIFTY27JAN2626100CE,NIFTY27JAN2626200CE,NIFTY27JAN2626300CE,NIFTY27JAN2626400CE,NIFTY27JAN2626500CE,NIFTY27JAN2623800PE,NIFTY27JAN2623900PE,NIFTY27JAN2624000PE,NIFTY27JAN2624100PE,NIFTY27JAN2624200PE,NIFTY27JAN2624300PE,NIFTY27JAN2624400PE,NIFTY27JAN2624500PE,NIFTY27JAN2624600PE,NIFTY27JAN2624700PE,NIFTY27JAN2624800PE,NIFTY27JAN2624900PE,NIFTY27JAN2625000PE,NIFTY27JAN2625100PE
07-01-2026 09:15,26111.65,0.12662,0.1233,0.11741,0.1173159239991769,0.11005,0.10576,0.10073262174421586,0.09724,0.0957,0.09397,0.09187,0.09041,0.08908,0.08795,0.1784,0.17237,0.16928,0.1632897076552084,0.1576,0.1524,0.14697,0.14105,0.13613,0.13085,0.1264,0.12142,0.11631,0.1115
07-01-2026 09:20,26141.4,0.08632,0.10346131234770835,0.11099408878871109,0.11779,0.11197,0.11028,0.1067144429379858,0.10340783267957236,0.09837,0.09619,0.09413,0.09236,0.09057,0.08925,0.17962,0.17477,0.17027823089132577,0.16534,0.15951483882449036,0.1542,0.14753,0.14274,0.13849,0.13282,0.12828609267373745,0.12363,0.11852742340651803,0.11353
07-01-2026 09:25,26139.35,0.09147,0.0958180002744757,0.09514,0.09933,0.09599,0.09204,0.09216,0.08954,0.08996,0.08861,0.08697,0.08627,0.08541,0.0851824229373812,0.1801,0.17574,0.17154,0.16567,0.15927,0.15425450171969235,0.14919,0.14245,0.13806,0.13242,0.12877,0.12349,0.11817,0.11446223856268689
07-01-2026 09:30,26128.95,0.1086,0.10842,0.1115,0.12248,0.10715,0.11098,0.10345,0.10135957490766657,0.09864,0.09511,0.09304,0.09123,0.0892741961866691,0.08843,0.18174,0.17683279516727723,0.17206,0.16502,0.15755,0.15287786155381092,0.14691,0.14209,0.13721,0.13184,0.12722,0.12252,0.11729,0.112
07-01-2026 09:35,26131.9,0.10462,0.10538,0.12459,0.12051,0.11225,0.11294,0.10544,0.10273137769733716,0.09896,0.09590780180676958,0.09412,0.09136,0.09014,0.08885,0.18193,0.17718449713308113,0.17226,0.16522,0.15924,0.15334,0.14784,0.1423,0.13730590491633904,0.13219,0.12733,0.12295,0.11707,0.11309955827065936
07-01-2026 09:40,26145.15,0.07079,0.07639,0.08313,0.08523,0.08815036163851564,0.08734,0.08785583256878522,0.08641085212206812,0.0845,0.08386,0.08371849471094066,0.08301,0.08262,0.08249,0.18277,0.1782,0.17265,0.16631,0.15883,0.15343,0.14961,0.14337,0.1382,0.13313,0.12864,0.12374,0.11872,0.11456810488332829
07-01-2026 09:45,26113.1,0.11925922506189127,0.11837,0.10826,0.11514,0.1083,0.1055,0.10226,0.09957338656596144,0.09741,0.09438,0.09237,0.09075,0.08895794552071692,0.08809,0.18107,0.17468,0.1704,0.16426,0.157,0.15289,0.14697,0.14089,0.13571,0.13075,0.12599,0.12096,0.1159204140325251,0.11071
07-01-2026 09:50,26110.0,0.1259518647671129,0.12087,0.10978,0.10781428367615394,0.10550939514920313,0.10476,0.09939,0.0968,0.09542,0.09316,0.09122,0.08945,0.08826325046230293,0.08699,0.1805894689368041,0.1745,0.17045,0.16386,0.15681,0.15155,0.14694,0.14103923117186895,0.13566,0.13068,0.12601,0.12093451100235027,0.11607,0.11095
07-01-2026 09:55,26108.9,0.13029,0.12175,0.13487,0.12474504574114426,0.12009,0.11328,0.11092665083825115,0.10703859792558851,0.10426,0.10032,0.09739,0.09479,0.09256,0.09083,0.18084,0.17444,0.16945,0.16358,0.15675,0.15173331476792518,0.14636,0.14063,0.1353,0.13058390220128,0.12571,0.12047,0.1153034373326126,0.10983
07-01-2026 10:00,26140.3,0.09239,0.0877,0.115,0.11531,0.11123,0.10752,0.10161,0.10048607565138495,0.09747,0.09471133963169757,0.09255,0.09062,0.08911,0.09153062317289903,0.1828,0.17745,0.1717,0.16515,0.16067,0.15356,0.1481,0.14259,0.13745703903878764,0.13216,0.12774,0.12248,0.11736674227197229,0.1122
07-01-2026 10:05,26142.95,0.0968881591004579,0.08237,0.11304,0.1131161689224508,0.11037,0.11308,0.11004,0.10336,0.10275,0.09909,0.09616,0.09329355861322845,0.09181,0.09023,0.18298,0.17622,0.1714,0.16534,0.15961,0.15374,0.14828,0.14278,0.13766,0.13236,0.12794,0.12247,0.11739,0.11183
07-01-2026 10:10,26159.15,0.10591,0.11189,0.09886,0.10243708156199172,0.10290759463323904,0.10433602776084923,0.10588,0.10235646136358328,0.1002135362433799,0.09746,0.09524,0.09264,0.09117,0.08945,0.1848328354701006,0.17867092439949173,0.17292,0.16683,0.16079751559277355,0.15501,0.14937,0.14421,0.13893,0.1335,0.12947,0.12462,0.11843,0.11309
07-01-2026 10:15,26183.8,0.12049,0.09722,0.11136,0.09406,0.09202,0.09271447833011891,0.09326,0.08786,0.08838,0.0877003206364642,0.08657667863690052,0.08527,0.08415,0.0850893294951812,0.18267,0.17854525788473072,0.17425,0.16842,0.16269,0.15663,0.15173,0.14572,0.14048,0.13536,0.13028,0.12548,0.12019,0.115
07-01-2026 10:20,26169.15,0.13492,0.11376,0.12267,0.11138114561963244,0.10785,0.10291576138578806,0.09695,0.09399,0.09285,0.09072487923974555,0.08918,0.08778,0.08646,0.08546,0.18381,0.17694,0.1723945514017633,0.1675,0.16154452488461735,0.15603786615045961,0.15024,0.14514466107191215,0.13994,0.13449,0.12949,0.12431,0.11901,0.11379
07-01-2026 10:25,26152.25,0.14819,0.11685,0.1055,0.10144,0.09464911013054225,0.09327437189757552,0.09325,0.09388,0.0911,0.08993576355472054,0.08801,0.08672,0.0857,0.08459,0.18279,0.1759,0.17077059075795906,0.16541702667447403,0.16026,0.15459,0.14949,0.14378,0.13834,0.13291,0.12889,0.1234,0.11784,0.11258
07-01-2026 10:30,26130.45,0.14045,0.13392,0.12199,0.1158521870097954,0.11049027864820772,0.10631,0.10164,0.09839,0.0959544211506571,0.09407,0.09185760183254191,0.0900101247640802,0.0883,0.08712,0.18145,0.17666,0.17139,0.16528,0.15951883859781407,0.15318,0.14805,0.14233,0.13686,0.1314,0.12709,0.1217,0.11602,0.11173495475494122
07-01-2026 10:35,26133.05,0.13848,0.13213,0.12247397649865001,0.11484590170534026,0.109,0.10357,0.10375,0.09754,0.09843,0.09513767473390772,0.09299,0.09123160568743502,0.08935,0.08769,0.18189667302937546,0.17607,0.17133,0.16478,0.15932165128286424,0.15317,0.1486,0.14253020556256718,0.13675,0.13159,0.12694,0.12169,0.11635112070852976,0.11086
07-01-2026 10:40,26144.05,0.13207414382075883,0.1239,0.11658039541485644,0.11069,0.10629806488537162,0.10253,0.09978489762921765,0.09761,0.09496,0.09273552451266355,0.09067,0.08891840701806376,0.08738,0.08609,0.18288,0.17733528948608093,0.17204,0.1655,0.15977,0.15409,0.14898,0.14327,0.13781,0.13264,0.12761,0.12223958863926287,0.11697,0.11209213853925683
07-01-2026 10:45,26141.15,0.12448,0.12027685698978743,0.11456,0.114,0.10828,0.10332,0.10041,0.09745,0.09480065614824765,0.09195,0.09043,0.08885,0.08722873245717783,0.08575,0.18131,0.1766,0.17095697628725318,0.16533,0.15938,0.15392,0.14844,0.14292,0.13762,0.13204,0.12718,0.12241,0.11676,0.1121589346947234
07-01-2026 10:50,26146.85,0.15441,0.12166,0.12264,0.12576,0.11054094820019897,0.10062,0.10355432168067107,0.10421,0.10121,0.09751,0.09502,0.09229,0.09052,0.08866,0.18168,0.1765955226385987,0.17128,0.1657,0.159990091171727,0.15411,0.14865,0.14331,0.13772,0.13245,0.12747,0.12241,0.11671,0.11127
07-01-2026 10:55,26168.55,0.11618,0.09908,0.10582,0.10208937639213797,0.10027,0.09883,0.09819,0.09465,0.09529,0.09256,0.0906,0.08877,0.08737,0.08584,0.18331,0.17727,0.17315,0.16687,0.16117,0.15571734754335567,0.1501,0.14478,0.13937,0.13411,0.12903,0.12353394536683385,0.11815,0.11277
07-01-2026 11:00,26160.15,0.14217,0.10926,0.12493,0.12832,0.11709,0.11632,0.11182,0.10649,0.10367,0.0996,0.09689,0.09419,0.09188,0.088317832278328,0.18281,0.17727,0.17264,0.16635,0.1609299214632053,0.155,0.14973,0.1444,0.13896,0.1334,0.12844,0.12318,0.11743,0.11204
07-01-2026 11:05,26182.1,0.08899487347528784,0.06317,0.10803,0.11224,0.11009,0.10412,0.09991,0.09817,0.09502915644604971,0.0919,0.0899806525560684,0.08838,0.08688,0.0856,0.18446,0.17867,0.17404,0.16776,0.16186,0.15647873388223738,0.15102,0.14572,0.14036769971968668,0.13508,0.12987295910199576,0.12479,0.11928,0.11373
07-01-2026 11:10,26166.7,0.10994750822757303,0.10165,0.12041,0.11278658429778148,0.10432,0.10238191232765864,0.09653,0.09485778408779429,0.09205,0.08991,0.08867,0.08688418037623925,0.08535,0.08431,0.18353,0.1772,0.17284,0.16679,0.16173,0.15382,0.14989637206179995,0.14469,0.13988,0.13401,0.12902909141381616,0.1239,0.11804,0.11274
07-01-2026 11:15,26148.15,0.15103,0.12068,0.1181734928331832,0.11697,0.10479,0.10114,0.10383,0.10015,0.09801,0.09552551307868548,0.09307,0.09125447727439705,0.08902,0.08724,0.18212,0.17646,0.17108320924368398,0.16562,0.1597,0.15445,0.14843,0.14362,0.13802,0.13232,0.1274621797725462,0.12244,0.11685,0.11124
07-01-2026 11:20,26148.9,0.13325,0.12948188533438185,0.13221,0.10563,0.10438,0.10038807830782588,0.09484,0.09535,0.09244014563765744,0.0912,0.08892,0.08742,0.0862,0.08517,0.18186555519640085,0.17612,0.17222,0.16569,0.16007809497495318,0.15412,0.14849,0.14368,0.13808,0.13238,0.1278,0.12220566997583034,0.11682,0.11139
07-01-2026 11:25,26140.4,0.14019,0.13836731087130633,0.13724,0.11602,0.10911,0.10543083638719909,0.10085714890492736,0.09746933421440132,0.09524399886945369,0.09357,0.09156367989053618,0.08967,0.08807,0.08663,0.1810520302696225,0.17534,0.17146,0.16493,0.15901,0.15337,0.14814644186708542,0.14296,0.13721,0.13166,0.1266396930703308,0.12146,0.1159,0.11031
07-01-2026 11:30,26144.45,0.13223,0.1238,0.13491,0.12795,0.10692,0.10959,0.11051,0.10497,0.10338,0.09905,0.0955,0.0933,0.09089,0.08913,0.18165,0.17587,0.17124,0.16588,0.1595,0.15429515429513602,0.14871627460052123,0.14324,0.13734,0.13195,0.12677,0.12154,0.11602,0.11071
07-01-2026 11:35,26160.05,0.1379,0.10954,0.12705,0.11342,0.1144,0.09898,0.09861,0.0955,0.09382,0.09112,0.08876,0.08773397831707692,0.08612,0.08473,0.18262,0.17686,0.17249,0.16689,0.16051,0.15488,0.14989,0.1443,0.13873,0.13333,0.12776,0.12250239617983882,0.11739,0.11192
07-01-2026 11:40,26147.1,0.12937735274441747,0.12168,0.13513,0.11628,0.12094,0.10735,0.10434,0.10028991972704769,0.09677,0.09297,0.09119,0.08937,0.08741,0.08616,0.18184,0.17607,0.17109802931172188,0.16608,0.15948,0.15385,0.14842,0.14310613126697552,0.13755,0.13244,0.12735,0.12187,0.11653,0.11076
07-01-2026 11:45,26136.15,0.15533,0.13021,0.12347,0.11394738141964443,0.10992609444519125,0.10719,0.10479,0.09917,0.09782,0.09505,0.09244,0.09021,0.08868023246398415,0.08711,0.18118,0.17565,0.1703774981649447,0.16517,0.15878,0.15314,0.14771,0.14255,0.13711,0.13168,0.12657,0.12108,0.11582724148908957,0.11045
07-01-2026 11:50,26138.65,0.15371,0.12839,0.12183,0.10693,0.11294,0.10108615199177222,0.09573,0.09332,0.09232,0.08996,0.08826,0.08661,0.08588125466300033,0.08458,0.18163,0.17566,0.17027299469023058,0.16488,0.15896,0.15312,0.1477,0.14256,0.137139787407729,0.13173,0.127,0.12127,0.11611,0.11082
07-01-2026 11:55,26126.7,0.15561538395785918,0.13681,0.12325622988342373,0.11165,0.11006,0.10405,0.10053,0.0968,0.09586,0.09281694046549246,0.09077,0.0891492835628567,0.08749,0.08637,0.18119,0.17565982651307727,0.17019,0.16413,0.1582,0.15235,0.14692,0.14193,0.13603,0.13077,0.12604,0.12062,0.11541,0.11042
07-01-2026 12:00,26121.55,0.16447,0.14018,0.12062,0.11229909474856413,0.10672777015034007,0.10525,0.10099,0.09795,0.09557,0.09277,0.09077,0.08877,0.0875278211282224,0.08587,0.18089,0.17468,0.17036,0.16382,0.15788,0.15234942877022273,0.14659,0.14121313090228477,0.13584,0.13042,0.12544,0.12036,0.11541,0.11002
07-01-2026 12:05,26110.95,0.17059,0.1453378375958216,0.12592,0.11854,0.11393,0.10904,0.10471,0.10031071653352593,0.09754996297976888,0.09505,0.09261,0.09098086085542723,0.08930899054695099,0.08731,0.18024,0.17388,0.16946,0.16361,0.15776351757741747,0.15206798849030814,0.14608,0.14106,0.13542,0.13009,0.12564,0.12023,0.1149,0.10954
07-01-2026 12:10,26110.45,0.1689810516172224,0.14699,0.12624,0.12268,0.11389496985159545,0.10926,0.10682,0.10029,0.10023,0.09643,0.09378,0.09151,0.08936,0.0895308527727737,0.18051,0.17387,0.16843450485284583,0.16336,0.15632,0.15152,0.14588,0.14087,0.13554,0.13007,0.12538,0.11999,0.11469,0.10926
07-01-2026 12:15,26107.4,0.1726,0.14731586213188133,0.1281,0.11917965470666364,0.1124331170130826,0.11083,0.10355,0.10125,0.09722,0.09467,0.09205,0.09009,0.08853,0.08725,0.18033,0.17372,0.16902,0.16318,0.15679,0.1513881975795717,0.14568,0.14051,0.1352,0.13013,0.1254,0.11967,0.11500619561257634,0.11019962472767039
07-01-2026 12:20,26103.3,0.14749,0.15113,0.12846,0.12228,0.11176,0.1131,0.10716,0.10184,0.09835,0.09590815275446446,0.09375,0.09145,0.08962,0.0882,0.18064,0.17369,0.1682899937119221,0.16293,0.15675,0.15088,0.14577779072087946,0.14057,0.13537,0.12972,0.12512,0.1199,0.115,0.11048596903926389
07-01-2026 12:25,26106.55,0.14529,0.13464735510576298,0.12654,0.11526,0.11023,0.10932,0.10306,0.09924,0.09688,0.09433,0.09216,0.09031484413174662,0.08851,0.08719,0.18086,0.17367,0.16924,0.16338,0.15697,0.15111,0.1460976012669002,0.1408,0.13569978805997887,0.13066697744663375,0.12583,0.12057,0.11544,0.11046
07-01-2026 12:30,26108.85,0.13862762930237732,0.13189,0.12764,0.12135,0.11389,0.1097,0.1052,0.10143,0.09905,0.09602,0.09375,0.0915053183843325,0.08962,0.0881,0.17938571916989943,0.17382,0.1680540273891979,0.16243545976359935,0.15713,0.15127,0.14704,0.1412026283264082,0.1359267901865601,0.13053,0.12554,0.12044,0.11535,0.11008
07-01-2026 12:35,26106.25,0.13895,0.12870524548558748,0.12125577946413164,0.11553,0.11035,0.10842,0.10552,0.10146,0.09871,0.09611,0.09355,0.09112459660516702,0.08912,0.08835919870212261,0.17976,0.17473,0.169,0.16316,0.15719,0.15237,0.14602,0.14097,0.13531,0.13035,0.12571,0.12036,0.11516,0.11064866750648619
07-01-2026 12:40,26103.5,0.11991,0.11696,0.11289,0.10667,0.10291,0.09959672516589158,0.09545,0.09235,0.0917,0.08965,0.08826,0.08653,0.0853,0.08439,0.1796,0.17457,0.16884,0.16299,0.15724,0.15153,0.14638,0.14079,0.13557,0.13083,0.12552,0.12089,0.11587,0.11142790627660999
07-01-2026 12:45,26084.3,0.13611,0.13107,0.1253,0.11451,0.11253,0.10675,0.10228434613071835,0.0982,0.09613,0.09317,0.09116,0.08921,0.08769379353819641,0.08642,0.17747091798615644,0.17193,0.16656347707981836,0.16086,0.156,0.15028,0.14511,0.1395,0.13425,0.12896,0.12449,0.11932851165849806,0.11439335412560604,0.10937
07-01-2026 12:50,26084.8,0.13576,0.13076,0.12502,0.11425,0.11181,0.10873,0.10386,0.09994,0.09747,0.09457,0.09258,0.09052068211602478,0.08887,0.08759,0.17985,0.17281,0.16768,0.16159,0.15605,0.15118,0.14514918873340485,0.13954,0.13415,0.12917692572425202,0.1243,0.1192,0.11391,0.1092435052366941
07-01-2026 12:55,26089.25,0.1316445347598232,0.1273675985747075,0.12235,0.1206,0.11469,0.10908,0.10466,0.10084,0.0984,0.0947,0.09279,0.09043,0.08873,0.08741,0.1789240068379195,0.1733310799711083,0.16774,0.16189,0.15657,0.15117,0.14577,0.13937,0.13418,0.1288,0.12429,0.11934,0.11381,0.10934858450099458
07-01-2026 13:00,26099.15,0.13774,0.12918190524683426,0.12114,0.11955,0.11469,0.10982,0.10508495780752075,0.10038,0.09815,0.09453,0.09202,0.09013,0.0883,0.087,0.17939,0.17435,0.16856449503597182,0.16276,0.15729,0.1513,0.14585499735279134,0.14022,0.13487375234884175,0.12951,0.12442,0.11914,0.1141,0.10896
07-01-2026 13:05,26103.3,0.12242392331985125,0.11724,0.11794019663945979,0.11697,0.11188,0.10731,0.1025,0.09934,0.09665,0.09357590918490934,0.09115,0.08926,0.0873,0.08606,0.17966,0.17415537839978792,0.16866,0.16285,0.15729,0.15201,0.14642,0.14034,0.13517,0.12984371081062474,0.12461,0.11956,0.11452,0.10938
07-01-2026 13:10,26105.85,0.13259,0.11512,0.11753302436220119,0.11921,0.10758,0.10426,0.10056,0.09768129299178069,0.09497,0.09178,0.08993,0.08809,0.08671306481917251,0.08572,0.1789,0.17454,0.16883,0.16274,0.15661,0.15176,0.14600058940515076,0.14036,0.13536,0.1302464137316866,0.12528,0.11997,0.11473,0.10925
07-01-2026 13:15,26097.2,0.13545,0.12209,0.11944867526116604,0.1157214663413309,0.11389,0.10821334983999403,0.10413776514570641,0.10025,0.09667,0.09342,0.0919,0.08937,0.08779726549749134,0.08674,0.17932,0.17401,0.16878,0.16261,0.15718,0.1512,0.14514,0.14012,0.1349645525772503,0.1298,0.1249,0.11945,0.11408,0.10916
07-01-2026 13:20,26097.45,0.13528,0.12192,0.12229,0.11051,0.10726,0.10272,0.09787,0.09553,0.0935,0.09048,0.08899,0.0875222103060216,0.08593,0.08506,0.17786,0.17271,0.1675433020504502,0.16248,0.15609,0.15123,0.14535,0.14015594753270968,0.1348,0.12982,0.12454101065426652,0.11943145861110083,0.11435311284788954,0.10935
07-01-2026 13:25,26076.35,0.13635,0.13632,0.13447,0.11507,0.11124,0.10481,0.10174,0.09783,0.09578,0.09306,0.09102,0.09126037393533053,0.09044505826625825,0.08976632906629935,0.17677,0.17141,0.16651,0.16114,0.15550149226566462,0.14992,0.14396,0.13872,0.13333678137474658,0.1280696915054574,0.12294,0.11771,0.11287,0.10859047208345139
07-01-2026 13:30,26070.0,0.14088,0.13883340996307245,0.13783,0.11987,0.11361,0.1095406827235693,0.10439443179326811,0.10029,0.09795,0.09434,0.09254,0.09022,0.08856,0.08831641444209026,0.17822,0.17166,0.1663206088847572,0.16075,0.15539,0.14993,0.14414525185429067,0.13846,0.13315570121110887,0.12764,0.12272,0.11750641851963597,0.11258,0.1072
07-01-2026 13:35,26074.55,0.17042908061521325,0.1492215641552787,0.13547,0.12112,0.1144,0.11189,0.10505,0.10046,0.09766,0.09457,0.09234,0.09017,0.0882,0.08695,0.17852,0.17260061853161832,0.16691,0.16108,0.15550120204767479,0.14991337363762078,0.14467,0.13862,0.1328,0.1281,0.12259,0.11738,0.11229,0.10732434864751572
07-01-2026 13:40,26074.2,0.13798,0.13149,0.13567,0.12103,0.11374,0.11021480413070504,0.104,0.10033,0.09781,0.09458952160857013,0.09207,0.09026,0.08842,0.08693,0.17851,0.17132,0.16666,0.16104,0.15485,0.14969795842325012,0.14464,0.13877,0.13308,0.12729,0.12293,0.11799,0.11254828947223308,0.10731
07-01-2026 13:45,26072.8,0.14390577315681785,0.1375,0.1307996231655683,0.12452,0.11755,0.1126,0.10713,0.10257,0.10008,0.09637,0.09394,0.09167,0.08976,0.08827,0.17844,0.1724372562960101,0.16658,0.16074,0.15499322381489056,0.14982,0.14267,0.13852,0.13281907360743833,0.1272,0.12272,0.11748,0.11227,0.10712
07-01-2026 13:50,26083.4,0.1311,0.13079,0.13071,0.11458,0.1109,0.10573,0.09955,0.09775,0.09571,0.09249,0.09049,0.08864,0.08724,0.086,0.17858554346455272,0.17269993431493236,0.16703,0.16126231360447943,0.15547,0.15029,0.14357,0.13909,0.13359,0.12796,0.1235,0.11838,0.11309,0.10797
07-01-2026 13:55,26079.6,0.13406,0.13345472562377622,0.13283,0.12454,0.11271,0.11314,0.10700000631171573,0.10267,0.09951,0.09595,0.09371,0.09128,0.08929318312923014,0.0879,0.17644,0.17088,0.1663,0.16097,0.15524,0.14995,0.14427788242338477,0.13868,0.13319,0.1277,0.12323,0.11758,0.11262,0.10823418358103025
07-01-2026 14:00,26088.65,0.12683,0.12726,0.12031004088432487,0.11522742299814953,0.10839,0.10736,0.10616,0.10137852796414797,0.09891,0.09497,0.09280049824937614,0.09048,0.08855,0.08723,0.17768164237958534,0.17217620726770172,0.16664,0.16202,0.15453,0.15055,0.14487,0.13898,0.13368,0.12808,0.12366,0.11826,0.11304,0.10766
07-01-2026 14:05,26096.3,0.11994,0.12171,0.11491,0.11938,0.10453,0.10799,0.10284,0.09928516473990566,0.09620645618141764,0.09296,0.09098,0.08867451334263786,0.0871,0.08586,0.17797,0.17139,0.16710996796487115,0.16253,0.15632416128813068,0.15048,0.14521809791764043,0.13967,0.13406,0.1293,0.1241,0.11873,0.11363,0.10818
07-01-2026 14:10,26100.95,0.11527,0.11807,0.11166,0.11718,0.11077,0.10686,0.10024,0.09667,0.09492,0.09140632997401414,0.0893574811689561,0.08774,0.08613327931484012,0.08509,0.1771724013911995,0.17169,0.1671730252870667,0.16284,0.15557,0.15079,0.1446,0.14033,0.13485,0.12968812346039302,0.12445,0.11951,0.11389,0.10872
07-01-2026 14:15,26097.3,0.1252338801064259,0.12055,0.11426,0.11114,0.10677355630037975,0.10373,0.09785,0.09599625408180183,0.09355,0.09092,0.08915926868085877,0.08749,0.08602,0.08474,0.17776,0.17148,0.16773,0.16193,0.15535,0.15096,0.14437,0.13993,0.13446,0.12926,0.12455,0.11925,0.11381,0.10886
07-01-2026 14:20,26090.7,0.12516,0.12549,0.11905890754878122,0.11458,0.10805,0.10504624583803368,0.10217,0.09626,0.09463,0.09177,0.08988,0.0878479643304845,0.08632,0.0852,0.17654083195104733,0.17108,0.16806,0.16129,0.15707,0.15093,0.14504,0.1395654595362093,0.13371,0.12826,0.12397,0.11856,0.11323,0.10826
07-01-2026 14:25,26090.45,0.1254,0.12569,0.1192197215849696,0.11309,0.11201,0.10650431950991554,0.10202,0.0992485981593718,0.09695,0.09333,0.09125,0.08911315092721098,0.08744,0.08588,0.17707,0.1725250883646791,0.16806,0.16128,0.15769,0.14994,0.14486,0.14014,0.134,0.12826,0.12384,0.11834,0.11312,0.10767
07-01-2026 14:30,26098.65,0.11775,0.11727519525564871,0.11338,0.11283,0.108,0.10375,0.0957,0.09374,0.09245,0.08931,0.08759,0.08627237976030883,0.08508,0.08388,0.17759,0.1716,0.16859,0.16182,0.15844,0.15109,0.14578,0.14087,0.13488,0.12884,0.12388293988166116,0.11906,0.11385,0.11018402272505999
07-01-2026 14:35,26088.15,0.12742,0.12736,0.12038,0.12188,0.1129,0.10654,0.10546,0.10076,0.09843,0.09465,0.09268,0.09026,0.0892277955928496,0.088209058170832,0.17696,0.17096,0.16668669772980518,0.16169736366327137,0.15715,0.15041,0.14545443977979364,0.14,0.13416,0.1290212679213771,0.12393,0.11829,0.11314870466349194,0.10792
07-01-2026 14:40,26097.55,0.11889,0.12046,0.12078543267272286,0.12266,0.10834,0.11052,0.10398,0.10004,0.0976,0.09418,0.09176324748626809,0.09003,0.08824,0.0868,0.17802968130307753,0.17267,0.16855,0.1631419559934125,0.15778,0.15104,0.14536,0.14082,0.13497,0.12892,0.12414,0.11889,0.11311,0.1083523947266081
07-01-2026 14:45,26107.25,0.12396,0.11763,0.1223,0.1067,0.10319,0.10394,0.09526,0.09287,0.09155,0.08889,0.08749,0.08584,0.08476,0.0837,0.17860230204142633,0.17329,0.16885055639826008,0.16401,0.1579701372207945,0.15169,0.14639,0.1407507646110565,0.13506,0.12989,0.12485,0.11943364545760586,0.11414,0.10918
07-01-2026 14:50,26098.4,0.13162,0.13675,0.12915,0.12292,0.11777611241297015,0.11258,0.10664,0.1023,0.0996,0.09579,0.09332,0.09112,0.09038191175086535,0.08959021135527069,0.17642,0.17286419115340973,0.16839,0.16346,0.15807,0.15112,0.14581,0.14057,0.1343,0.12831,0.1241,0.11837125245268773,0.1132,0.108
07-01-2026 14:55,26113.35,0.13149,0.12732,0.11988,0.1167,0.10902,0.10408,0.10127,0.0978753880670447,0.09552,0.09223,0.09015,0.08829876192501987,0.0865,0.08529,0.17946,0.1737,0.16935,0.1639847291161511,0.15885,0.15269102389235464,0.14645,0.14127,0.135517954086836,0.12937,0.12507,0.11986,0.11433,0.10908
07-01-2026 15:00,26123.1,0.12276,0.11978,0.11306,0.11132,0.10302,0.10129895202951258,0.09855,0.0946,0.09262978925184273,0.09028,0.08881,0.08709,0.08574575972902419,0.08446,0.17827,0.17433374798494866,0.16948,0.1653,0.15908,0.15355,0.1473,0.14211,0.13767,0.13048,0.12578,0.12037,0.11508,0.11120397090701534
07-01-2026 15:05,26133.7,0.11118,0.11022,0.11108928192611958,0.11163,0.10334,0.10225,0.09753,0.09433,0.09233166606014684,0.08993,0.08822,0.08652,0.08519835390932269,0.08421,0.17893,0.175,0.16966,0.16599,0.15901210592221618,0.15163,0.14746,0.14189343486851724,0.13677,0.13081,0.12618,0.12072,0.11529,0.10998
07-01-2026 15:10,26142.1,0.09884,0.11876,0.11059,0.11222,0.10533,0.10244,0.09801,0.09482,0.09307,0.0906,0.08896,0.08737,0.08575,0.08248731077173757,0.1796758278784303,0.17441,0.17031254671330565,0.16564,0.16034,0.15424,0.14887400006164372,0.14319391640396742,0.13766,0.13155,0.12641,0.12179,0.11633,0.11055
07-01-2026 15:15,26147.8,0.10654,0.11355,0.10582,0.09637,0.0961129342313686,0.09213,0.08989,0.086,0.08722,0.08611,0.08507,0.08366,0.08305,0.08238,0.17951,0.1759,0.17108,0.16531,0.16020121291692657,0.15482,0.14842,0.14365,0.13775,0.13182,0.12758,0.12182817512947874,0.11657,0.11233218423338576
07-01-2026 15:20,26138.3,0.11792,0.12203,0.1136,0.10598,0.0986,0.09832,0.09507,0.09199620428621927,0.09046,0.08884,0.08713,0.08594699765288075,0.08502,0.08402,0.18137,0.1742,0.17198,0.16521128884790676,0.1599,0.15239,0.14836,0.14335,0.13727,0.13102,0.12552,0.12142,0.11616,0.11054
07-01-2026 15:25,26139.7,0.11638,0.12088,0.11254,0.10921028945915574,0.09944,0.09616,0.09398,0.09147,0.09192,0.09000704318944046,0.08703,0.08549,0.08648591308898718,0.08601608164525207,0.17936,0.17731,0.17159,0.16754,0.16085,0.15228,0.14936,0.14228,0.13722,0.13149468117696586,0.12627,0.12052,0.11608,0.11012
08-01-2026 09:15,26101.75,0.11678,0.1281013480476706,0.09164,0.11444,0.09806,0.1029,0.09933,0.0938,0.09226,0.09026,0.08847,0.08694793979588711,0.08673,0.08567,0.18174,0.17806,0.17069,0.16156855172472237,0.15934,0.15376758652177708,0.148,0.14234,0.13554,0.13056,0.12504,0.11964,0.11443,0.10991326122377879
08-01-2026 09:20,26109.7,0.10711,0.10387563822909722,0.0813,0.09165,0.09017,0.09083,0.08783,0.087544045932647,0.0860811048897586,0.08478,0.08368,0.08269,0.08573988476784224,0.08540573194083434,0.1834504925912801,0.17724,0.17249,0.16334660603422205,0.15934,0.15404,0.14616,0.14272,0.13626,0.13099,0.12580877144007782,0.12063282339055074,0.11556,0.11016
08-01-2026 09:25,26087.55,0.10989,0.11028892014163413,0.10509,0.09447,0.09178,0.0908,0.08627,0.0861,0.08568,0.08435,0.0839549296710074,0.08332,0.08304683493335827,0.08234,0.18263,0.17721154129826774,0.17156,0.1635789250565109,0.15850831824284753,0.15257,0.14449,0.14138,0.13473,0.12985,0.12516,0.12037,0.11455,0.10927
08-01-2026 09:30,26063.1,0.13321,0.11121,0.10224,0.1061,0.09787,0.09834,0.09432,0.0918,0.091,0.08905,0.0877007269516914,0.08687160201844923,0.0856,0.0849,0.18109,0.17429,0.16925,0.16238095750347484,0.15695,0.15213,0.14305,0.14003,0.13411,0.1287440877021327,0.12378690772400568,0.11874371890525007,0.11363498617151024,0.10857
08-01-2026 09:35,26053.95,0.14005,0.1303060014433513,0.12413190059805221,0.1235,0.10269,0.11067,0.10566,0.10007,0.09883,0.09570390850794297,0.09332430080754947,0.0915,0.09,0.08896591498613073,0.17789,0.1735171410116432,0.16867,0.16257550959647601,0.15635,0.15153,0.14525630768760966,0.13941,0.13378,0.12774,0.12355,0.11742,0.11243,0.10685
08-01-2026 09:40,26092.65,0.08686068147408543,0.07222,0.10736,0.10182,0.09554,0.09845649556007115,0.09243,0.09023,0.08867,0.08688,0.08594969918704139,0.08526,0.08421368722437444,0.08339,0.18192470924299117,0.17621,0.17119,0.16453,0.15915,0.15415,0.14546,0.14211,0.13591,0.13053,0.12523307034125114,0.11999023188195065,0.11484279418739846,0.10987
08-01-2026 09:45,26077.7,0.12038,0.09884,0.10275715022813493,0.1063,0.09633,0.09896,0.09438,0.09359764077111188,0.09236,0.09023,0.08831,0.08718,0.08581,0.08713890968748063,0.18062,0.17472,0.17048,0.16608,0.15906984001661567,0.15256,0.14601,0.14108,0.13532909186959596,0.12961,0.12496,0.11967,0.11477,0.10919
08-01-2026 09:50,26070.8,0.12674,0.12348,0.12264,0.11765859617505518,0.11308897280861777,0.1098,0.10385,0.09989,0.09784,0.09522,0.09286,0.09054,0.08868911182602623,0.08742,0.1802,0.17457,0.1698,0.16429,0.15795,0.15191,0.14636493133086892,0.14061,0.13485,0.12954,0.12542,0.11937,0.11424,0.1100057594467279
08-01-2026 09:55,26089.4,0.11893,0.11496589295096794,0.10995,0.10776,0.1017,0.09898,0.09518,0.09178,0.09023284816989771,0.0884,0.0871793903890152,0.08609,0.08468,0.08383,0.18197,0.17577,0.17225,0.16643,0.16020885836554394,0.15377,0.14812,0.14291,0.13689786334705037,0.1313,0.12645,0.12111,0.11698606230196616,0.11340776645890235
08-01-2026 10:00,26081.9,0.12612,0.11463,0.11541,0.09567,0.0905,0.09307,0.09216,0.08847233789597697,0.08683,0.08602756190945945,0.08485643285726621,0.08348,0.08295,0.08222,0.18152,0.17531,0.17055,0.16595,0.15977,0.15308,0.14762,0.1424,0.13637143626096188,0.13036,0.12591,0.12012,0.1156,0.1098
08-01-2026 10:05,26068.05,0.13746,0.12556,0.10291,0.1010208491798727,0.09975,0.09371,0.09100590757930967,0.08884,0.08768444726139421,0.08659,0.08564,0.08442,0.08374,0.08404017639049258,0.1829,0.17444,0.1704,0.16505,0.15844,0.15236,0.1465,0.14209,0.13589,0.13005,0.12496888302824508,0.11972,0.11452,0.10903
08-01-2026 10:10,26050.3,0.16582116928448443,0.13736,0.11243,0.11244,0.10510577997093226,0.10496,0.09910687424230001,0.09617,0.09397,0.09127,0.08964,0.08765,0.08618889448227823,0.08499,0.18178,0.1745,0.16974,0.1632709832306158,0.15727,0.15117,0.1453,0.1407,0.1342,0.1289,0.1237,0.11806,0.11296491652203179,0.10770722617152696
08-01-2026 10:15,26055.25,0.12383,0.13428,0.109,0.10141,0.0969,0.09307627500545768,0.08985593557995734,0.0878,0.08731,0.08648,0.08509,0.08406,0.08321,0.08450294728822881,0.18044,0.17472,0.17055,0.16423,0.15803,0.15249,0.14583,0.14138,0.135,0.12954,0.12443,0.11939,0.11427,0.1100527284432872
08-01-2026 10:20,26034.9,0.12022786328128575,0.11514,0.11445,0.10932,0.10163,0.10165,0.09571,0.09396,0.09295,0.091,0.08918,0.08756,0.08636368337988451,0.08519,0.17801,0.17343,0.16923,0.16312,0.15709,0.15112,0.14533,0.14027,0.13414,0.12859,0.1235,0.11824,0.11347,0.10802
08-01-2026 10:25,26034.15,0.12573673726670342,0.12074,0.11495,0.11028333846576549,0.10612923473431378,0.10266965314468608,0.09973,0.09619,0.09422,0.09199564578573648,0.09026,0.08852,0.08737,0.0868709318918185,0.17913,0.174258558545285,0.1689053567878383,0.1633,0.15706,0.15089,0.1455293065449515,0.14023,0.13396,0.1288,0.1233697553682675,0.11819,0.11353423057416114,0.10924748952789454
08-01-2026 10:30,26034.2,0.13043,0.12296,0.11721,0.11248,0.10654,0.10325,0.0989,0.09655,0.09430888180795988,0.09269,0.09096,0.08901,0.08798519041766849,0.08694691632457066,0.17903700633441735,0.17341,0.16899583383380934,0.16481,0.15625,0.15166,0.14584731032446815,0.14017063313927963,0.1344,0.12945,0.12358,0.11841,0.11343,0.10783
08-01-2026 10:35,26040.5,0.11556,0.1184,0.10955,0.10308,0.09929,0.09834,0.09467537327946181,0.0917,0.0908,0.08918,0.08801,0.08686023805876567,0.08555,0.08563214538986502,0.1804,0.17383,0.16970558913423275,0.16525,0.15833090944483746,0.15173,0.14627,0.14086,0.13472,0.12929,0.12429,0.119,0.11438,0.10882
08-01-2026 10:40,26027.15,0.12731,0.12778,0.11939,0.11407104874258184,0.10746,0.10523,0.09862,0.09634180091980353,0.09385,0.09162863705875335,0.09018,0.08855008464783153,0.08723759146016816,0.08618,0.17956,0.17298,0.16772151726811005,0.162,0.15683,0.1507856499214103,0.14466,0.13962,0.13434,0.12845,0.12352,0.11748,0.11285907288590337,0.10803
08-01-2026 10:45,26033.1,0.12750035142995242,0.12138185768085252,0.11577,0.10722,0.10374111362795335,0.10168,0.09616,0.09329,0.09228,0.0904,0.08908,0.08753,0.0878135503849619,0.08800758444693665,0.17855,0.17382387964441978,0.16848,0.1635,0.1571348742907224,0.15125,0.14402,0.1402,0.13407,0.12838,0.12398,0.11885,0.11398,0.10838
08-01-2026 10:50,26029.85,0.11819,0.12603,0.10632,0.10501530858195822,0.09795,0.09934,0.09511283694705346,0.09317,0.09208,0.09061041851622485,0.08927,0.08758,0.08634,0.08672228462607785,0.17836,0.17331890921054022,0.16804,0.16287,0.15642,0.15122,0.1454,0.14014,0.13441,0.1293,0.12408,0.11841,0.11399,0.10857
08-01-2026 10:55,26018.95,0.12741,0.13303,0.11809566345946912,0.10692,0.10452460261236177,0.10154,0.09625,0.09308,0.09332,0.09144,0.08964,0.08828,0.08684,0.08605,0.17825,0.1725,0.16731361692075614,0.16215,0.1557,0.15049,0.14465,0.13969,0.13433,0.12865200844484273,0.12321890352296715,0.11767,0.1138,0.10914955488201897
08-01-2026 11:00,26016.4,0.12889,0.11864,0.10849,0.11085,0.1006,0.10269,0.09771,0.0946,0.09377,0.09163,0.0901208934306996,0.08867,0.08761,0.0872263063004422,0.17915034826650178,0.17346551670161406,0.16772387771226446,0.16178,0.15696,0.15065198002376357,0.14414,0.13982,0.13426244497857637,0.12894,0.1245,0.11922,0.11477131059806879,0.11037448010704022
08-01-2026 11:05,26011.95,0.13223,0.12934,0.11955380455139492,0.11196,0.10841,0.1012,0.09888,0.09649,0.09405877121090525,0.09243,0.09089691209995367,0.089525152808653,0.08817,0.08698,0.18174468055499077,0.1758,0.16808,0.16128,0.15551305254679434,0.15004,0.14465063860518818,0.13952,0.13506,0.12899,0.12417854446214188,0.11898,0.11392,0.1088
08-01-2026 11:10,26009.35,0.15364636567127765,0.13098,0.11365,0.10859,0.10288043263698093,0.10029,0.09856,0.09508433556529972,0.09308531381276614,0.09127,0.08993,0.08862,0.0876,0.08655,0.17986,0.17346,0.16718092980832044,0.16112,0.1555922657512932,0.14987,0.1450417174649278,0.14024,0.13517261985403156,0.13022421311169194,0.12544,0.11999,0.11509,0.10994
08-01-2026 11:15,26005.55,0.14241070660564553,0.12268,0.1073,0.10588,0.10003,0.09851,0.09432,0.09407,0.09316,0.09112,0.09024369820803464,0.08896,0.08812833128170264,0.08703,0.18067,0.17517,0.171,0.16464434858927965,0.15873582752822515,0.15248,0.14687,0.14114,0.13579,0.13133,0.12617,0.12108252051027958,0.11597,0.11087
08-01-2026 11:20,25984.4,0.14374,0.13566,0.11071,0.10416,0.09902,0.0958571266963077,0.09553,0.09345,0.09251,0.0916,0.09065,0.08947,0.09062361507723563,0.09022414484230695,0.17931,0.17519,0.17042,0.16514,0.1596,0.15426008619454812,0.14908,0.14263,0.13824,0.13264,0.12703,0.12199,0.11699,0.11194
08-01-2026 11:25,25968.0,0.13393,0.14451,0.12659842573270227,0.11621,0.10783,0.10532,0.10246,0.09972,0.09817,0.09555,0.0941322696653951,0.09258,0.0912,0.09028,0.17886020740717434,0.17343,0.16954,0.1644,0.15998,0.15381836339826171,0.1479427123043919,0.14131,0.13656,0.13086352125519002,0.12547,0.12017,0.11526,0.10994
08-01-2026 11:30,25968.05,0.16904630435507517,0.14451,0.1289897819904996,0.11845306556669222,0.10996,0.10584,0.10141548450032781,0.09904,0.09660372799356723,0.094999559898123,0.09381,0.0924,0.09118,0.09058,0.18023889570474108,0.17458,0.17075,0.16508683696736823,0.1592549227748622,0.15315,0.14693,0.1421,0.13492,0.13068,0.12595,0.12068,0.11592,0.11084
08-01-2026 11:35,25971.65,0.1293715550999848,0.12527831420933733,0.12047,0.11888,0.11249,0.10861,0.10423,0.10083,0.09857,0.09641,0.09465,0.09281,0.09139,0.09102274909706869,0.1806379085633365,0.17483,0.17042,0.1642558992184055,0.15823,0.15199,0.14646699279982822,0.14083760956929725,0.13508,0.13001026727969686,0.12493,0.11965206496808695,0.11426,0.10886
08-01-2026 11:40,25983.85,0.13538,0.11016,0.11307,0.10963,0.10399134672031489,0.10171,0.09883057757352594,0.09626,0.09523,0.09304,0.09174,0.0905,0.08937,0.08904,0.17934,0.17566,0.17105,0.16528668137651442,0.1593527879881522,0.15302,0.14724728784913954,0.1413,0.13551,0.13019,0.12571,0.12025176278119014,0.11521,0.10985
08-01-2026 11:45,25973.8,0.12243,0.12497,0.10904,0.10931671250732605,0.10746,0.10034,0.09668,0.09564367709701894,0.0941,0.09232570442924456,0.09124,0.09009,0.08932,0.08911,0.1787,0.17567,0.17019,0.16335,0.1583649120907904,0.15249,0.14695,0.14125,0.13574,0.1303,0.12569,0.12043,0.11571,0.11036
08-01-2026 11:50,25958.25,0.13347,0.12051,0.1206,0.11501,0.10958,0.10569981928875913,0.10239516853337567,0.09931,0.09775,0.09542,0.0938,0.09237,0.09104,0.08950088392545598,0.18057587431447078,0.17465,0.16935,0.16471,0.15803,0.1514,0.14585,0.14052,0.13471,0.12923,0.12457,0.11926,0.11463,0.1092
08-01-2026 11:55,25958.05,0.12189,0.11063,0.10752899823508794,0.10429,0.10020317793348259,0.09719,0.09528627345874792,0.09325,0.09271,0.09138,0.09045,0.08941,0.08854,0.08892,0.18039,0.17443,0.17054,0.16471,0.15872565649231413,0.15281,0.14684,0.14193,0.13633,0.13118585334206,0.12657,0.12119,0.11693,0.11311481392663024
08-01-2026 12:00,25936.15,0.12217,0.11547,0.10832,0.1056647265128654,0.10256,0.10034,0.09708,0.09569,0.09503,0.09382,0.0926,0.09200593389040432,0.09081,0.09107,0.18079,0.17552,0.17076,0.16496,0.156,0.15065,0.14638,0.1415363610204408,0.13743,0.13203189568994492,0.12748,0.12229,0.11757602076127908,0.1128
08-01-2026 12:05,25896.7,0.1448,0.13625158506791651,0.12976,0.1243,0.11772,0.11319,0.10954499643166303,0.10661798460362343,0.10487,0.10247,0.10057,0.09884,0.09756592521417501,0.09686,0.1799,0.17523,0.1702056302360832,0.16499,0.15669638485198192,0.14801,0.14378,0.13862501350674297,0.13335,0.12858,0.12484,0.11972867462909531,0.11452,0.10966
08-01-2026 12:10,25920.3,0.1311,0.12721,0.12316,0.11872,0.11304,0.10923,0.10565,0.10319,0.10149,0.09916,0.09766,0.09594,0.0951,0.09445,0.18108,0.17569,0.17034895156455832,0.16472,0.1588,0.15031,0.14623180420612586,0.14123,0.13549,0.1291,0.12563,0.12046,0.11531,0.10996
08-01-2026 12:15,25935.5,0.12798317947274826,0.12281,0.11745803537946502,0.11256368217062651,0.10827,0.10475543580064826,0.10135,0.09952,0.09774,0.09636,0.09485,0.09395,0.09295,0.09262,0.18318,0.17791,0.17292,0.16664572833817945,0.16035,0.1549,0.1491879534830446,0.14401,0.13794,0.13165,0.12804,0.1227,0.11781,0.11288
08-01-2026 12:20,25923.15,0.13462,0.12982,0.1211,0.11657,0.11259,0.10757,0.10456215163257102,0.10183,0.09983,0.09796,0.09661,0.09531907282968415,0.09427,0.09404,0.18674,0.17896,0.17478,0.16847,0.16299,0.15402,0.15118,0.1452,0.13893,0.13283,0.12828855003719697,0.1236,0.11875,0.11375
08-01-2026 12:25,25934.95,0.12705,0.12349,0.11508,0.11706,0.11002,0.10723103119405765,0.10373,0.1013,0.09936144420310979,0.09751,0.09629,0.09469,0.09344,0.09341,0.18718,0.17979,0.17429,0.16874817281939808,0.16228,0.15913,0.15121919078644933,0.1449,0.13854,0.13267,0.12842,0.12282072065015512,0.11803,0.11335
08-01-2026 12:30,25935.9,0.12309,0.12295,0.11958,0.10904,0.10503,0.10269052754370839,0.09853,0.09758,0.09592533281740555,0.09479,0.09357,0.09246,0.09168,0.09175,0.1855,0.17987,0.17521,0.17092,0.16403236967000842,0.15796439107707688,0.15083,0.14631,0.14015,0.13405,0.13004,0.12477,0.11989,0.11644406603965723
08-01-2026 12:35,25914.7,0.13927,0.13463,0.12738306136336447,0.1209621563429451,0.11617,0.11019,0.10726681492730952,0.10462,0.10226,0.09968562661398955,0.09780775337585643,0.09653,0.09498,0.09504,0.18467,0.18126,0.17357,0.16729,0.16143,0.15625,0.1514,0.14427,0.1375,0.13174,0.12674685328687568,0.12192,0.11679101704437388,0.11202
08-01-2026 12:40,25920.75,0.1397836578108272,0.13148,0.12465,0.11739,0.11421,0.11052,0.10652,0.10369,0.10113581400677024,0.09919,0.09712,0.0957,0.09428,0.0943,0.18451,0.1783,0.17334,0.16773791663897414,0.1613,0.15799,0.15041097611612098,0.1443,0.13768,0.1313,0.12661077853460437,0.12209,0.11676859179203469,0.11197
08-01-2026 12:45,25921.8,0.13509,0.12540993119786387,0.11644,0.11302,0.10968,0.10613,0.10360197122555084,0.10173,0.09984,0.09802,0.09656608426898738,0.09522366318490234,0.09385,0.09401,0.18459,0.1782,0.17427,0.16751,0.16183,0.15808,0.15094735749238591,0.14505,0.13899335405719193,0.13223,0.12851,0.12311,0.11787305557309702,0.11301
08-01-2026 12:50,25913.2,0.1312,0.13546,0.11517,0.12057,0.11369265395101597,0.11085,0.1067,0.10438,0.10171,0.09974,0.09825,0.09677616375484502,0.09577275682889759,0.09513,0.1833887066330458,0.17763,0.17466,0.16692,0.16249,0.15695,0.15086,0.14408,0.13762,0.13137,0.12726,0.1216260457485874,0.11699,0.11152
08-01-2026 12:55,25910.65,0.1328,0.13677,0.11648,0.11758,0.11238,0.10766,0.10469,0.10295,0.1008,0.09896329583221565,0.09733,0.09612,0.09476,0.0946,0.18504,0.17875,0.17514,0.16873,0.1627190387416488,0.15641939758260381,0.15002151960287413,0.14379,0.13734,0.13127,0.12722,0.12162,0.11703,0.1113
08-01-2026 13:00,25905.65,0.13583,0.13928,0.12865570997128462,0.12451,0.11087,0.11208,0.10840806010603211,0.10712,0.10472,0.10241,0.10025,0.09844,0.09673,0.09617,0.1849,0.17824,0.17416,0.16839,0.16237939458751982,0.15642,0.14973,0.14363480604100248,0.13752511863753789,0.13182677416961755,0.1265,0.12156,0.11788819727230238,0.11513388910615818
08-01-2026 13:05,25924.95,0.12353,0.12931,0.12087,0.11706,0.10851,0.10772045827585286,0.1042185163989269,0.10217,0.09998630349587337,0.09821533479254872,0.09639962139128858,0.09480217360522598,0.09364,0.09321,0.18524213853256474,0.17959,0.17537,0.16857,0.16325,0.15786,0.15166,0.14501,0.1388300861062215,0.13215,0.12785,0.12213,0.11736,0.11212
08-01-2026 13:10,25922.25,0.13656,0.12639,0.12184408320476335,0.11962,0.10956,0.10842557922741469,0.10538148106495462,0.10381,0.10093,0.09903428424140381,0.09719825071846022,0.09566,0.09417,0.0937,0.18665,0.17942,0.17404,0.16816153889027222,0.1625,0.15598,0.14979,0.14416,0.13714,0.13092,0.12699,0.12106586894786825,0.11611,0.11058
08-01-2026 13:15,25921.8,0.13686,0.12666,0.12001,0.11462,0.10975,0.10641,0.10299,0.10073276766564115,0.09863,0.09725,0.09579,0.09451538300854856,0.09295,0.09277,0.18663,0.1794,0.17502,0.17019,0.16319,0.1575919818385923,0.15262,0.1448,0.13804,0.13155,0.12777,0.1221,0.11667736542765118,0.11163
08-01-2026 13:20,25914.55,0.14112,0.1302717580367862,0.12219770915112885,0.11617,0.10916,0.10646,0.10447,0.1013,0.09915,0.09761,0.09595135248434862,0.09483,0.09341,0.09347,0.18476845379836773,0.17892,0.17415416241882137,0.16863,0.16309,0.157,0.1507809931900297,0.14458,0.138,0.13155,0.12751,0.12179,0.11664504832213941,0.11148
08-01-2026 13:25,25911.75,0.14273,0.11662,0.10960814845172803,0.1048766764585219,0.10431,0.10172,0.09957,0.09775577540658663,0.09627075760879159,0.09505129021791656,0.09439,0.09305,0.09214,0.09239,0.18654,0.178,0.17609,0.17066,0.16372,0.15681,0.15234,0.14556,0.13938740028515442,0.13278,0.12901,0.12314592296522124,0.11871,0.1133
08-01-2026 13:30,25888.65,0.15494,0.12545,0.12737,0.12153,0.11389555266723839,0.11053234027384552,0.10803,0.1054,0.10268,0.10064851087661672,0.09919,0.09714,0.0957,0.09696654528650872,0.18496,0.17858,0.17384,0.1659,0.16123,0.15459075284693546,0.1483443138851663,0.1423,0.1359,0.12941,0.12539,0.11989,0.11478,0.10939
08-01-2026 13:35,25907.5,0.13114,0.11468,0.11856,0.11656,0.10942,0.10737,0.10467,0.10234,0.09968,0.09784,0.09675,0.09513,0.09392,0.09367,0.18702,0.17624,0.17407,0.16726,0.16178,0.15753,0.149,0.14287,0.13679370551693995,0.13092875610700191,0.12570456376947703,0.12061058433155226,0.11563,0.11024
08-01-2026 13:40,25901.95,0.132,0.12588297645115998,0.12127,0.1177,0.1127834286482173,0.10906718387284546,0.10502,0.10332,0.10076151653825172,0.09908,0.09728192889159401,0.0958192305570097,0.09445,0.0942,0.18665,0.17587,0.17385,0.1668589728469055,0.16153,0.1547,0.14847,0.14279,0.13615,0.13003,0.12475621769880492,0.11959030862161775,0.11509,0.10991
08-01-2026 13:45,25914.15,0.12419,0.11049,0.12285,0.11764,0.11379513125286081,0.11047512101854336,0.10554,0.1032,0.10095,0.09865,0.09752,0.09555,0.09387,0.09366,0.18446,0.17653,0.17324,0.16776,0.161,0.15561,0.14841,0.14238,0.13639199407976554,0.1305318885896438,0.12515,0.11953,0.11462,0.11063740412300335
08-01-2026 13:50,25911.55,0.12595,0.12756,0.12328,0.11803910708240593,0.11156,0.1097,0.10648,0.1038,0.10147,0.09906,0.09742,0.0955,0.09384,0.09357,0.1843,0.17656,0.17239,0.16713,0.16083,0.15543,0.1476,0.14185,0.13571162535558243,0.12901,0.12495,0.11895,0.11414,0.10917
08-01-2026 13:55,25926.6,0.1320580640714569,0.12702,0.11579,0.11513,0.11104,0.1065142117723182,0.10242,0.10115,0.09911,0.09696,0.09542,0.0937,0.09229,0.09191,0.18372,0.1776,0.17346,0.16678,0.16137692700017778,0.15655,0.14783,0.14195,0.13595332295324772,0.12932,0.12499,0.11922,0.1140866412813344,0.10919
08-01-2026 14:00,25936.35,0.107,0.11072809494966199,0.11063362964220066,0.11052,0.10497,0.10471,0.10075,0.09801246413901156,0.0959712166045539,0.0943645313623025,0.0931966794417995,0.09206351745565534,0.09121,0.09073,0.18560210863665955,0.1796638930077494,0.17364,0.16748,0.16161,0.15728,0.14829,0.14293,0.13609,0.13009,0.12561,0.12019,0.11524,0.11019
08-01-2026 14:05,25930.35,0.11223,0.11391433193923227,0.11388,0.10824,0.10288,0.10302,0.09939,0.09783,0.09626024153384843,0.0946,0.0932660228531208,0.0918576787080165,0.0905,0.09007762719911992,0.18401,0.178686821407576,0.17306,0.16707,0.16149,0.15425,0.14839,0.14222857601614228,0.13619,0.12993,0.12574,0.11978,0.11547,0.11007
08-01-2026 14:10,25918.0,0.12634703435249822,0.12371362602873356,0.11963,0.11897,0.11452,0.1102102764976593,0.10544,0.10303,0.10038,0.09775,0.09634,0.09436,0.09285,0.09241,0.18193,0.17706,0.17256,0.16621,0.16062,0.15337,0.14749,0.14216,0.13536,0.12937,0.12417619863841556,0.11915,0.11394967864421461,0.10909
08-01-2026 14:15,25928.1,0.1257183256797369,0.12166,0.11446,0.12067,0.11367338321825919,0.10934,0.10438,0.10159,0.09926,0.09672913436137356,0.09504,0.09328,0.09211708599470732,0.09133,0.1836459686284341,0.17777,0.17223,0.16661,0.16037633109332775,0.15407797648672125,0.14746,0.14187,0.13505,0.12877,0.12401,0.11844,0.11314009106984074,0.10785
08-01-2026 14:20,25935.4,0.13496,0.11721,0.12441,0.11023,0.1087,0.10351869755269236,0.09895,0.09649,0.09506,0.0934,0.09194,0.09027,0.08976431990560604,0.08901,0.18095,0.17527,0.17148,0.16355,0.15991,0.15465,0.14708,0.14127531434721072,0.13472,0.12884,0.12416,0.11825,0.11336440922897713,0.10851
08-01-2026 14:25,25922.75,0.132894842643106,0.12481,0.13045,0.10787,0.10717841161759105,0.10105,0.09948,0.09662874929109888,0.09505465331465247,0.094,0.09245,0.09096,0.08972,0.08928,0.18314,0.17546,0.17224,0.16527,0.1604,0.15514,0.14826,0.14255,0.13602061391799228,0.12967,0.12450357890717131,0.11942,0.11485,0.10948
08-01-2026 14:30,25906.05,0.13827,0.13385,0.1379,0.12758,0.12218,0.11544,0.11051,0.10707,0.10419,0.10081,0.09795382495681094,0.09595,0.0950394290216254,0.0942167603934228,0.18033,0.17553,0.17091,0.16411,0.15937,0.15227,0.14627,0.14010317558187005,0.13373,0.12739,0.12271,0.11712,0.11207,0.10621
08-01-2026 14:35,25930.65,0.12256,0.12021,0.12677,0.11586,0.11047,0.10851,0.10262,0.09925,0.09721,0.09491064234892627,0.0933,0.09138,0.08976,0.08937,0.18112,0.17722,0.1712,0.16569,0.16007068010203077,0.15463,0.14743,0.14175,0.13484,0.12871,0.12326224019938763,0.11845,0.11364,0.110906425201661
08-01-2026 14:40,25928.05,0.12441,0.12028612759597852,0.11660869982715176,0.11255234868057037,0.10867,0.10578,0.10106,0.09931,0.09753,0.09475,0.09302865462055272,0.09141798379828073,0.09002,0.08972,0.18119,0.17706,0.17122,0.16552,0.15954530520016696,0.15346,0.14686,0.14132,0.13489782537624484,0.12841,0.12388,0.11793,0.11289607723741477,0.10801
08-01-2026 14:45,25926.4,0.12557,0.12244071811532828,0.11923,0.11485,0.11037,0.10612197505930374,0.10178,0.09907,0.09678,0.09467,0.09333,0.09151,0.09017,0.0897,0.18282,0.17696,0.17033121545799274,0.16335,0.15887,0.15278,0.14648,0.14097,0.13398,0.12859122111160035,0.12295,0.11748,0.11224731767481137,0.10713
08-01-2026 14:50,25932.65,0.12118,0.11905,0.11331320698903555,0.10814863679776933,0.10319,0.09904,0.09626,0.09518,0.09314867141351892,0.09175,0.09044929819254786,0.08918,0.08805,0.08799,0.18086,0.17476,0.17156,0.1654265049520287,0.15964,0.153602180537353,0.14722,0.14169,0.13492,0.12848,0.12409,0.11849,0.11391,0.11081157581315859
08-01-2026 14:55,25918.9,0.13056,0.12709,0.11701,0.11014,0.1061,0.10315,0.09977,0.09765,0.09557,0.09352,0.09229,0.09086080260542233,0.08947,0.08904,0.18171,0.17384,0.17044,0.16591,0.15867,0.15269,0.14649,0.14055,0.13422,0.12784,0.12326,0.1172,0.11302,0.10728
08-01-2026 15:00,25894.05,0.1466766507829261,0.11947,0.10472,0.10119,0.09676055065403404,0.09482063296196012,0.09391,0.09234,0.09109,0.08992,0.0891,0.08880669676982904,0.08833058405874494,0.08774,0.18089,0.17457523755652338,0.16868040002213275,0.16234,0.15753,0.15062,0.14532,0.13894,0.1332,0.12671,0.12274,0.11740872361133958,0.11307,0.10927408310722439
08-01-2026 15:05,25867.85,0.13369,0.12731,0.12359,0.11508,0.10997,0.10648,0.10299,0.10031,0.09767736779620989,0.09533527402988182,0.09428924276493085,0.09338,0.09204,0.09182,0.177,0.17062,0.16675,0.16034,0.15396,0.14916,0.14261302060095166,0.13662,0.13044,0.12476,0.11957639473438171,0.11456248680547147,0.11008,0.10543
08-01-2026 15:10,25878.85,0.12899,0.12152,0.115,0.11272,0.10769,0.10413038957200164,0.1008,0.09855,0.09645,0.09392928473873428,0.09346,0.09225301112899104,0.09113,0.09010746607456896,0.17776,0.1722,0.16691046591823497,0.1613,0.15522271767397405,0.14926,0.14305,0.13722,0.13129088464705982,0.12524,0.12102,0.11568,0.11072,0.10685980444580583
08-01-2026 15:15,25875.3,0.13029,0.11994,0.11446,0.10960173107882103,0.1063,0.10282,0.10033,0.09768,0.0959,0.09330629399583812,0.09259,0.09148,0.09008,0.09017,0.17687,0.17032,0.16729,0.16056,0.15484,0.14784,0.14306,0.13708,0.13093,0.12467,0.1200176699043843,0.11562,0.11074,0.1076217111979102
08-01-2026 15:20,25877.45,0.13005,0.12392,0.1134,0.10786,0.1038524205491124,0.10106,0.09813,0.09608,0.09453,0.09294867395028435,0.09119,0.09032,0.08984705450698756,0.08921628109453163,0.17703,0.17111,0.16730827091086717,0.16272,0.15578,0.14932,0.14283,0.13694556748837527,0.13088,0.12505,0.12030504073306666,0.11589,0.11089326264437666,0.10639
08-01-2026 15:25,25872.2,0.12803,0.11592,0.11061,0.10494,0.10007,0.09872,0.09556094524978895,0.09347,0.0934,0.09347498490756846,0.09086,0.0897,0.0883,0.08906,0.18067710099232742,0.17433,0.16747,0.15963153845388936,0.15205,0.14891875277976588,0.14626,0.13817,0.1321920853226632,0.12504,0.12242,0.11678,0.11259,0.10781406625371952
09-01-2026 09:15,25899.85,0.14298,0.12727,0.12115388775316682,0.11596853286669975,0.11599,0.11149,0.10542106804253028,0.10327,0.10051,0.09754,0.09616,0.09327487223553496,0.09254,0.09258,0.17626,0.17371,0.1685,0.16185,0.15604,0.15102,0.1451860933272409,0.13935,0.13353,0.12681,0.12252,0.11718,0.11132339785718452,0.10734
09-01-2026 09:20,25916.2,0.13305,0.11207456606298805,0.09457,0.09091,0.08856,0.08824,0.08706,0.08685,0.08565,0.08505,0.08477,0.08448,0.084,0.08518,0.17816,0.17484,0.16986,0.16410484112201598,0.15815660131512976,0.15175,0.14643,0.14073,0.13492,0.12918,0.12430313844765925,0.11994,0.11493478890667913,0.11126
09-01-2026 09:25,25858.55,0.13567,0.12722,0.1182952534578075,0.11184,0.10806,0.10555,0.10028,0.0978,0.096,0.09347408905686311,0.09284,0.09082,0.08988,0.09067,0.1768,0.17023,0.16645,0.16033489758870997,0.1546,0.14865,0.14395,0.137,0.13104,0.12573,0.12155,0.1165,0.11176037570793024,0.10728
09-01-2026 09:30,25855.3,0.11631,0.11509645922665052,0.1119861518935035,0.10938,0.10492,0.10179,0.09982,0.09624,0.09472,0.09297590280362127,0.09208,0.09097,0.09050083405755198,0.09032,0.17635,0.17114,0.16663,0.15894,0.15504,0.14865284397780515,0.14304,0.13720074659843276,0.13164952680705708,0.12588,0.12172,0.1166,0.1125,0.10776
09-01-2026 09:35,25832.05,0.13099,0.1306,0.12762,0.1166,0.11021,0.10683,0.10345,0.10058,0.0979620159963543,0.09572,0.09443059890310133,0.09351,0.09197,0.09299,0.17503,0.16911,0.1652,0.15805,0.15336,0.14717,0.14198,0.13561,0.12998,0.12431,0.11952697359765538,0.11504,0.1104,0.10589
09-01-2026 09:40,25822.35,0.14028,0.15544,0.14081,0.13998381036629268,0.13289442023809847,0.12614898064250551,0.11972,0.11424652899603016,0.10968,0.1066,0.10381,0.10112,0.09868,0.09897,0.17414,0.16845,0.16395,0.15682,0.15185,0.14647,0.14004,0.13288,0.12687,0.12082,0.11665,0.11089,0.10643,0.10141
09-01-2026 09:45,25853.6,0.12218,0.14562,0.14179,0.12956,0.12677933683732273,0.11759,0.11166,0.10813660112451473,0.10425,0.10106,0.09868,0.09701,0.09465,0.0947,0.1758,0.16972,0.16498695867522792,0.1598,0.15345,0.14739591481101602,0.14122691902607246,0.135,0.12908,0.12369790891244097,0.11879,0.11337273499556536,0.1084,0.10386
09-01-2026 09:50,25857.2,0.14752,0.13814022272515472,0.1292,0.12532,0.11868714188984711,0.11474,0.10985,0.10596,0.10269349799173919,0.09984384877533783,0.09786,0.09569,0.09467882075009115,0.0942,0.17726,0.16998,0.16583,0.1597852377509012,0.15389,0.14876,0.14215088530963038,0.13581,0.1303266511140981,0.12468358742562569,0.11946,0.11445883584351584,0.10996,0.10532
09-01-2026 09:55,25884.0,0.13654464596883037,0.13078,0.12877,0.1207,0.11479,0.11041,0.10683,0.10269,0.09982,0.09704,0.09541,0.09358,0.09172,0.09189,0.17758321372076097,0.17206,0.16751,0.16047,0.1539,0.15059,0.14326,0.13759,0.13157,0.12543,0.12009846286202236,0.1150538215944922,0.11070830965081474,0.10705
09-01-2026 10:00,25894.2,0.12583,0.11041,0.10847,0.10555495929608583,0.10376,0.10087,0.09838,0.09637,0.09421,0.09285612910691646,0.09171,0.0903,0.08883,0.08974,0.18005,0.17232,0.16905,0.16199807464959257,0.15589,0.14997579804997713,0.14373,0.13851,0.13249,0.12646,0.12252,0.11687,0.11256,0.10854041195226759
09-01-2026 10:05,25862.35,0.14485,0.12893,0.13607,0.12919,0.12039129361177131,0.11323,0.1088,0.10481,0.1016,0.09848219530328682,0.09707,0.0948,0.09299,0.09339,0.17742,0.17239,0.16723,0.15954,0.15396,0.14826,0.14211,0.13623194422154492,0.1305,0.12458,0.11963250522847296,0.11443,0.11017,0.10536
09-01-2026 10:10,25871.6,0.13977,0.1223,0.1204,0.10981,0.1064,0.10257,0.09915,0.09632,0.09445,0.0929,0.09191,0.09129564010501903,0.09057615898661442,0.08995,0.17901,0.17304,0.16769,0.1604,0.1555,0.14941,0.1432102811553845,0.1376,0.13158,0.12554,0.12159,0.11609,0.11181,0.10716
09-01-2026 10:15,25866.2,0.13361,0.12299,0.11845,0.1129,0.10831106121007823,0.10452,0.10083,0.09703,0.09536,0.09384,0.09211663209647412,0.09118561966572178,0.09015,0.09082,0.17772,0.17268,0.16713,0.16003,0.15512,0.14903,0.14257,0.13707,0.13106,0.12554,0.12071,0.11517,0.11127,0.10745896255373784
09-01-2026 10:20,25855.2,0.14444813768361753,0.13817,0.13246,0.12533,0.11987,0.1127111955794459,0.10634,0.10197,0.09926,0.09696,0.09535,0.09359,0.09239,0.09265,0.17907,0.17338547368874346,0.16733363341691188,0.16128,0.15434,0.14824,0.14161,0.13586,0.12998,0.12342,0.11918,0.11401,0.10936,0.10442
09-01-2026 10:25,25858.65,0.15299,0.14164,0.13545,0.128,0.12019406267446427,0.11408,0.10968,0.10496,0.10207,0.09932,0.09676023494000235,0.09509,0.09331,0.09250427357176667,0.17933,0.1743,0.1678,0.16154,0.15512310588509806,0.14896,0.1416,0.13626,0.13014,0.12433,0.11992,0.11431,0.10960900059209103,0.10487
09-01-2026 10:30,25876.25,0.14372,0.12319,0.12244,0.10581,0.10194,0.09806,0.09564,0.09339,0.09181,0.09045,0.08954,0.08862,0.0876,0.08862,0.18055,0.17554,0.16925,0.16352,0.15555,0.150161537464548,0.14434,0.13813,0.13222,0.12616,0.12175,0.11667265733855428,0.11267,0.10792
09-01-2026 10:35,25856.25,0.13386,0.12186,0.11509,0.11409,0.11083,0.10442,0.10153,0.09794,0.09652,0.09387,0.0931,0.09143669250151429,0.09015,0.09111,0.17919,0.17291,0.16785,0.16049,0.15512,0.14891022744984642,0.14313,0.13699,0.13113,0.12489,0.1200813062820318,0.11514,0.11095,0.10594
09-01-2026 10:40,25848.5,0.13828,0.13072,0.12174,0.11608601193331981,0.11156,0.10677,0.10343,0.09947,0.09725930922521725,0.09535243168400043,0.09413,0.09245,0.09204902371089245,0.091722013273258,0.177,0.17175,0.1663737370948454,0.1605,0.15457,0.14841,0.14173,0.13616,0.13031,0.12477162627525586,0.11965,0.11418,0.1095652487903225,0.10499
09-01-2026 10:45,25856.0,0.1336357030994944,0.12691,0.11984030424229504,0.1136611342235858,0.10894,0.10426,0.10107,0.09729,0.09535,0.09318,0.09212,0.09070906229623993,0.08965,0.09047,0.17921,0.17163,0.16709,0.16105,0.15497,0.14836,0.1424868155903626,0.13662,0.13056,0.12437,0.11984,0.11436,0.10966280003713974,0.10507
09-01-2026 10:50,25857.85,0.12575,0.12071,0.10942,0.1029,0.10115,0.09755,0.0951292248934045,0.09297733047122063,0.091376914602422,0.08997,0.08915,0.08859,0.09098763646194301,0.09268696144613965,0.17913,0.172,0.16724,0.16089742781061364,0.15511,0.14851,0.14315,0.13715,0.1306,0.12494,0.12071,0.11531,0.11159,0.10663
09-01-2026 10:55,25829.65,0.12173,0.13509,0.1134,0.11215,0.10597,0.10186,0.09907,0.0963,0.09507,0.09307,0.0924,0.09123442161495646,0.09028,0.09146,0.17615349508961994,0.17006,0.16565,0.15919,0.15275,0.14645,0.14105,0.13537,0.12942,0.12422044353006415,0.11907,0.11436380959556772,0.11001,0.10509
09-01-2026 11:00,25812.95,0.19077686489765838,0.14272,0.11773,0.11095,0.10633,0.09980528823842894,0.09751737724979188,0.09664,0.09499,0.09329,0.09252,0.09146,0.0908,0.09218,0.17375,0.16891,0.1641,0.15801,0.15038,0.14383,0.13952,0.13385,0.12801,0.12206,0.11785,0.11268755820879107,0.10810835882213214,0.10372
09-01-2026 11:05,25810.2,0.13273,0.12528256953156447,0.11842,0.11327090513212357,0.10914,0.1047228608550034,0.10222,0.0984,0.09696,0.09459,0.09354,0.09227,0.09127,0.09265,0.1731,0.16874,0.16394578629467982,0.15782,0.1536,0.14333,0.13918134267464954,0.1334,0.12724,0.12214,0.11763,0.11213,0.10826,0.10535409096225591
09-01-2026 11:10,25819.45,0.12074564114066619,0.11504,0.11078,0.10609726869788959,0.10212,0.09707,0.09533071442515803,0.09292,0.09129,0.09002,0.08973,0.08945,0.08886,0.09057,0.17655,0.1703279505005164,0.16439,0.1585,0.15188,0.14781,0.14072,0.13474,0.12887,0.12343292554186668,0.11867,0.11354,0.10999,0.10659796632341736
09-01-2026 11:15,25805.3,0.12636,0.11857,0.1129,0.11045,0.10525,0.10166078629721526,0.09905,0.09601,0.09436,0.0927,0.0923,0.09144,0.09161781183228557,0.09233,0.17514,0.16843,0.16398,0.1575,0.1520048970120117,0.14676,0.14006,0.1339,0.12831359127015116,0.12245,0.11782,0.11268,0.10864,0.10376
09-01-2026 11:20,25797.5,0.13272603159691532,0.12365,0.1158,0.11010332245320734,0.10532,0.10169,0.09969,0.0968,0.09541,0.09379,0.09248,0.09198,0.09139,0.09279,0.17105,0.17038,0.16344,0.15695,0.15129,0.1454,0.13908,0.13307,0.12716,0.12153,0.11701,0.11186,0.10775,0.10286
09-01-2026 11:25,25799.65,0.13192,0.12292,0.11743,0.11411,0.10884856652487965,0.10561,0.10227,0.09918,0.0971,0.09498,0.09443,0.09333,0.09254,0.0939,0.17363,0.17055,0.16436,0.15712,0.15146,0.14637,0.13926,0.13349,0.1275207600091884,0.12162,0.11711,0.11184,0.10764,0.10442616846610558
09-01-2026 11:30,25809.4,0.12855,0.12103409561135585,0.11577,0.10497,0.10617,0.09831,0.09527,0.09358,0.09225,0.09053,0.09010029372516161,0.08988,0.08972,0.09155,0.17384,0.16829,0.16308652581016286,0.15750543651971158,0.15186,0.14628,0.14001,0.13424168784984794,0.12848983448311918,0.12291,0.11795,0.11290542180944292,0.10840838736327706,0.10429
09-01-2026 11:35,25776.0,0.12179853567091668,0.11705279022873383,0.1124,0.10842,0.1043,0.1009550222776099,0.09813603253618484,0.09582,0.09455,0.09282,0.09248,0.09187,0.09137,0.09325,0.17295,0.16871,0.16379,0.1577085747610835,0.15116,0.14588,0.13918,0.13343,0.12787195239998578,0.12214,0.11801,0.11312,0.10927,0.10467
09-01-2026 11:40,25764.3,0.12402,0.11815183267101463,0.11266,0.10838,0.10458,0.10002,0.09806502319715539,0.09603830992348655,0.0949,0.09302,0.09277,0.09217,0.09178,0.09368,0.17327,0.1679,0.1635,0.15682,0.15015,0.14304,0.13917,0.13286,0.12758513755173775,0.12246096647777774,0.11762,0.11281,0.10849114211330851,0.10434
09-01-2026 11:45,25759.6,0.1246,0.1174,0.11296,0.10788,0.10384,0.10107,0.09909,0.09677366564772746,0.09514616686691385,0.09381,0.09320633373327568,0.09289,0.0925,0.09245926418212166,0.17404,0.16779,0.16335,0.15714,0.15348,0.1448,0.13781,0.13273,0.1273,0.12195,0.11783,0.11298,0.10925,0.10483
09-01-2026 11:50,25748.85,0.11918786001800066,0.1156,0.11262999728035797,0.10934257843649128,0.10639,0.10327,0.10085,0.09828,0.09651520303781343,0.09501,0.09427,0.09372,0.09334,0.09368189957631712,0.17309,0.16704,0.16363,0.15588,0.15184,0.14262,0.13909,0.13266,0.12732,0.12158,0.11764,0.11272,0.10846121690702705,0.10442
09-01-2026 11:55,25747.75,0.12476,0.12003,0.11457059718875694,0.10947,0.10606372087618848,0.10313,0.10010822690759397,0.09761,0.09638,0.09487,0.09399,0.09359068710468804,0.09347,0.09537,0.17387,0.16928,0.1649,0.15866,0.15189372570224635,0.14512037741429634,0.13755,0.13277364747369322,0.12762,0.12219,0.11814,0.11340732666645412,0.10922,0.10487
09-01-2026 12:00,25743.15,0.13228,0.12221,0.11891,0.11635,0.11062996749806471,0.10741,0.1036928735308443,0.10049,0.09866,0.09675,0.09587,0.09495585113603633,0.09475,0.0964,0.174359288442204,0.16802,0.16358,0.15848,0.15158,0.14386,0.13827466815167563,0.13202,0.12579,0.12008,0.11546441962737285,0.11067,0.10671,0.10182
09-01-2026 12:05,25753.7,0.12165,0.12006,0.1133,0.10951700839039909,0.10417,0.10205,0.09949,0.09693,0.09545318202909382,0.09403,0.09353,0.09325,0.09313,0.09292774488662879,0.17411,0.16841,0.1647,0.15928,0.15238,0.14468,0.14064,0.13363,0.1277911478128583,0.12176,0.11758,0.11235,0.10889,0.10423
09-01-2026 12:10,25746.8,0.11672,0.11435,0.10901,0.10637309304502843,0.10277,0.10029,0.09794,0.09614449024236482,0.09496,0.09365,0.09328,0.09317534692489277,0.0935,0.09519,0.17406,0.1685,0.16421,0.15878,0.15226109806186863,0.14590478284600036,0.13886,0.13416,0.12796,0.12188,0.11816,0.11283,0.1091,0.10466
09-01-2026 12:15,25744.0,0.1284,0.11526,0.10820201543203803,0.1050834775893584,0.10388,0.10155,0.09921449628188579,0.0972299462685114,0.09568,0.09451,0.09445794401714526,0.09381236643701811,0.09325145655270228,0.092815951720614,0.17576331948391238,0.16926,0.16352,0.156984961233174,0.15042530157806097,0.14396131247216787,0.13744,0.13277,0.12678,0.12097,0.1169,0.11181,0.10814,0.1035
09-01-2026 12:20,25738.7,0.11805,0.11418,0.1091,0.10497,0.10187,0.09897,0.0973,0.09516,0.09412,0.09323,0.09295,0.0933,0.09377,0.09568,0.17311,0.16962,0.1628271922605516,0.15587,0.15058,0.14357,0.13789,0.13214,0.12587,0.12090730780185574,0.11604909661525852,0.1116,0.10737630333168949,0.10358
09-01-2026 12:25,25737.5,0.10941,0.10511,0.10629,0.09865,0.09742,0.09601,0.09433,0.09271,0.09196,0.0914,0.09129,0.09187,0.09267,0.0947,0.17366,0.16534,0.16391,0.1569,0.15063386370724433,0.14376,0.1384111365733536,0.13292,0.12694267787259753,0.12104,0.11744,0.11276,0.10856119320731163,0.10484
09-01-2026 12:30,25724.25,0.11536,0.11023,0.1069,0.10431,0.10061,0.09884,0.09649,0.09464,0.09402,0.09313,0.09304,0.09347,0.09462050881416786,0.09648,0.17069963341378155,0.16442,0.16377,0.15531,0.15051,0.14394,0.13810067903834708,0.13229,0.12577,0.12044,0.11671,0.11212903955261183,0.10843,0.10371
09-01-2026 12:35,25712.65,0.11323,0.10829,0.1045,0.10192,0.09951,0.09762520453450528,0.09626,0.09479,0.09436,0.09358,0.0939,0.09457,0.09593113107344403,0.0979,0.17528,0.16956,0.16529,0.15882981656825568,0.153,0.14635772152728918,0.13946,0.13458,0.12846,0.12398461636042607,0.11983,0.11541949788179356,0.11176,0.10717
09-01-2026 12:40,25689.45,0.11739,0.11336,0.10882,0.10546,0.10281,0.10124,0.0988130134301054,0.09745,0.0966,0.09585647607377451,0.09592,0.09656,0.0978,0.09994,0.1751,0.17006,0.16506,0.15850039200525406,0.15211,0.14599,0.13954,0.1342,0.12763,0.12249,0.11887,0.11394,0.11,0.10574
09-01-2026 12:45,25685.25,0.10932,0.10618551316384933,0.10217,0.1025,0.10058,0.09812,0.09715641772893212,0.09608933099266673,0.09544732545149812,0.09488,0.09577,0.09679,0.09830220948180299,0.10032,0.17535,0.17055239745214262,0.16505,0.15849423359962328,0.15196805020027304,0.14521,0.13911,0.13377,0.12754,0.12272,0.11887,0.11426,0.11071,0.10800462218033392
09-01-2026 12:50,25678.5,0.12829,0.12098356901591248,0.11553,0.11065043774580449,0.1072,0.10395,0.10167,0.09964,0.09878,0.09762,0.09772669012031204,0.09849,0.09949,0.10145,0.17802757607772257,0.17056,0.16233,0.15594978094718248,0.14938,0.14329,0.13477,0.13075,0.1244,0.11944,0.11544,0.11085,0.10704,0.10251
09-01-2026 12:55,25695.15,0.12027,0.11243,0.11052,0.10742,0.10413608915035924,0.10163579915558182,0.09972,0.09771,0.09703,0.09608,0.09627,0.0968,0.09761,0.09973,0.17501,0.17181,0.16434,0.1582218988825919,0.15145,0.14496,0.13844,0.13266049745120434,0.12703,0.12174,0.11717691283038495,0.11301,0.10916,0.10509
09-01-2026 13:00,25694.0,0.11646083269802654,0.11285,0.10979,0.10675,0.10404672990192952,0.10131,0.09951505373134262,0.09794,0.09704,0.09577,0.09623,0.09692,0.09800595833721576,0.09985,0.17567,0.17174,0.16532,0.15674,0.15137020459606146,0.14488,0.1389,0.1333,0.12729,0.12233,0.11798,0.11345583478453507,0.10973,0.10531
09-01-2026 13:05,25687.3,0.12321,0.11865,0.11451,0.10988,0.10627,0.10377,0.10167,0.09932,0.09788363713946562,0.09691,0.09726,0.09796,0.09889913180687881,0.10046500264586838,0.17521,0.17030182867132046,0.16483,0.15835154106995983,0.15176,0.14551699541059088,0.1391521750621734,0.13305,0.12682,0.12132306783894484,0.11616279017177349,0.11154151008946364,0.10773198638275767,0.10469
09-01-2026 13:10,25691.5,0.1221401851428897,0.11744,0.11545,0.10842,0.10596,0.10336,0.10088,0.09918179814206167,0.09821,0.09723772573680908,0.09704,0.09744,0.0985537719850052,0.10037,0.17552,0.16948,0.16395436594385482,0.15791790104258016,0.15197,0.14557047390438232,0.13936,0.13369,0.12693,0.12183,0.11751,0.11275,0.1095,0.1049
09-01-2026 13:15,25696.8,0.12103,0.11623717523360785,0.11193,0.10906,0.10638,0.10354671692723443,0.10144459644079479,0.0997687600501565,0.09865,0.09764108353222864,0.09730459764431232,0.09762,0.09831,0.10017,0.17556,0.16988,0.16483,0.15795729127938699,0.15176,0.14418,0.13893440617654976,0.13366,0.12696,0.12177,0.11768,0.11275,0.10853991243362082,0.10454
09-01-2026 13:20,25704.7,0.12019701977054395,0.11566,0.11049,0.10641,0.10364252464048661,0.10143,0.09899,0.09758,0.09689,0.09572,0.096,0.09672,0.09757,0.09942,0.17485,0.16771,0.16437,0.15801138601603137,0.15238,0.14601,0.13882,0.13355,0.1271,0.12201,0.11774,0.11275,0.108570996604823,0.10466
09-01-2026 13:25,25701.95,0.12224,0.11664516617905052,0.11251,0.10795,0.10579,0.10305,0.10117,0.09904,0.09799,0.09694,0.09681920691787144,0.09733,0.09843,0.10009,0.17541,0.16753,0.16479,0.15654,0.15179,0.14545,0.13938,0.13330927096432335,0.12732,0.12201,0.11797,0.11302,0.10946,0.10650601410340048
09-01-2026 13:30,25705.5,0.11593,0.10972,0.10335,0.10307,0.10018,0.09862,0.09718,0.09597637737579391,0.09555,0.09465,0.09496,0.09588,0.09721734289058147,0.09903,0.17569,0.17073,0.16537,0.15682,0.15272,0.14619738560485493,0.14043,0.13508,0.12859,0.12355,0.11929,0.11468035202326052,0.11129,0.10651
09-01-2026 13:35,25704.05,0.12743,0.12077883823842235,0.11547280445071874,0.11167,0.10775,0.10526,0.10226,0.10027730942718335,0.09945,0.09803257609273013,0.09781,0.09816,0.09904,0.10073,0.17428,0.1692545075092597,0.16374,0.15759923858263705,0.15106,0.14576,0.13904420709456855,0.13284,0.12687127060200384,0.12096,0.1165,0.11202,0.1086,0.10623022691476888
09-01-2026 13:40,25707.75,0.10972,0.10675717015495088,0.1037,0.10121518414506098,0.09823,0.09644,0.09503,0.0943,0.09393,0.09321,0.09384,0.095,0.09637,0.09829442654317204,0.17513,0.16888,0.16496,0.15582,0.15254,0.14654,0.1401,0.1341205114734743,0.12819,0.12362,0.11859598783951054,0.11463,0.11134,0.10873193728681227
09-01-2026 13:45,25683.75,0.11421483374112515,0.11147,0.11084,0.10705,0.10388,0.10133,0.09953,0.09777,0.0964934272914818,0.0957,0.09627,0.09717,0.09848,0.10032,0.17398,0.16878259495111003,0.16334,0.1570012183069537,0.1507,0.14469521653324618,0.13851739471759528,0.13275,0.12644,0.12138,0.11727,0.11252,0.10907,0.10425
09-01-2026 13:50,25682.0,0.11444,0.11369,0.10925919070137714,0.1056,0.10242,0.10013,0.09862317279677774,0.09695,0.09655,0.09613344080254038,0.09612,0.09718,0.0986,0.10046,0.1714825396280202,0.1658,0.16322,0.15392,0.15058,0.14454,0.13837,0.13319,0.12764828092182698,0.12255367131122068,0.11776,0.11325,0.10975,0.1051
09-01-2026 13:55,25665.25,0.13117,0.11883,0.11495247622810804,0.11148923773362715,0.10983,0.10688,0.10407,0.10189,0.10099,0.09943,0.09955,0.10003,0.10090903412663733,0.10274,0.1725,0.1646,0.16050544943838774,0.15528,0.14904,0.14288,0.13651,0.13106,0.12472,0.11955,0.11552,0.11076,0.10706,0.10236
09-01-2026 14:00,25689.05,0.11498,0.1132,0.10849,0.10587533067720065,0.10267,0.10027,0.09854171380751665,0.09693,0.09610415768855352,0.09531,0.0958,0.09696,0.09858,0.10034,0.17441,0.16895,0.16408,0.1571,0.15140670300571982,0.1452581426184811,0.139241572410176,0.13398,0.12735,0.12225,0.11836,0.1135,0.11011,0.10547
09-01-2026 14:05,25678.55,0.12528000865368843,0.12009,0.11424315906337197,0.10995,0.1064,0.10305,0.10082,0.09954,0.09859,0.09715,0.09738,0.09828,0.09941,0.10108,0.17367,0.16886,0.16361,0.1571834931961672,0.15061,0.14455805909971986,0.13844498365521865,0.13275,0.12639,0.12141,0.11734,0.11256,0.10876,0.10422
09-01-2026 14:10,25674.05,0.11993,0.1125621345129703,0.10659,0.10482,0.10293,0.1001,0.09781,0.09679,0.09658,0.0955,0.09608,0.09540426771270968,0.0953165538612808,0.0952960067471579,0.17391,0.16854,0.16343,0.155,0.15065,0.14415839156176782,0.13852,0.13304,0.12686,0.12260599430178969,0.11832,0.11367,0.11005,0.10553
09-01-2026 14:15,25669.0,0.11382,0.11203,0.10784,0.10546158715942874,0.10262,0.10114,0.09873,0.09726,0.09676,0.09572,0.09619,0.09744,0.09886,0.10039,0.17392,0.17027,0.16336,0.157,0.1504,0.14252,0.13853,0.13282,0.12685,0.12213,0.11774,0.11297,0.10935,0.10483
09-01-2026 14:20,25668.65,0.11487621750714472,0.11177,0.108777603344527,0.10614,0.10316,0.10092,0.09864,0.09737551774940491,0.09688,0.09562,0.09597,0.09731,0.09845,0.10029,0.17337,0.16979,0.16261,0.15679474588025258,0.15026,0.1443031095837561,0.13841530442395886,0.13298,0.12675,0.12182,0.11772,0.113,0.10894512566975792,0.10508
09-01-2026 14:25,25671.35,0.11449,0.11043705484458502,0.10674,0.1025,0.10066908049304431,0.0984,0.09697,0.09582,0.09539,0.09442,0.09527,0.09626,0.09792,0.09983,0.17321,0.17,0.16342,0.15778045975243982,0.151513448235141,0.14505970580575966,0.13865,0.13368,0.12757,0.12228,0.11872,0.11392,0.11039,0.1078092244359028
09-01-2026 14:30,25652.65,0.1269,0.12078,0.11398,0.11234,0.10794,0.10499,0.10242,0.10031553555121028,0.09938,0.09808,0.0983,0.09884106778288497,0.10044,0.102,0.17453,0.16863,0.16167698123703045,0.15484,0.14881427631527608,0.14255,0.13683,0.13149,0.12523,0.12042,0.11625,0.11135,0.10737,0.10319
09-01-2026 14:35,25659.1,0.12071,0.11683,0.1133,0.1082,0.10504,0.10241,0.10027637238723942,0.09844,0.09796,0.09651,0.09719,0.09831,0.09967,0.10142,0.17291,0.16652,0.16282,0.15575,0.14998589049901767,0.14380071117000642,0.13757,0.13231,0.12675899385840927,0.12136,0.11741,0.11274,0.10915,0.10462
09-01-2026 14:40,25650.4,0.12356365134162525,0.11901,0.11374,0.1103,0.1066043659942487,0.10393,0.10153,0.09971871136586043,0.09863,0.09794540961317857,0.098,0.09876,0.09997017814009586,0.10194,0.17513442762381706,0.1685,0.16305,0.15801,0.15037,0.14286,0.13719,0.13241,0.12612,0.12102,0.11697,0.11206,0.10843,0.10422
09-01-2026 14:45,25668.25,0.11893,0.11471687181684868,0.11041,0.10761,0.10445920382668407,0.1021,0.09986,0.09815,0.0978,0.09646,0.09693,0.09755,0.09897,0.10073,0.17396,0.16722,0.16383,0.1562,0.1508,0.14406,0.13782,0.13244259126277416,0.126969046732532,0.12162,0.11754,0.11257,0.109,0.10484
09-01-2026 14:50,25663.45,0.11923,0.1159,0.11115,0.10822,0.10457,0.10245,0.10011,0.09834,0.09730094377809735,0.09664,0.09701,0.09767329067628273,0.09928,0.10092,0.17416,0.16890277040411208,0.16363,0.15667,0.15093,0.14334,0.13817,0.13298,0.12678,0.1217,0.11772,0.11271,0.10912,0.10492
09-01-2026 14:55,25674.9,0.11822,0.1133,0.10902,0.1054,0.10283112992531934,0.10099,0.09814,0.09726020071809782,0.09696,0.09556,0.0958,0.09655,0.09819,0.10004,0.17375,0.16837605279489634,0.16282354818325034,0.15674,0.15109,0.14426,0.13849,0.13284,0.12678,0.12179,0.11718409761593146,0.11291,0.10919,0.10506
09-01-2026 15:00,25668.55,0.12334,0.11686,0.11258661505158324,0.10907,0.10541498113377422,0.10256346025228026,0.10030220107213754,0.09847,0.09805,0.09666,0.09714,0.09787,0.09934,0.10087373266512838,0.17385,0.16679,0.16207479803560915,0.15668,0.15036,0.1441264957873423,0.13746,0.1327,0.12641,0.12116,0.11678,0.11209,0.10836,0.10429
09-01-2026 15:05,25679.0,0.12261,0.11496,0.11263,0.10917,0.10536363704394769,0.10242,0.1002,0.0985,0.09781,0.09643,0.09701,0.09746,0.09913,0.10038184049645814,0.17315,0.16824,0.16306,0.15652,0.15043218585093354,0.14411766961741043,0.13757,0.13236,0.12621,0.1212,0.1166,0.11165,0.10843764574834311,0.10545378733406298
09-01-2026 15:10,25688.85,0.11951185059375552,0.11582,0.11321,0.10988,0.10583,0.10386,0.10089,0.09887,0.098,0.09658,0.09672136011383618,0.09724,0.09912,0.10076,0.17323121925977103,0.16743,0.1621703043448022,0.15642,0.15002,0.14398,0.1376,0.1327,0.12675835673100144,0.12124,0.11718,0.11255,0.10917119907407491,0.10609036447922851
09-01-2026 15:15,25690.6,0.11478579784322397,0.1108,0.10787,0.10435,0.10131,0.10057,0.09761,0.0966331829327134,0.09580123458559117,0.09521,0.09612,0.09663,0.09878,0.10097,0.17363,0.16809,0.16381,0.15799,0.15164149855688627,0.14540687283614157,0.13885,0.13345412709670143,0.12782,0.12304497749776905,0.11865,0.11440544323565842,0.11073,0.10651
09-01-2026 15:20,25695.2,0.12304788717689309,0.11740391057525155,0.11336,0.10723,0.10455892909397028,0.10272,0.10029258594927459,0.09868,0.09815,0.09692224624836349,0.09688,0.09766,0.09924,0.10136,0.17409099127927535,0.16844,0.16508,0.15679,0.15261,0.14593,0.14029,0.13487,0.12864,0.12359318144283687,0.11896,0.1143,0.11059,0.10746498440836542
09-01-2026 15:25,25688.2,0.13292,0.12614,0.12044,0.1163725726575296,0.11233,0.10939,0.10641,0.10353,0.10141689235307103,0.10001157012591515,0.09965,0.09992,0.10147,0.10334,0.17462,0.16795,0.16501,0.15823559998363193,0.15278222939424843,0.14643,0.14064816506373184,0.13467,0.12881,0.12288,0.11896,0.11234,0.10955,0.10414
12-01-2026 09:15,25657.45,0.11628007352762712,0.11324,0.11181,0.10923,0.10651,0.10512,0.10354,0.1025,0.10230060137393858,0.10225063786632767,0.10287,0.10466,0.10656,0.10945,0.1905,0.18496,0.17650466187852817,0.16792,0.16397,0.15764,0.15087,0.14559,0.13863,0.13422,0.12931,0.12459408298756272,0.1207,0.11627
12-01-2026 09:20,25594.15,0.1252652376571854,0.12206,0.1163,0.1162,0.11327535628624097,0.1116,0.10958776424570218,0.10867,0.10825,0.10783,0.10912,0.11053,0.11293,0.11619,0.18837,0.18215,0.17641,0.17045,0.16306136452323278,0.15582,0.14937,0.14418,0.13830786053242333,0.13308,0.12825760459705576,0.12372,0.12038708540584174,0.117363508323553
12-01-2026 09:25,25548.3,0.13463,0.13255,0.12451,0.12229,0.1187,0.11659,0.11364273760314915,0.11275,0.11187,0.11185,0.11281046126190729,0.11469,0.11707,0.12066,0.18706,0.18142,0.17544,0.16842,0.16152,0.15484,0.14868,0.1434,0.13738,0.1323373349784193,0.12763,0.12272,0.11844,0.1144
12-01-2026 09:30,25559.65,0.13922723338327145,0.13513,0.13053,0.12762,0.12328343481115586,0.11992,0.11685764666491062,0.11528,0.114032013361055,0.11364,0.11442,0.11596,0.11845,0.12193,0.18674,0.18102823002639257,0.17472232230528484,0.16872,0.16123,0.1546,0.14864730399176346,0.14294,0.13629,0.1307,0.12579,0.12049,0.11614,0.11154
12-01-2026 09:35,25575.3,0.14006,0.13464,0.12761,0.1248,0.12047,0.11737629129514443,0.11470392568706365,0.11331040063533847,0.1125,0.11211,0.1128531991301949,0.11439,0.11676,0.11933047405506429,0.18503,0.179580926632455,0.17376,0.16686,0.16,0.15408,0.14815,0.1424050056801422,0.1367596263686839,0.13141847045988933,0.12645,0.12142,0.11697396380594845,0.11271
12-01-2026 09:40,25569.55,0.13260405948853438,0.12814,0.12450730593291404,0.12038,0.11743,0.11497,0.11236,0.11087,0.11045,0.11015,0.11133,0.11332,0.11595,0.1195,0.18611,0.1804261562634448,0.17467,0.1679,0.16147,0.15594,0.14974,0.1448,0.13871037986892631,0.13332471908204735,0.12831,0.12336,0.11915,0.11505
12-01-2026 09:45,25560.8,0.14288,0.13986,0.13543,0.13261,0.12714,0.12351,0.11999,0.11711,0.11605,0.11475,0.11528,0.11638,0.11706782401831545,0.11820830551400002,0.18657,0.18112824446803052,0.17502,0.16911,0.16194,0.15526,0.14912,0.14334,0.13702,0.13124,0.12587236174010707,0.12046,0.11555660373125118,0.1107
12-01-2026 09:50,25588.7,0.13697,0.13079,0.1270241109977991,0.12282,0.11879,0.11587,0.1133,0.11170875045787207,0.11038304163102622,0.10979,0.11073,0.11209,0.11424,0.11756,0.18788,0.18272,0.17674,0.17095,0.16343,0.1574,0.1512,0.14596,0.13945,0.13402,0.12872,0.12356,0.1190206309187526,0.11512
12-01-2026 09:55,25588.5,0.12519,0.11951,0.11731386821125886,0.11372,0.11107,0.10930246848793412,0.10768,0.1071874950321868,0.10652,0.10686,0.10816078755872968,0.11001,0.11296213610717744,0.11653,0.18841778964764866,0.18242,0.17742,0.17095,0.1641,0.15841,0.15246,0.147,0.14067,0.13527,0.13053,0.12529,0.120635836378092,0.11660430722134021
12-01-2026 10:00,25564.15,0.14228089064011712,0.13787,0.13159,0.12824,0.12398,0.1199394243030204,0.11732,0.11475,0.11375,0.11273858812919665,0.11315733932957435,0.11464,0.11676,0.12025,0.18474,0.18026,0.17374,0.16725,0.1605,0.15419,0.14812,0.14258,0.13552,0.1301,0.12486512654971592,0.11957,0.11465,0.11054
12-01-2026 10:05,25588.7,0.13313,0.12825,0.12214,0.11971,0.11604,0.11335,0.11096,0.10916,0.10861,0.10851,0.10967,0.1111,0.11368,0.11713,0.18794,0.1826550106245452,0.17721,0.17052,0.16393,0.15760870397554866,0.15106,0.14561,0.13929320098213438,0.13358408735918553,0.12819694547539057,0.12301,0.11852,0.11496924885576398
12-01-2026 10:10,25566.95,0.1341,0.127,0.12233,0.11971,0.11614846817813584,0.11383,0.11152,0.10984,0.10919,0.10922,0.11084,0.11233510120597043,0.11489775726326779,0.11835,0.18718,0.18098,0.17501113718749048,0.16885271770305998,0.16279,0.1563,0.15058,0.14488,0.13799,0.13263,0.12756,0.12235123650561938,0.11787,0.11383
12-01-2026 10:15,25557.55,0.14588,0.13846,0.13169,0.12799,0.12354,0.11972,0.11606,0.11398,0.11253,0.11213,0.11239915599827427,0.11392,0.1151773757322686,0.11733097838537196,0.18646257755913503,0.18007,0.17472,0.1676,0.16109,0.15445,0.14828,0.1419205134135138,0.13556,0.12978,0.12442385142543962,0.11929,0.11503534591980603,0.1111549221025972
12-01-2026 10:20,25583.3,0.1320679663417916,0.12801,0.12396,0.12163,0.11793,0.11486,0.11166,0.11001,0.10913,0.10842,0.10982,0.11101,0.11345,0.11588605907895212,0.18773,0.18178,0.17694,0.17023,0.16368921752124674,0.15691,0.1507,0.14521,0.13843,0.13265,0.1272018583414105,0.12201324495343766,0.11752,0.11314
12-01-2026 10:25,25574.15,0.1430427713365681,0.13623,0.12967,0.12376,0.11887,0.11599,0.11273363378081472,0.11076878406557145,0.10975689240284021,0.1095,0.11075,0.11194,0.11423,0.11789,0.18753599806453508,0.18134,0.17618,0.16883,0.1626,0.15640960992658762,0.15009481332122804,0.14418,0.13768,0.13146,0.12617,0.12103920845039869,0.11655,0.11219
12-01-2026 10:30,25584.2,0.12927370292097684,0.12478,0.1213,0.11695,0.11385,0.11154,0.10910783343445839,0.10727,0.10654,0.10672,0.10776220983924967,0.10943,0.11229,0.11575,0.1885,0.18265,0.17719,0.17009,0.16362,0.15743,0.15109,0.14484733533718389,0.13905,0.13309,0.12789,0.12261,0.1185,0.11429
12-01-2026 10:35,25564.75,0.13492,0.1278,0.12388454666116397,0.12019,0.11652,0.11322805380724106,0.11093,0.1091,0.10819,0.108,0.10963,0.11056,0.11352897180310381,0.1173,0.18742,0.18134,0.17634,0.16927,0.16235,0.15578,0.14955,0.14395,0.13756342436177624,0.13153,0.12646,0.12132,0.11691,0.11272
12-01-2026 10:40,25572.4,0.13601,0.12916837716356366,0.12340260927894463,0.11870666545637558,0.11433,0.11195,0.1096,0.1079,0.10715,0.10698,0.10851,0.10977,0.11283289582452934,0.11652,0.18839,0.1817,0.17701,0.1702,0.16316,0.15689,0.15047,0.14502,0.13819,0.13259,0.12758,0.12226,0.11800909646447026,0.11407883202912528
12-01-2026 10:45,25556.8,0.1375,0.13167,0.12703,0.12366,0.119,0.11582,0.11307,0.11089,0.10963811989830735,0.10963,0.11019709652966188,0.11182057872918799,0.11478,0.11859,0.18665,0.1813,0.17556,0.16825,0.16157,0.15509,0.1489896344187786,0.14305,0.13636,0.13061,0.12534,0.11996,0.11550730345809218,0.11122
12-01-2026 10:50,25579.85,0.1222,0.11899,0.11375,0.11240916400807707,0.10999670873253083,0.10858,0.10623,0.1048,0.10456,0.10457,0.10587367415109433,0.10778,0.11086,0.11483,0.18856,0.18315783349337603,0.17769,0.17077,0.16419,0.15771,0.1512,0.14545,0.13918,0.13364,0.12852,0.1232182008848877,0.1187,0.11488
12-01-2026 10:55,25554.9,0.12813,0.12435,0.12022,0.11719220917249198,0.11395,0.1115,0.109,0.10761,0.10696,0.10694,0.10809588043351626,0.1101,0.11291618209230869,0.11692,0.18701,0.18147,0.17537433210304876,0.16896,0.16253,0.15615236908829036,0.14975149910445862,0.14384,0.13698,0.13174,0.1269,0.12169576710359369,0.11732,0.11374674483457295
12-01-2026 11:00,25550.75,0.12969441884037752,0.1261,0.12267350804591487,0.11932,0.11585980656634175,0.11307,0.11061,0.10912,0.10839685298462338,0.10824,0.10971,0.11136233616379052,0.11413,0.11807,0.1869924683461494,0.1807,0.17449056356271408,0.16802,0.16163,0.15508,0.14859,0.14242863150347504,0.13622,0.13101,0.1256456426600625,0.12079648940679567,0.11643269819252924,0.11248
12-01-2026 11:05,25538.1,0.13177410941935386,0.12782,0.1236,0.11979606710620498,0.1164937385361676,0.11376287209306916,0.11172,0.10985,0.10916,0.10888,0.1104,0.11198,0.11491,0.11861,0.18486,0.17966,0.1739,0.1674029682806991,0.16062,0.15433,0.14776,0.14223,0.13525,0.13016652584527327,0.12502,0.11987,0.11562,0.11145
12-01-2026 11:10,25544.8,0.12686690858651534,0.12331,0.11886,0.11651,0.11347,0.11101,0.10898622229474211,0.10721,0.10693979047572451,0.10691,0.10852,0.11041,0.1133,0.11741,0.18527,0.18024,0.17423,0.16813,0.16113,0.15506,0.14872197331177836,0.1426235403924092,0.13663,0.13121,0.1263,0.1209,0.11679,0.11303
12-01-2026 11:15,25528.8,0.12595,0.1217,0.11882953773519112,0.11598,0.11333,0.11105658429822285,0.1093793202631112,0.10818,0.10776,0.10781,0.10975,0.11188,0.11487,0.11907,0.18365,0.17819,0.17235,0.16591,0.15971,0.15341,0.14744,0.14174,0.1353,0.1302,0.12548,0.12065,0.11628,0.11298
12-01-2026 11:20,25512.25,0.13111,0.12465,0.11983,0.11831,0.11531,0.11282,0.11091,0.10965,0.10944,0.10972,0.11151,0.1133,0.11643827922998201,0.12045,0.18148,0.17667,0.17081,0.16375,0.15824,0.1518,0.14588,0.14013,0.13384,0.12869,0.12361201724029114,0.11902,0.11468,0.11114
12-01-2026 11:25,25509.25,0.12887,0.1246,0.12063298821654508,0.11729,0.11454,0.1123,0.11069,0.10934,0.10911,0.10999,0.11181,0.11361,0.11695,0.12117,0.18234310005614884,0.17614,0.1707,0.16363,0.15776051254421689,0.1515497234460296,0.14553,0.13962,0.13348,0.128451179980441,0.12353,0.11867,0.11474,0.11088
12-01-2026 11:30,25496.15,0.12283,0.11979,0.11693,0.11543,0.11285,0.11124,0.11003,0.10937,0.10944,0.11028,0.11224,0.11446,0.11778,0.12226,0.18198,0.1764000318814116,0.1706494083501223,0.16462,0.15892,0.15261,0.14665,0.14131,0.13519,0.13044,0.12596,0.12101,0.11711,0.1142
12-01-2026 11:35,25487.1,0.12896,0.12424817564750897,0.11988,0.11806,0.11490041440837749,0.11321,0.11137401847385471,0.11034,0.1103,0.11119,0.1131,0.11494,0.11853,0.12292,0.18093,0.17561,0.17024,0.16314,0.15739837855788685,0.15104,0.14505984232807062,0.1394,0.13317,0.1283080793721644,0.12347,0.11905150336825153,0.11508,0.11171
12-01-2026 11:40,25485.45,0.1259811362298826,0.12317278781225381,0.12019,0.11832,0.11599,0.11366,0.11195,0.11111,0.11123,0.11201,0.1137,0.11586,0.11937,0.12385,0.18081,0.17563,0.17025,0.16382,0.15778,0.1516582577200899,0.14559849568285393,0.14013,0.13359,0.12863,0.12393,0.11956,0.11547286183743444,0.11221
12-01-2026 11:45,25476.55,0.13517,0.12957,0.12533,0.12351,0.11952,0.11682,0.11481,0.11361,0.11317,0.11357,0.11488,0.11688,0.11992,0.12409,0.18025,0.17461,0.16924,0.16224,0.15605,0.14943,0.14365,0.13787,0.13125,0.12603,0.12139,0.11699,0.1129,0.10915
12-01-2026 11:50,25491.7,0.1293,0.12492,0.12093,0.11849,0.11562912552164306,0.11342,0.11184356762870162,0.11087136196906927,0.11052,0.111,0.11288,0.11482,0.11826,0.1227,0.18185,0.17591,0.17019,0.16313,0.15692,0.15086,0.14495,0.13939,0.13296,0.12809408160764552,0.12333,0.11901,0.11499,0.11149
12-01-2026 11:55,25495.85,0.13106,0.12537,0.12187,0.11957,0.11614,0.11375830665083067,0.11205,0.11089,0.11060783856231941,0.11102,0.11273,0.11467,0.11789,0.12135807796985001,0.18173,0.17556,0.16971106279305456,0.16363,0.15731,0.15068,0.14477,0.13922,0.13293,0.12779,0.12291,0.1184772281927245,0.11471,0.11145735704780377
12-01-2026 12:00,25499.2,0.12806,0.12433,0.11977,0.11788,0.11466,0.11248,0.11083,0.10997240727924955,0.10963,0.11033,0.11191,0.11395,0.11737,0.1217,0.18155,0.17572,0.1701,0.16337757206088563,0.15677,0.15024,0.14459,0.13903,0.13296,0.12752,0.12279,0.11842911072232047,0.115,0.11174245715278552
12-01-2026 12:05,25507.65,0.13197,0.12643,0.12244,0.11928647869617544,0.11613,0.11407,0.11187623434315482,0.11057,0.11040754833508051,0.11061,0.11212,0.11396,0.11724,0.12139,0.18194,0.1763,0.1697688655455093,0.16326,0.15656,0.14995,0.14383,0.1381,0.13178,0.12652,0.12189,0.1171006585611432,0.11337,0.10923
12-01-2026 12:10,25526.3,0.14473,0.1426,0.13664,0.13244,0.12752,0.12306,0.11968895315366238,0.11725,0.11547,0.11434,0.11538,0.11631,0.11832,0.12241,0.18316550175169843,0.17639,0.17031,0.1638,0.15661829134333283,0.1492,0.14285,0.13669,0.13021,0.1244156751041354,0.11882554276112595,0.1134,0.10888946949897572,0.10445
12-01-2026 12:15,25577.45,0.14302,0.13618,0.13037,0.12711,0.12239,0.11946,0.11592,0.1142768070514285,0.1127,0.11224,0.11252457118461698,0.11361,0.11532,0.11883,0.18443,0.17862,0.17238,0.16537,0.15893,0.15208,0.14584,0.13976,0.13325,0.12715,0.12234,0.11758,0.11315,0.10953533943054844
12-01-2026 12:20,25614.85,0.15144,0.14372334975091217,0.1381,0.13245907092605042,0.12816,0.12403,0.12111,0.11765,0.11628,0.11484,0.11474,0.11538,0.11689752974243499,0.11973,0.186,0.17815,0.17464,0.16816,0.16208,0.15542,0.14901128478879375,0.14266,0.136,0.13027328388704393,0.12488,0.11939,0.11495,0.11165084564701819
12-01-2026 12:25,25653.4,0.13184705311554287,0.12728,0.12805,0.12478,0.12093,0.11774,0.11503,0.11288,0.11166,0.11104,0.11111,0.11196643143546858,0.11325,0.11604,0.18872,0.18389,0.17771,0.17116,0.16556,0.15827,0.15227,0.14636,0.14013,0.1342,0.1292373625423868,0.12448,0.12027,0.11551
12-01-2026 12:30,25668.1,0.154,0.14368,0.13897,0.1325915188766444,0.12916,0.1242682553589839,0.1213,0.11878,0.11738,0.11624,0.11566,0.1161,0.11709,0.11753037975841284,0.18858014668924028,0.18248,0.17816,0.17214,0.16583,0.15888,0.1533,0.14792,0.1408,0.13493,0.12992510031243876,0.12474479854320661,0.12038,0.11487
12-01-2026 12:35,25690.5,0.13488,0.12381,0.12445,0.12024,0.11698,0.11468,0.11213,0.11118,0.110448611115989,0.10965,0.11016,0.1112153462320449,0.11232,0.11471,0.19113,0.18537,0.18081,0.17518,0.16841,0.16241651183620978,0.15617,0.15057,0.14438239125269162,0.13864,0.13428,0.12868769587540904,0.12421,0.12029640197700982
12-01-2026 12:40,25684.35,0.15507,0.1479685918475773,0.14347,0.13707096488138473,0.13275,0.12895,0.12453,0.12115,0.11927334532710718,0.11829,0.11695336912324646,0.11716,0.11832,0.11999,0.18826,0.1849,0.17793,0.17149,0.1654,0.15903668639022625,0.15278058579071957,0.1464767782583236,0.13995,0.13419,0.12962,0.12398,0.11928233387901484,0.114
12-01-2026 12:45,25727.5,0.13318,0.12863864594555502,0.12466,0.11945,0.11652,0.11432773407490018,0.11205000810121153,0.10981,0.10950649440335206,0.10914,0.10932504193632454,0.10977,0.1116308347657127,0.11342,0.1931,0.18998,0.18359,0.17732,0.1711,0.16464890411041597,0.15835,0.15191101598746717,0.14586,0.1398,0.13475423477374188,0.13039,0.1254131022414785,0.12103
12-01-2026 12:50,25724.55,0.14204,0.13717337145994574,0.13291,0.1285,0.12508,0.12156,0.11891523370846165,0.11654,0.11567,0.11427,0.11384,0.11403,0.11481,0.11638,0.19309,0.18835,0.18208,0.17651,0.16953,0.16277,0.15723,0.15070845390035598,0.14472,0.13859,0.13453,0.12962,0.1253,0.12029
12-01-2026 12:55,25715.5,0.14309,0.13735,0.12992752756775125,0.12356,0.12039,0.11681,0.11462,0.11292064355807527,0.11168,0.11139,0.11124544195602068,0.11148,0.11248,0.11441,0.19219,0.18729,0.18184,0.17548,0.16905,0.16237,0.15666,0.15066939565619536,0.1448937653269264,0.13931133916488783,0.1341,0.12879,0.12394803335896404,0.11933
12-01-2026 13:00,25692.65,0.13268,0.13424,0.13095,0.12837021730492218,0.12484,0.12196,0.11816,0.11592,0.11421606607471695,0.11315974217262749,0.11292,0.11299657935121556,0.11399,0.11456912076833345,0.19101,0.18652,0.18014,0.17417,0.16788398229243032,0.16101,0.15571,0.14936676018750283,0.14346622988894253,0.13751,0.1327,0.1277,0.12285,0.11824
12-01-2026 13:05,25702.65,0.14577,0.14025091823983998,0.13579,0.130435579602849,0.12591,0.12264,0.11964,0.11692,0.11573,0.11455,0.11356,0.11369,0.11474651967170296,0.11663,0.19162,0.18628758632148834,0.1805,0.17474,0.16835905295627554,0.16178,0.15598,0.1494672819149774,0.14297,0.13744,0.13288,0.1275890336079134,0.12314,0.11809
12-01-2026 13:10,25710.85,0.14323,0.13453,0.12998,0.128,0.12374,0.1201,0.117,0.11471,0.11291,0.11137,0.11141,0.1113,0.11272251515914347,0.11484,0.19088,0.18534,0.18005,0.17456,0.1683,0.16214,0.15586,0.15028,0.14341,0.1382468795049837,0.13300940664978625,0.12799,0.12361,0.11846
12-01-2026 13:15,25725.15,0.12758,0.12543,0.1204,0.11752341871320462,0.1132,0.11159,0.1096971988986045,0.10805,0.10708,0.10709230061515508,0.10713,0.10802679817649957,0.10937263168784657,0.111,0.19036512189048205,0.18479,0.18073,0.17517,0.16885,0.16266,0.15748,0.15109715677939067,0.1453,0.13963799453052397,0.13448185264153617,0.12999,0.12639,0.12376448423737535
12-01-2026 13:20,25697.4,0.1396567330394635,0.13529,0.13031,0.12603931543108912,0.1224,0.11874,0.11536,0.11443,0.11229,0.11137,0.11070513130558975,0.11101,0.11313,0.11461468499448073,0.18904,0.18412,0.17899,0.17303,0.16747027414518764,0.16152819261349502,0.15545,0.15004,0.1433,0.13781,0.13305,0.12716,0.12255436657052957,0.11772
12-01-2026 13:25,25704.15,0.12732,0.12404,0.11901,0.11683025197310219,0.11413,0.11166,0.11018209322214803,0.10819,0.10783367892587498,0.10714,0.10751,0.10825,0.10959206222892176,0.11104952574057114,0.18916,0.18468,0.17939,0.17361,0.16806,0.16220444714488838,0.1565,0.15062043055335872,0.1449479182967968,0.13946,0.13456666033128067,0.12991,0.1254,0.12063
12-01-2026 13:30,25707.95,0.16035,0.15079859926779815,0.14463,0.1370828857266461,0.13114410083340172,0.12627882836116608,0.12301,0.11901,0.11727,0.11597,0.11518,0.1148,0.11578,0.11723,0.18884,0.1839942001766604,0.17838,0.17289,0.16635,0.16048,0.15442675332343306,0.1485,0.14168,0.13599,0.1305980138260004,0.12554846307374512,0.12086,0.11829121386200778
12-01-2026 13:35,25747.0,0.12697,0.13005,0.12265,0.1212152664275881,0.11784648102315891,0.11525,0.11212,0.11090165861347616,0.10947,0.10874,0.10825,0.10898,0.11004,0.11183,0.19147,0.18757,0.18138,0.17551,0.16951,0.16335,0.15791,0.15185,0.14597,0.14012961616740163,0.13462,0.12955477529521792,0.12485,0.12001
12-01-2026 13:40,25745.1,0.1460879049162447,0.1348,0.12580673605601816,0.11842,0.1158,0.11363,0.11035,0.10893,0.10798,0.10739448272523142,0.10739588086630218,0.10789,0.10922,0.1109,0.19178,0.1865839432769433,0.18105118071197865,0.17538246360283094,0.16951,0.16359,0.15776,0.1521,0.14563,0.13943,0.13444976915599777,0.12951351159835015,0.12541,0.12045
12-01-2026 13:45,25739.05,0.14182,0.13243,0.1274,0.12355,0.11938,0.11529,0.11248,0.11011,0.1089,0.10768,0.10761,0.10793,0.10927,0.11099,0.19280094951877882,0.1870217006272639,0.18113,0.17536,0.16902,0.16257,0.15702,0.15116,0.14459997120017562,0.13813,0.13379,0.1287,0.12433,0.1207969543389752
12-01-2026 13:50,25735.6,0.13931337061543045,0.13424946192866588,0.1299622147498901,0.12561,0.12169,0.11822,0.11384,0.1118,0.1105,0.10937,0.10888858683464125,0.10914,0.11039,0.11193,0.19298,0.18672,0.18206,0.17617,0.16985166594436496,0.16319,0.15763,0.15127,0.14468,0.13839,0.13388,0.12816,0.12364,0.11821
12-01-2026 13:55,25743.25,0.13752,0.12317,0.1274,0.12181,0.11763,0.11525,0.11133,0.10985,0.10855,0.107471114032729,0.10716,0.1077,0.10900010283716853,0.11096,0.19476093701004163,0.18885,0.1829149589626123,0.1769091395225594,0.17081,0.16449,0.15855,0.15269,0.14559,0.14023576907091442,0.13473,0.12960561101017734,0.12508,0.11957
12-01-2026 14:00,25734.9,0.13141,0.12459,0.12270465393475852,0.12034,0.11654488682377546,0.11375524707642354,0.11059,0.10946,0.10815,0.10718,0.10723,0.10776292484123615,0.10895274940925016,0.11075,0.19338,0.18746,0.18220727893573446,0.1766,0.17053,0.16404,0.15798336412324157,0.1518258434641817,0.14581635604619134,0.13956,0.13488,0.12952,0.12431880209938703,0.11936
12-01-2026 14:05,25732.75,0.13756,0.13142,0.12339,0.12785,0.12267,0.11871,0.11525177119363456,0.11212,0.11031093341113898,0.10958,0.10870365128177183,0.10908,0.10888546775951694,0.10934534710678134,0.19324,0.18731,0.18188,0.17644,0.16982,0.16312,0.15721857274880469,0.15116,0.14472298156059318,0.1384,0.13317617660582737,0.12785,0.12289,0.11768
12-01-2026 14:10,25739.35,0.13573781461260942,0.13049,0.12053,0.11724748578704199,0.11324,0.11198,0.10906,0.10643,0.10608,0.10546,0.10522,0.10593,0.10757286894850052,0.10964,0.19315,0.18786,0.18327,0.17694285563882867,0.17067,0.16446,0.15848,0.15258,0.1461510656354887,0.13985,0.1348634644732252,0.12965,0.12533,0.11911
12-01-2026 14:15,25729.15,0.13958,0.13351,0.12656,0.1222,0.11842,0.11527,0.11221811925361264,0.10986,0.10878,0.10763,0.10776,0.1082,0.10965,0.11154,0.19299,0.1865,0.18163,0.17540194799942577,0.1693910579803142,0.16309,0.15715,0.15097,0.14479,0.13865,0.13344,0.12817420937206583,0.12363,0.11826
12-01-2026 14:20,25736.35,0.14988996135372476,0.14464,0.13888,0.13311,0.1279,0.12266994856531262,0.11872,0.11572,0.11399,0.11222,0.11124529421389032,0.11128,0.11182,0.11208674884203682,0.19212,0.1869,0.18105,0.17619,0.1699,0.16246,0.15659192118138515,0.1501766116552851,0.14391269779125557,0.13731,0.1324,0.12651,0.12131353362286844,0.11595
12-01-2026 14:25,25762.75,0.13676,0.13189,0.12698,0.12283,0.11747,0.11438,0.11065,0.10897,0.1075,0.1065,0.10599,0.10653827408598399,0.10746,0.10828419478868201,0.19377,0.1882455438154119,0.1825,0.17716,0.17086926552181378,0.16475,0.15889,0.15254171745573214,0.14651124283973907,0.14034,0.13525,0.12988,0.12539,0.1197
12-01-2026 14:30,25753.1,0.12404016753261606,0.11977,0.11613,0.11389,0.11126,0.10938732441619417,0.10683,0.10553,0.10493,0.10422,0.10478323012122073,0.10536,0.10669,0.10846,0.19326,0.18816310728695207,0.18279,0.17731,0.1709571973746805,0.16471,0.15875,0.15268,0.14634,0.14043,0.13567,0.13022,0.1255,0.12037
12-01-2026 14:35,25716.7,0.15174,0.14512,0.13909,0.13307,0.12727,0.12346,0.11932,0.11581913529696905,0.11346149768710617,0.11181891541263796,0.11126,0.11126,0.1113343631734058,0.1122088250064867,0.19086,0.18502,0.17934,0.17431,0.16802,0.16121,0.15532,0.14902371033327497,0.1426,0.13638,0.13169,0.12575,0.12104,0.11751817316014669
12-01-2026 14:40,25749.0,0.14146,0.1343438373472978,0.12715,0.12317,0.11881177968720866,0.11552,0.11292,0.11058,0.10931,0.10795,0.10775,0.10821,0.10889278570102474,0.11043,0.19276,0.18761,0.18249,0.17642223861796155,0.1702,0.16402606771750058,0.15785,0.1516859849541592,0.14553,0.13957,0.13458,0.12875,0.12421,0.12050546319127059
12-01-2026 14:45,25763.85,0.13183,0.1272632380880403,0.12209,0.11876477656702983,0.11506,0.11314,0.11013,0.10793,0.10669524298221111,0.10570554950393574,0.10547666253721985,0.10592,0.10718,0.10824172442533272,0.19416,0.18743,0.18289336495990538,0.17764,0.17176,0.16465,0.15882,0.15287,0.146629601988066,0.14051,0.13534,0.12992,0.1245861904967013,0.11968
12-01-2026 14:50,25774.05,0.14353,0.13758,0.13082,0.12617,0.12146335061455076,0.11819,0.11434,0.11136,0.10935043210358722,0.10794,0.10689,0.1068846933555758,0.10762146048541597,0.10916,0.19388,0.18866,0.18303991194300567,0.17722,0.1706,0.16408,0.15806568972806498,0.15221,0.14529,0.13945,0.13384707688839015,0.12857,0.12345,0.11963660092333853
12-01-2026 14:55,25796.15,0.14247,0.13767,0.13126,0.1254,0.12008,0.11677,0.11369,0.11074,0.10988,0.10782,0.10722404545137362,0.10694,0.10774,0.10875,0.19471,0.189,0.18312,0.17722,0.17063,0.16448959635376112,0.15838,0.15188812664849316,0.14561,0.13975643259167927,0.13418,0.12891496870032434,0.12416,0.12014347482029515
12-01-2026 15:00,25785.15,0.13593,0.13388,0.12688,0.1223,0.11803,0.11433,0.11181,0.10984,0.10779576847761918,0.10656162265644882,0.10578,0.10594,0.10639,0.10766,0.19542479330933316,0.18928491438214645,0.183,0.17702,0.17066,0.16446659919496656,0.1582,0.15202,0.14524,0.1398099821351849,0.13434259695742096,0.12898,0.12431,0.11883
12-01-2026 15:05,25789.75,0.1304,0.12499,0.12171,0.11729,0.11382,0.1119,0.1089,0.10741426164495899,0.10626,0.10491,0.10465838061553055,0.10472,0.10536,0.10686,0.1945606486979967,0.18854,0.18376,0.17824,0.17206320728324642,0.16569015259679523,0.15899,0.15311,0.14667,0.14017,0.13508,0.12963245105456644,0.12499,0.11971
12-01-2026 15:10,25785.05,0.13372971862664318,0.12841,0.11964,0.1167,0.1128568967889888,0.11045,0.10802,0.10613818897211864,0.10497,0.10326,0.10320739575266036,0.10339811050656315,0.10433725837868164,0.10601,0.19482,0.18819,0.1835633014372791,0.17836,0.17144,0.16481,0.15909,0.15252232865480314,0.14626507862143817,0.13992,0.13472,0.1292,0.12462,0.11945
12-01-2026 15:15,25782.95,0.1405285119658449,0.13489,0.12768192947968726,0.12211543728654314,0.11744,0.11417,0.11137,0.10853,0.10738,0.1052,0.10474,0.10481,0.10563,0.10705,0.19663,0.19108403200528032,0.1853939579686543,0.17933,0.17261,0.16587,0.16024,0.15338757351539897,0.14687,0.14062,0.13514,0.1295019017716391,0.12452,0.11877
12-01-2026 15:20,25786.05,0.13943203789450273,0.13373001494106865,0.12843,0.1228,0.11761,0.11465,0.1115,0.10893,0.10713,0.10521,0.10453997615187051,0.10447737028494505,0.10526,0.1067,0.19815,0.19091,0.18787,0.1808584189683526,0.17456606879615102,0.16785,0.16152553222816132,0.15499178144880388,0.14852,0.14213,0.13614,0.13,0.12427115794734694,0.11872
12-01-2026 15:25,25801.35,0.13043,0.12173,0.11860854138919243,0.11453106860458333,0.11127,0.108585788224038,0.10605,0.10462,0.10349,0.10165,0.10145,0.10137,0.10221,0.10465,0.19547,0.19534,0.18691,0.18088,0.17464850137805493,0.16707,0.16224,0.15508,0.14886245812879376,0.14221,0.13697,0.13075,0.1252,0.11944
13-01-2026 09:15,25853.0,0.10138,0.10057,0.10156,0.10148771075336017,0.10270044980043407,0.09894,0.1001431938274282,0.09925548570408971,0.09738,0.09814917647256087,0.09726,0.09771,0.0992,0.10094,0.19934,0.19786,0.18905020300211947,0.1824,0.17542,0.16959,0.16328,0.15746,0.15049,0.1441523417013708,0.13946,0.13333,0.12841,0.12266
13-01-2026 09:20,25825.4,0.1301,0.12038,0.11652,0.11379,0.11063,0.10853,0.10573,0.105,0.10365,0.10229,0.10185,0.10238,0.10336,0.10516,0.20104525176939028,0.19459,0.18813,0.17948,0.17454,0.16867,0.16259,0.15585125227787452,0.14929875881767307,0.14263,0.13716755483205592,0.13143,0.12647,0.12052
13-01-2026 09:25,25818.35,0.07494,0.07885835245922335,0.07843,0.08465628515629334,0.08732,0.09071,0.09192,0.09345,0.09489,0.09538,0.09659,0.09772,0.09926,0.10186,0.20130325160294174,0.19492,0.19107,0.18192,0.17643079259172037,0.17018,0.16472679265573248,0.16014,0.15358644163196938,0.14795,0.1429859854436214,0.13807,0.13444,0.1289
13-01-2026 09:30,25766.85,0.09386,0.09704606540339197,0.09733,0.09871252576506094,0.0985,0.09885212957106895,0.09936,0.09957,0.09974548374513911,0.10013,0.10093870186702543,0.1022,0.10407,0.10676,0.19758,0.18681,0.1874,0.18077,0.17444,0.16772,0.1615,0.15535031140407832,0.14881,0.14315,0.13844,0.133,0.12898,0.12387
13-01-2026 09:35,25737.7,0.11826,0.11425726922073359,0.1101,0.11011,0.109,0.107171558205858,0.10651208444835734,0.10605,0.10628,0.10556,0.10597,0.1067,0.10811,0.11024,0.19641,0.19402,0.1857600554954681,0.17834,0.17151,0.16504,0.15939,0.15322,0.14657,0.14058,0.13586,0.13051,0.1255580549329584,0.12088
13-01-2026 09:40,25732.1,0.11829725856260047,0.11635,0.11416185118199682,0.11226,0.1102854523784654,0.1094,0.10754,0.10682,0.10672,0.10605,0.10663,0.10736,0.10873,0.11101,0.19531,0.1897,0.1851,0.17854,0.17119,0.16484,0.15903,0.15272,0.14566,0.13996,0.1353,0.12993,0.12517,0.12017
13-01-2026 09:45,25766.4,0.10985,0.10211,0.10037905441499188,0.09765,0.09883,0.09904,0.09859448037890052,0.09895654849870625,0.09968,0.09971,0.10075,0.10208,0.10395,0.10665,0.19598232074134062,0.18954,0.18651,0.17875,0.17198,0.16605,0.15962,0.15323324627649113,0.14721,0.14102,0.13691,0.1316,0.12743,0.12286
13-01-2026 09:50,25750.85,0.11754,0.11262,0.11364,0.10823,0.10611,0.10542,0.10416,0.10457,0.10446,0.10352,0.10426,0.10533315757116407,0.10695,0.10944,0.19685,0.19132802964644394,0.1858,0.17799,0.17208,0.165,0.15952,0.15287874501463855,0.14678643874196567,0.14069,0.13566,0.13018,0.12588664690248633,0.12187382628408375
13-01-2026 09:55,25731.0,0.10362,0.10571,0.10317,0.10456,0.1047141781060196,0.10433,0.10374,0.10378,0.10438,0.10435,0.10535,0.10636,0.10817,0.11081,0.19596,0.19028,0.18489,0.17838807864628148,0.1719365582377671,0.16527590409782228,0.1585,0.15331,0.14657,0.14117254558525097,0.13604,0.13094,0.1269,0.12208
13-01-2026 10:00,25714.65,0.14097,0.13349,0.13009,0.12686,0.12114,0.11849,0.11568,0.11373,0.11286,0.11147,0.1113,0.11153100627186502,0.11276,0.11382131089346317,0.1931,0.18816,0.18229,0.17698,0.16963635506186803,0.16188,0.15581,0.14965,0.14249,0.13684,0.13118,0.12617,0.12153,0.11621
13-01-2026 10:05,25746.85,0.12843,0.12569,0.11961,0.1167,0.11418,0.11206,0.11025,0.10891,0.10827,0.10803,0.10751,0.10817,0.10956896129495854,0.11162,0.19569,0.18741,0.18203572979155921,0.1758,0.17055,0.16428,0.15821,0.15229,0.14503,0.13955,0.1340102721103717,0.12879,0.12451,0.11968
13-01-2026 10:10,25759.95,0.10494,0.10371,0.10288,0.10202,0.10091,0.10211,0.10136070114369593,0.10084,0.10126,0.10178,0.10247,0.1034,0.10505,0.10788,0.19744,0.1923,0.18608,0.179617886821415,0.17296942205615307,0.16615,0.16016,0.15362737972504176,0.1475,0.1418492409191373,0.13695,0.1312,0.12764,0.12406809446058141
13-01-2026 10:15,25754.7,0.10612,0.10838,0.10433,0.10362,0.10244,0.10284,0.10216312290680948,0.10176,0.10236,0.10237,0.10308,0.10428,0.10568,0.10871,0.19659,0.19045,0.18549,0.18043,0.17189,0.16543,0.15933,0.15276359729731898,0.14641,0.14114,0.13569361889393752,0.13083826930218248,0.12656,0.12335455908929924
13-01-2026 10:20,25761.35,0.12196,0.11757326255654744,0.11421,0.10883,0.10757,0.10569388863120055,0.10509,0.1039,0.10396,0.10338,0.10386,0.10477,0.10632,0.10744744872438224,0.19667,0.19098999689308407,0.18512,0.17856331254636051,0.17169,0.16546,0.15956,0.15344,0.14623,0.14073,0.1351,0.12988,0.12551,0.12025
13-01-2026 10:25,25770.15,0.14012,0.13305,0.12665,0.12195,0.11838,0.11418388830516638,0.11211,0.10968,0.10903,0.10803,0.10721,0.10737,0.10855,0.11041,0.19716,0.19186192833747226,0.18548,0.17993,0.1725892283107472,0.16508,0.15866,0.1518985667400917,0.14506,0.13917144797617395,0.13348,0.12756,0.12274,0.11920652306937582
13-01-2026 10:30,25804.6,0.13282,0.11804206329992217,0.10534,0.10765,0.10653,0.10582,0.10306,0.1024306536252673,0.10162603023637201,0.10116290931125015,0.10103,0.10169,0.10354886116465353,0.10556,0.20024518997547539,0.19389,0.18871,0.18195,0.17508,0.16807,0.16179627479489642,0.15564,0.14901879142305943,0.14304722163385425,0.13714,0.13160077881889765,0.12664,0.12147
13-01-2026 10:35,25783.95,0.12325,0.1098,0.10718,0.10779,0.10526,0.10288,0.10219,0.10221,0.1015908265648578,0.1015791338592428,0.10214,0.10265,0.10405,0.10676,0.20083502162705832,0.1941333423774773,0.18761,0.18025,0.17383,0.16753102568866562,0.16149,0.1552,0.1487061662634757,0.14241,0.13709,0.13144,0.1263698648123534,0.12165
13-01-2026 10:40,25772.4,0.11286,0.10172,0.09986,0.10643,0.10474,0.10468,0.10303,0.10234,0.10255,0.10191,0.10239,0.10340346441746524,0.10494,0.10768,0.19788,0.19252988061792772,0.18644548278130654,0.18052,0.17303,0.16664,0.1603748355703316,0.1540159300541926,0.14816,0.14168,0.13631017416132296,0.13102,0.12613,0.12107
13-01-2026 10:45,25763.45,0.12045936741113013,0.11857,0.10489,0.11266,0.10805253834200332,0.1078,0.10651,0.10655,0.10529,0.10428,0.10453,0.10574,0.10617,0.10849,0.19601,0.1909120964071413,0.18463,0.17979,0.17084,0.16428,0.15841,0.15174,0.14493,0.13907,0.1341,0.12842441562257684,0.12323,0.1189
13-01-2026 10:50,25794.3,0.11933,0.11414,0.11134,0.10732968802976443,0.10379718168239298,0.10110190224326278,0.098,0.09836876001277309,0.09832,0.09864,0.09876,0.09983,0.10165,0.10429,0.197,0.19049,0.18559,0.17919,0.17247,0.1662,0.15938,0.15394,0.14715,0.14127,0.13627,0.130659668373834,0.12575929299568406,0.12139
13-01-2026 10:55,25765.7,0.13201778402650696,0.1277,0.11839,0.11653,0.11209,0.1097428695248782,0.1084,0.10623,0.10569,0.10431,0.10434,0.10496,0.10613914699980621,0.10846,0.19378,0.18824,0.18328,0.17684,0.16974,0.16381043469502288,0.1572470998657068,0.15101,0.1442,0.13808,0.13279,0.12762,0.12277,0.11766
13-01-2026 11:00,25784.9,0.11114,0.11637,0.1004,0.10533,0.10417,0.10248917571459248,0.1017545455923561,0.10121,0.10136,0.10075,0.10117,0.10206,0.103499246610445,0.10537,0.19581,0.18992397868288333,0.18426,0.17715,0.17118935181031383,0.16513,0.15832,0.15288,0.14577,0.13983,0.13496,0.12932,0.12416144058972005,0.11948
13-01-2026 11:05,25771.65,0.13216,0.11938,0.12029,0.11747,0.11378,0.11176,0.10906417771117927,0.10724,0.10636,0.10527,0.10501,0.10534,0.10616,0.10809,0.19504,0.18875,0.183,0.1764697135524182,0.16977,0.16355,0.15506,0.15072,0.14357,0.1381,0.13263782495956852,0.12739,0.12263,0.11885477063437293
13-01-2026 11:10,25787.85,0.11856,0.10777,0.11044,0.11006,0.10668,0.10586,0.10409,0.10313418853702463,0.10252,0.10135,0.1017,0.10224,0.10351493691963429,0.10541,0.19507,0.18963291829100437,0.18371,0.178,0.17081,0.1648,0.15819,0.15219,0.14495,0.13945,0.1372980075608573,0.14120863752094287,0.1472438928527232,0.15337705274281563
13-01-2026 11:15,25787.55,0.11616571676741394,0.11349687710965024,0.11131,0.10958,0.10777,0.10559,0.10327,0.10223,0.10211,0.10092,0.10121,0.10247,0.1027,0.10501,0.19481,0.18867,0.1835,0.17724,0.17046,0.16354,0.15748,0.15088866005065865,0.14437,0.13874,0.13399,0.12815,0.12386,0.12034912698616658
13-01-2026 11:20,25784.1,0.12704,0.11694,0.11314,0.10838,0.10646,0.10523,0.10245,0.10227,0.10176,0.10093167214188199,0.10077,0.10144,0.10261,0.10482,0.19456,0.18866,0.18282,0.1764,0.16948,0.16327,0.15648,0.15139,0.14396,0.13843,0.13358,0.128081177645219,0.12338,0.11825
13-01-2026 11:25,25786.2,0.12557,0.12715,0.11235,0.11523,0.11048472474953949,0.10887,0.10572,0.10391,0.10275167576004157,0.10212,0.10174025209968127,0.10209,0.10340008888500252,0.1054,0.19449,0.18884,0.18254388915472067,0.17621,0.16914,0.1625,0.15639,0.14979740324906557,0.14336,0.13753,0.13232402541649607,0.12729,0.12252,0.11716
13-01-2026 11:30,25793.55,0.12837,0.12356,0.11864,0.11510145336209082,0.11179,0.11038,0.10718988904918403,0.10534995175489406,0.1041,0.1031,0.10283,0.10315,0.10381,0.10564,0.19482,0.18945,0.18277,0.17604,0.16887,0.16281,0.15675,0.15086,0.14333,0.13761,0.13242,0.12697,0.12213,0.11787226187682665
13-01-2026 11:35,25814.5,0.11175,0.1107948725413654,0.10854,0.10642,0.10504,0.10288,0.10123,0.09991,0.0994136941695138,0.09904,0.0994,0.09994537122799071,0.10101,0.10189831016783685,0.1974845653940717,0.1908535555991029,0.18425,0.17749953236373006,0.17099,0.1641,0.15813,0.15207,0.145,0.13937,0.13446,0.1290606091978568,0.12442,0.11932
13-01-2026 11:40,25811.5,0.09832,0.09933559058155339,0.09835529901898464,0.0976,0.09793,0.09766,0.09684,0.0965,0.09714,0.09663,0.09748,0.09813,0.09936,0.10197,0.19458193864200207,0.18823,0.18403,0.17714,0.17076,0.16403,0.15819,0.1515478323005601,0.14487,0.13994,0.13509,0.1297577651012873,0.12525,0.12026
13-01-2026 11:45,25782.05,0.12434,0.11605,0.11189006333546968,0.10915,0.10828,0.10657,0.10363341772128123,0.10265,0.10178,0.10097,0.10094707447317301,0.1016881090724132,0.1030991334685128,0.10543,0.1927835012502789,0.18644,0.18126,0.17477,0.16779,0.16189,0.15566,0.14976,0.14269,0.1372,0.13206,0.12708,0.12210270325440056,0.11725
13-01-2026 11:50,25785.0,0.0963,0.09354,0.09555,0.09782,0.09939,0.09804,0.09687,0.09688,0.09736,0.09746,0.09799693661024333,0.09906497963711013,0.10052,0.103,0.19372,0.18669,0.18077343435809087,0.17483,0.1686,0.16241912659935162,0.15652,0.15081,0.14368,0.13831,0.13315,0.12814,0.124,0.12035111065663465
13-01-2026 11:55,25762.65,0.13302,0.1138,0.10897521504354993,0.10567300612961603,0.10494,0.10345,0.10155,0.1008,0.10116,0.10053,0.10112,0.10179,0.10305,0.10553,0.19174,0.18471,0.17974,0.17282,0.1664,0.16065722063452925,0.15503,0.14909,0.142,0.13661,0.13140604170884562,0.12661,0.12181107122937164,0.11746
13-01-2026 12:00,25747.9,0.11514,0.11089,0.10672,0.10734,0.10493,0.10426,0.10283,0.1021685776363496,0.10193,0.10157,0.10203,0.10267,0.10395,0.10659,0.19166,0.18595,0.179,0.17203,0.16573,0.15969,0.15404,0.1474674321319364,0.14122,0.13581,0.13089,0.12575,0.12102828808630973,0.11652
13-01-2026 12:05,25735.35,0.11577,0.11253840124381613,0.10927,0.10984,0.1081,0.10654,0.1048201037131101,0.10347,0.10359,0.10292,0.10355,0.10403,0.10514,0.10793,0.19177851396522436,0.18497,0.17843,0.17102,0.1647,0.1588,0.15296,0.14645731653796387,0.14019,0.13488151074846003,0.12941,0.12453,0.11963674740403099,0.11497
13-01-2026 12:10,25733.45,0.10973066046759636,0.10744,0.10023,0.09991395431095741,0.0996032844845667,0.09977,0.09999,0.09968,0.10002,0.1002,0.10123,0.10217,0.10362,0.10667,0.19005,0.18343,0.17914,0.17089,0.16596,0.15959,0.15405,0.14774421525074166,0.1421,0.13608,0.13199,0.12692,0.12233736093162459,0.11837
13-01-2026 12:15,25722.55,0.11631,0.11542098003487149,0.11484,0.11267,0.11004,0.10822,0.10628004737891554,0.10475,0.10468,0.10391,0.10394,0.10484,0.10608,0.10709296627363103,0.18896,0.18259,0.17786,0.17174,0.16546343427627452,0.15915322590496508,0.1527,0.14666,0.14003,0.13392,0.12907,0.12386,0.11959,0.11474
13-01-2026 12:20,25724.7,0.10816,0.10535,0.10462,0.10356,0.10227,0.1019560861450162,0.1016,0.10069,0.10113,0.10095,0.10163,0.10244,0.10438,0.10734,0.18941,0.1823,0.17826,0.1712818220082758,0.16474,0.15918,0.15358,0.14819,0.14142,0.13611609122575608,0.13122,0.12589,0.12206,0.11807538977100733
13-01-2026 12:25,25714.0,0.11595,0.12216,0.11939,0.11684,0.11278,0.11115567960324152,0.10864,0.10709,0.10658,0.10555,0.10563,0.1062,0.10724,0.10997,0.18765409669576738,0.18147,0.17615,0.17069,0.1644352541363577,0.15802132184769316,0.15143,0.1451293646119084,0.1385,0.13274,0.12767,0.12243,0.11784,0.11295
13-01-2026 12:30,25723.0,0.11512,0.11016,0.10486,0.10314,0.10241,0.10152,0.10044,0.1004,0.10041620760746295,0.10069,0.1015,0.10234,0.10485407782426813,0.10756,0.18932,0.18295298563316462,0.17676409131260357,0.17064770326489961,0.16464,0.15876,0.15286442461264152,0.14783,0.14097,0.13572994283419076,0.13052,0.12559870598307646,0.12144,0.11704
13-01-2026 12:35,25717.45,0.11999,0.11351,0.11092,0.10715,0.10522,0.10404,0.10306,0.10240944923120027,0.10301,0.10240892828080886,0.10282,0.10392,0.1058626524999278,0.10843,0.18786,0.18227,0.17647,0.16908,0.16374763063637193,0.15789807155021246,0.15204,0.14686,0.14041568687937903,0.13433,0.1292094400794853,0.12435,0.12008,0.11605801149210931
13-01-2026 12:40,25710.25,0.11488,0.10683,0.10567,0.1048,0.10327,0.10239,0.10145,0.10102,0.10138,0.10109,0.1021,0.10339,0.10503,0.10507204844854327,0.18732,0.18124,0.17612,0.16963687539704142,0.16325,0.15766329373430268,0.1517,0.14634,0.14040283827515124,0.1348410227429869,0.12958,0.12462,0.12072,0.11718776038324256
13-01-2026 12:45,25702.9,0.09992,0.09960434508930312,0.09852,0.09849,0.09819,0.09857,0.09847,0.09857,0.09981,0.10014,0.10143967656367332,0.10301,0.10528,0.109,0.18883,0.18068,0.1776,0.17041,0.16469,0.15844,0.15306,0.148,0.14121,0.13628,0.13152,0.12642,0.12269,0.11824
13-01-2026 12:50,25667.1,0.10716,0.10802,0.10667591320418932,0.10536701470438908,0.10432,0.10344,0.10262,0.102,0.10292,0.10288,0.10416,0.10557,0.10796,0.11179,0.18652,0.18123193418486244,0.17586,0.16933191367347006,0.16278,0.1572,0.15163,0.14603,0.1401821960862648,0.13461,0.12979,0.12499,0.12093,0.11684
13-01-2026 12:55,25659.75,0.11791,0.11171811614752407,0.10762,0.10565365933757971,0.10512,0.10415,0.1032,0.10271,0.10309,0.10316,0.10444092032140659,0.10613,0.10679595283845855,0.10800618116210385,0.18717,0.18133,0.17416747581671294,0.16686,0.16311,0.15663560330406,0.15135,0.14543931179337596,0.13966,0.13459693014679172,0.12995,0.12522,0.12046964419750877,0.11591988255102542
13-01-2026 13:00,25645.05,0.10976,0.10878,0.1072,0.10506,0.10368,0.10279,0.10217,0.1016,0.10199,0.10237,0.10408,0.10585,0.1091231062736496,0.11306,0.18672,0.18015,0.1743269072196864,0.16881,0.16108,0.15626,0.15003,0.14537,0.1391995165426878,0.1337595267663082,0.12849,0.12396,0.12001,0.11595
13-01-2026 13:05,25639.05,0.1187855260299775,0.11676,0.11177,0.11205,0.10962,0.10759157089659807,0.10667,0.10521,0.10519,0.10545,0.10703,0.10849,0.11118,0.11457548560376925,0.18741,0.18135,0.1749831823052263,0.16832,0.16258,0.15642,0.1501,0.14493,0.13868834514417713,0.13266,0.12808,0.12301,0.11891,0.11472
13-01-2026 13:10,25669.25,0.10935,0.10859,0.10366,0.10559,0.10381407053538985,0.10302,0.1022,0.10165,0.10201246637944807,0.10236,0.10422,0.10579,0.10787724145027781,0.11030144427366584,0.18893,0.18343463140914118,0.17783,0.17107,0.16414,0.1583,0.15197633310626837,0.1460361209594002,0.14024,0.1348546386177227,0.13015,0.12503,0.12087477079252201,0.11724
13-01-2026 13:15,25650.75,0.12082,0.11121,0.11372,0.11219,0.10964,0.10786,0.10652572464976054,0.10575,0.10531,0.10533023245298329,0.10625691898921812,0.1080474698755899,0.11088,0.11512,0.18817336800607215,0.18215,0.17630587733908284,0.17022293332973995,0.16408,0.15777,0.15168,0.14627,0.1395,0.13433605941031013,0.12934,0.12428,0.11994099667104913,0.11605
13-01-2026 13:20,25659.9,0.1205,0.11700956035650069,0.11389672597784253,0.11136,0.10866,0.10703,0.10566,0.10470556444932018,0.10456,0.10459,0.10609,0.10748,0.10997,0.11286345959825159,0.18846,0.18292,0.17728,0.17132,0.16353,0.15800114387027406,0.15172011752069145,0.1462,0.13927,0.13374,0.1285908679492083,0.12385,0.11938934718855226,0.11548
13-01-2026 13:25,25660.75,0.12224,0.11729,0.11027,0.10601,0.1044574376396689,0.10322,0.10242,0.10167,0.10215,0.10236,0.10404,0.1057,0.1089673134888415,0.11278,0.18901,0.18301,0.1773779185746093,0.17141,0.16478482493823246,0.15839648342981774,0.15166,0.1463,0.13987506457944787,0.13425,0.12888,0.1242,0.12064,0.11627
13-01-2026 13:30,25661.85,0.11661,0.11306,0.11056,0.10945637853553625,0.10907,0.10743,0.10578,0.10449,0.10434,0.10429,0.10545,0.10696,0.10926,0.11328,0.1889103808283705,0.18271,0.1763883707005372,0.1700763355794837,0.16358,0.15744,0.15203,0.14567,0.13872,0.13321,0.12836,0.12335,0.11943,0.11493
13-01-2026 13:35,25679.45,0.11288,0.10962,0.10556,0.1049,0.10328,0.10195504417827647,0.10105,0.1006,0.1008,0.10102,0.10265,0.10423,0.10655,0.11074,0.19079,0.18416,0.17879,0.17237,0.1648,0.15901138273885768,0.1529,0.14733,0.14052,0.13489,0.12964939363597372,0.12491,0.12084,0.11675
13-01-2026 13:40,25665.55,0.11343,0.11269,0.1141,0.11143954082890317,0.1096,0.10779793690225836,0.10591,0.10484282065414204,0.10439,0.10413622651840386,0.10518,0.10639,0.10871,0.11278,0.1901732797711935,0.18305,0.17574,0.17036,0.16171,0.15582,0.14956659623561988,0.14351998239085054,0.13763,0.13215,0.12716,0.12221,0.11834,0.11372
13-01-2026 13:45,25671.3,0.11584,0.11098457809104528,0.10635,0.10582,0.10347,0.10247,0.10142130334915145,0.10104,0.10100443329509853,0.10129,0.10279,0.10425,0.10681,0.11089,0.18758,0.18354,0.17642222762151477,0.169644246637199,0.16238,0.15706,0.15095,0.1455,0.13879,0.13343,0.12873,0.12374,0.12019,0.11655924634487752
13-01-2026 13:50,25672.15,0.11731,0.11294,0.10877,0.10733,0.10546,0.10394,0.10265,0.10185,0.10183188504461778,0.10238,0.10338,0.10528,0.10765,0.11184,0.18693,0.18363,0.17494,0.16847,0.16243681565325502,0.15629,0.14977167707696015,0.1437710431189643,0.13779,0.1324,0.12742,0.12257,0.11886,0.11428
13-01-2026 13:55,25662.15,0.11435,0.11479,0.1103,0.109066172169564,0.10766,0.10529,0.10379,0.10312,0.10286224579451722,0.10345,0.10442,0.10618,0.10874,0.11265,0.18616,0.18284,0.17494,0.16855,0.16237613364660466,0.15600272551452474,0.14926,0.14458,0.13805,0.13272,0.12796,0.12314,0.11873672519585601,0.11462
13-01-2026 14:00,25659.5,0.10596,0.10484579649282738,0.10224,0.1033,0.10247,0.10156423743387821,0.1011,0.10064,0.10092,0.10146,0.1032,0.10512,0.10781,0.11198,0.18695,0.18064972967200033,0.17432312039628076,0.16812248831997872,0.16191,0.15622,0.15019,0.14468,0.1388811429349873,0.1334,0.12892,0.12422,0.12043,0.11642
13-01-2026 14:05,25647.55,0.11484,0.1111,0.1089,0.10697,0.1057,0.10399739769418269,0.1034,0.10231,0.10272,0.10298,0.10447,0.10619240114293087,0.10889,0.1115408964096268,0.18578,0.18018548286677402,0.17455,0.16736,0.16150149043119333,0.15533,0.14912,0.1433100723684498,0.13755,0.13214,0.12782,0.12261,0.1193,0.11494
13-01-2026 14:10,25642.55,0.1047040995314905,0.10297,0.10367850970524628,0.10333,0.10191,0.10139,0.1002,0.09978,0.10039,0.10103094505346713,0.10243,0.10455,0.10748,0.11189,0.1854,0.1796,0.17396,0.16696,0.16049,0.15480470631861312,0.14894,0.14389,0.13718,0.13217532491072043,0.12731,0.12244,0.11873,0.11476
13-01-2026 14:15,25631.25,0.11749,0.11278,0.10971,0.10795,0.10585,0.10392,0.10293,0.10226,0.10228,0.10231,0.10367316822286701,0.10586,0.10873,0.113,0.18411260628120954,0.17761,0.17227,0.16603,0.15857,0.1525,0.14705,0.14187,0.13524,0.12995,0.12531497372798056,0.12054,0.11695,0.1122
13-01-2026 14:20,25627.6,0.10831438211337338,0.10613,0.10161,0.10124,0.10023,0.09971,0.0992302576605299,0.09911,0.09991,0.10055,0.10272,0.10495,0.10815,0.11248,0.18352,0.17733,0.1714666363711806,0.16591,0.15892,0.15306,0.1476049667140354,0.14283,0.13634,0.13116,0.12654528847484678,0.12205733680136785,0.11835,0.11427
13-01-2026 14:25,25619.65,0.10956,0.11014,0.1057,0.10475,0.10328604062827121,0.10202,0.10187,0.10119,0.10148889011506322,0.1022,0.10378841204341509,0.10613,0.10918,0.11368,0.18315,0.17736,0.17112993782613936,0.16489242672279997,0.15869132200504393,0.15237,0.14715,0.14107551883449435,0.13551318986196506,0.13005,0.12556,0.12083,0.11741,0.11306
13-01-2026 14:30,25622.55,0.12078,0.12092,0.11681,0.11413,0.11138842958616053,0.10886,0.10725,0.10601,0.10568,0.10572,0.10693,0.10864,0.11153,0.11541,0.18116,0.17762,0.17082,0.16392,0.15739,0.15062,0.14568,0.13941943108485785,0.13380051611963892,0.12828,0.1237,0.11899367453469081,0.11478,0.11148556833570093
13-01-2026 14:35,25644.0,0.12605,0.12063,0.11671960803670571,0.11338,0.11022,0.10835,0.10637,0.10478,0.10446,0.10439,0.10572,0.10739203376603426,0.10998,0.11282919754627554,0.1825152192454823,0.17643,0.17097,0.165,0.15841376096655596,0.15176,0.14553,0.14018,0.13362,0.12835,0.12352,0.11842,0.11481,0.11151239798769888
13-01-2026 14:40,25667.6,0.12795,0.1214365984148212,0.11577,0.11455,0.11040003266559037,0.10854,0.10618113767261891,0.1051,0.10422,0.1038,0.10482,0.10636,0.1087,0.11237,0.18178,0.17905,0.17186,0.16506,0.15835,0.15321,0.14765,0.1412930774183987,0.13549294003504153,0.12977,0.12456722929399645,0.11926,0.1152,0.1102
13-01-2026 14:45,25695.95,0.1173,0.1098,0.10739,0.10562,0.10358,0.10225,0.1008,0.10039,0.10016206055892107,0.10040004552548773,0.10123,0.103,0.10582,0.10749329037776183,0.18457,0.18134,0.17374,0.16742,0.16129,0.15552,0.1492,0.14389,0.13759,0.13227,0.12738,0.12243,0.1183,0.11447801705730168
13-01-2026 14:50,25698.45,0.12994,0.121,0.11481,0.11213,0.10844,0.10629,0.1044,0.10284,0.10209,0.10146,0.10196,0.10374,0.10593,0.10922,0.18423,0.18012,0.17396,0.16765,0.16024,0.15479,0.1483194952812849,0.1420973058717688,0.13573,0.13023,0.12503,0.11963,0.11547,0.10993
13-01-2026 14:55,25717.05,0.10227,0.10131,0.10561,0.103,0.10178,0.1009299154439064,0.09903,0.09829911773506811,0.09788,0.09778,0.09901,0.10052,0.10305760398689837,0.10675,0.18915790703934424,0.18258073457009216,0.17615,0.16955527538474308,0.16292,0.15689,0.1505159269668906,0.14428427329666949,0.13826,0.13281,0.12758238622373314,0.12275197049852885,0.11832,0.11418566413302435
13-01-2026 15:00,25754.0,0.06496,0.08771,0.08152,0.08567,0.08764,0.08949651837855195,0.0891,0.08982,0.09066,0.09105,0.09335921563626691,0.09549,0.09849,0.10247,0.18914,0.1842884487062864,0.17916,0.17245,0.16566,0.15874,0.15333,0.14691220484914813,0.1410674005452868,0.13566,0.13092,0.12594,0.12166,0.11801011076724596
13-01-2026 15:05,25708.75,0.12503,0.11954,0.11397414307729203,0.11152,0.10881,0.10529982330770053,0.10301037437955324,0.10203,0.1005519443602229,0.10029301237211867,0.10117,0.10258,0.1048,0.10692067284741705,0.18537,0.18125,0.1746348001779644,0.16795,0.16079,0.15474,0.14881,0.1424850063174656,0.13604,0.13057,0.12534,0.12032328281440852,0.1153,0.1098
13-01-2026 15:10,25746.05,0.09601,0.09583806205663009,0.09434,0.09443,0.09432769641332997,0.09393,0.09376,0.09323,0.09365,0.09362,0.09508494060425823,0.09684,0.09966,0.1035,0.18712,0.18273,0.17693436924891745,0.17082,0.16429270806613747,0.15776,0.15165553183779265,0.14567,0.13924,0.13403,0.12887,0.12379736649926062,0.11912,0.11362
13-01-2026 15:15,25745.9,0.09885,0.09442,0.09401,0.0927,0.09307,0.0922640257054611,0.09227,0.09186,0.09223625026326288,0.09258,0.09434,0.0963700246982314,0.09921,0.10144375940675847,0.1873108933303578,0.18117,0.17744,0.17144,0.16520906504022034,0.15878,0.15193,0.1466,0.14066002396302385,0.13512478435854658,0.12982,0.12433,0.11988,0.11427
13-01-2026 15:20,25730.9,0.10596,0.10325247599967674,0.1016,0.09989,0.09820022651637551,0.09735,0.09655,0.09557,0.0959,0.09549,0.09653084553463079,0.09835,0.10097,0.1047,0.18772,0.18265685160770057,0.17737,0.17104,0.16471,0.15839049900776808,0.15139,0.14642,0.13928,0.13342,0.1282336919245288,0.1228,0.11826,0.11245
13-01-2026 15:25,25730.8,0.10125,0.09819,0.09998,0.09608,0.09512,0.09402,0.09398,0.09364,0.09334448656751067,0.09339,0.09456,0.097,0.09919,0.10305,0.19098,0.18082,0.1789,0.17223,0.16751,0.15719,0.15183,0.14612912887751592,0.14019,0.1347896536673692,0.12995,0.1244167098419415,0.11937,0.11379
14-01-2026 09:15,25671.9,0.14959,0.1300551498154473,0.11174,0.10873,0.10765,0.10444,0.10288,0.10173,0.10139,0.10085850644089304,0.10239,0.10433,0.10685,0.10671443241156818,0.19276,0.18752,0.18191,0.17457,0.16868,0.1622528352969048,0.1557086525167622,0.14939,0.1427,0.13707,0.13117,0.12558,0.12053,0.11497
14-01-2026 09:20,25705.8,0.12363,0.12422,0.11267,0.10689,0.10436,0.10267,0.10126,0.10015,0.09998,0.09974,0.10063,0.10243,0.10524,0.10877,0.19452,0.18877,0.1834,0.17664898796212597,0.17003,0.16326,0.15622,0.15001,0.14306,0.13778,0.13156,0.12589,0.12102,0.11552
14-01-2026 09:25,25717.85,0.13317,0.12534138781342966,0.12118,0.11356,0.11106,0.10716,0.10495,0.10343,0.10229,0.10186,0.10202,0.1036,0.10598,0.10797430312687578,0.19526,0.18932,0.18299985453510786,0.17644,0.16992723398864903,0.16311,0.1565,0.14991,0.14267,0.13689424511193776,0.13089,0.1248,0.11955,0.11384
14-01-2026 09:30,25746.8,0.11272,0.10267,0.10078,0.10024,0.09959,0.09806,0.09683,0.09616,0.09616,0.09601,0.09743297802774717,0.09916,0.1019,0.10343612232960471,0.19779403878031893,0.19149,0.18535460937840806,0.17952,0.1719,0.1657,0.15915,0.15275,0.146103499958316,0.1399062177971556,0.13387,0.1279,0.12301,0.11723
14-01-2026 09:35,25737.05,0.1012,0.11807,0.10043,0.10359399654175018,0.10049,0.09946,0.09825,0.09723,0.0971,0.0968,0.09815,0.09997,0.1024367787886811,0.10598,0.19606,0.19023,0.18435738293223786,0.17832,0.17179,0.16502,0.15814,0.15237,0.14522,0.1392,0.13298,0.12733,0.12206,0.11653
14-01-2026 09:40,25712.25,0.12103,0.10667,0.10128,0.0992395317028375,0.09942,0.09791,0.09652635886260627,0.09656,0.09661,0.09664,0.09797,0.09991,0.10275,0.10669,0.19441997660170163,0.18821,0.18245379023591032,0.17641,0.16984917977656105,0.16299,0.15661,0.15045,0.14342,0.13757973051107053,0.13162949424431147,0.126,0.1205005952634533,0.11525
14-01-2026 09:45,25691.85,0.10661,0.10863,0.10617371012339816,0.10313,0.10168,0.10053,0.09893,0.09828,0.09847,0.09854,0.09988,0.10168,0.10453,0.10839,0.19245,0.18703,0.18192,0.17525,0.16891,0.16234010869845525,0.1557116087453099,0.14913127959527586,0.14272763968039914,0.13627,0.13052,0.12473,0.11991,0.11441
14-01-2026 09:50,25701.2,0.14029642348598137,0.13385745103949195,0.1298,0.12353,0.119,0.1145,0.11092,0.10787,0.10619,0.10517,0.10541,0.10623,0.10801960789521524,0.1114,0.19394688570079013,0.18748146953147343,0.18082,0.17434,0.16731,0.16093,0.15422,0.14807,0.14131358428783175,0.13451,0.12822,0.1222,0.11692,0.11055
14-01-2026 09:55,25759.55,0.09956,0.08438,0.08875,0.09669,0.09529,0.09431,0.09485,0.094,0.09445517453074465,0.09393,0.09574,0.0974,0.1,0.10384,0.19687,0.19168,0.1855,0.1788917090508003,0.17221,0.16596,0.15952,0.15273,0.14534,0.13975,0.13392,0.1281,0.12319,0.11744
14-01-2026 10:00,25727.85,0.12568,0.11977,0.10681,0.10366387329361088,0.10037,0.09973,0.09769,0.09675,0.09648,0.09677584123955237,0.09783,0.09918,0.10196,0.10261645183020643,0.19351,0.1891,0.18224784816919248,0.17525,0.16857,0.16202,0.15562209177896105,0.14942,0.14235,0.13666,0.13071,0.12522,0.12026,0.1160034156109704
14-01-2026 10:05,25713.6,0.11955,0.11397148995494864,0.1087903001488491,0.10489,0.1025,0.09999,0.09863,0.09749,0.09764,0.0975,0.09881020748714518,0.10062857989622523,0.10315868397165216,0.10655,0.19239,0.18795,0.1817,0.17426,0.16809,0.16112,0.1554,0.14851,0.14214770115604397,0.13578,0.1299572268474858,0.12439,0.1188145227098135,0.1136
14-01-2026 10:10,25697.45,0.12007,0.11399,0.10967262003498261,0.10673,0.10349328551193056,0.10127,0.09953,0.09863,0.0985,0.09833,0.09982,0.10177,0.10429242648590543,0.10784,0.19167,0.18665,0.1804718313991226,0.17391,0.1674282052234904,0.16068,0.15396,0.14758140017711147,0.14119475914362464,0.1349,0.12901,0.12333,0.11843,0.11254
14-01-2026 10:15,25696.35,0.10053993865777226,0.0986,0.10025,0.09845,0.09782421974581659,0.09617,0.09559,0.09555123542403271,0.09583,0.0962,0.09798,0.10004,0.10297,0.10684,0.1927,0.1873,0.18138,0.17464445065914158,0.16823,0.16044,0.15501,0.14858,0.14157,0.13597,0.13009,0.12453,0.11924442339460495,0.11447
14-01-2026 10:20,25678.3,0.10372,0.10513,0.10303,0.10220420648797722,0.10077115473920872,0.0990828860174928,0.09781876819542641,0.09691,0.09739,0.09767,0.09961,0.10116,0.1043,0.10822,0.19099,0.18559,0.17988,0.17309,0.16667312609407672,0.15996,0.15296,0.14653,0.13984,0.13394818634824154,0.12823,0.12243,0.11736400958882157,0.11263
14-01-2026 10:25,25683.35,0.11226,0.1016,0.10787,0.10482,0.10177,0.10035,0.09895,0.09843,0.0983,0.09867306642420573,0.09990153338291137,0.10186,0.1046978813572812,0.10844,0.1921550909937134,0.18579,0.1799,0.17316,0.16608,0.15983051647031285,0.15358,0.14678,0.13968,0.13383,0.12811,0.12257,0.11727310074397822,0.11239
14-01-2026 10:30,25678.05,0.1206334850592686,0.11626,0.10899,0.10656,0.10338,0.10162,0.09964,0.0987,0.09904,0.09899,0.10027,0.10246,0.10523,0.10790006061686058,0.19074,0.18532462766911736,0.17943483947750152,0.17312,0.16651,0.15966,0.15311,0.14679,0.1393,0.1333576315494348,0.12746862038888293,0.12215,0.1173,0.11408030374216971
14-01-2026 10:35,25689.95,0.10832,0.09949,0.10136,0.10068,0.09855562088299685,0.09730353478405288,0.09648,0.09581,0.09623,0.09635,0.09811,0.1002334661435179,0.10299,0.10671,0.19281,0.18703184966751574,0.18115,0.17454,0.16705,0.16122,0.1541233820968203,0.14768,0.1408,0.13481,0.12932,0.12382,0.11923,0.11379
14-01-2026 10:40,25691.8,0.11136,0.10609677161447192,0.10051,0.10065,0.09835617588627735,0.09689,0.09613,0.0955,0.09586,0.09625,0.09803,0.10043989370945773,0.1033,0.10583679888024049,0.19019714442073232,0.18382,0.18047,0.17374098808181787,0.16723,0.15981,0.15412,0.14775,0.14032,0.13492,0.12911,0.12368,0.11915,0.11372
14-01-2026 10:45,25665.9,0.12,0.12893,0.12001541112745334,0.11447,0.11121,0.10756,0.10468,0.10287,0.10243,0.10173,0.10276,0.10481,0.10705,0.11056,0.18956,0.18173,0.17705784206047662,0.17155,0.16428,0.15752,0.15107,0.14471,0.13804613559597967,0.13147,0.12566060187548297,0.11951,0.11485,0.10912
14-01-2026 10:50,25695.5,0.11561310528300617,0.11226,0.1098795479157455,0.10709,0.10433,0.10152,0.1003058308178284,0.09879,0.09854,0.0981,0.09968,0.1015,0.10402,0.10765,0.19225,0.18417,0.18000459332953608,0.17509,0.16724,0.16081276156376254,0.15422,0.14724,0.14014,0.13414,0.12826654584129785,0.12272,0.11782,0.11208
14-01-2026 10:55,25706.35,0.12596203551225352,0.12225,0.1192,0.11476,0.11089,0.10792,0.10453,0.10279,0.10175,0.10116,0.10099040829246292,0.10103061665172126,0.10124993864236734,0.10154273621443884,0.19233,0.18808,0.18066,0.17386,0.16693,0.16001,0.15406,0.14736,0.14053885043572328,0.13401,0.1278,0.12218,0.1165886224557954,0.11133
14-01-2026 11:00,25720.95,0.12452,0.11411,0.11064,0.11044,0.10585,0.10416,0.102,0.10027,0.09959,0.09925123542719119,0.09964,0.10105034721436978,0.1034,0.10674,0.19353,0.1893,0.1819,0.1754168619056719,0.1684,0.16132,0.15525,0.14887,0.14143,0.13526,0.12984,0.12359,0.11881,0.1133
14-01-2026 11:05,25733.0,0.10822,0.10639183420230292,0.10324,0.10313,0.10013,0.09901,0.09724,0.09648,0.09616826675606646,0.09638042136126046,0.0972,0.09894926843019305,0.10148,0.10476,0.19424,0.18756,0.18212769693802383,0.17638,0.16928,0.1629,0.15666,0.14987,0.14271,0.13656,0.13078041764303167,0.12527,0.1207,0.11524
14-01-2026 11:10,25729.2,0.11711212306430924,0.11287,0.1085,0.10339,0.10069,0.10064,0.09866,0.09713,0.09661,0.09677,0.09802,0.09974,0.10185,0.10552,0.19367,0.18728,0.18175003141972973,0.17587,0.1686,0.16224051894360844,0.15559,0.1488133873343947,0.14213,0.13557,0.13036,0.1245,0.11983,0.11424
14-01-2026 11:15,25736.25,0.1227,0.11967,0.11314,0.10963107740533179,0.10627,0.104,0.10114263003048064,0.09912,0.09823785085622799,0.09792,0.09883,0.10029,0.10227,0.10531,0.19426,0.18787,0.18279,0.17599622973933632,0.16923,0.16265624126753614,0.1558677329951755,0.14921374869689594,0.14253418062961187,0.13617,0.13027,0.12416,0.11944,0.11401
14-01-2026 11:20,25743.15,0.11527,0.111138674639787,0.10532,0.10387,0.1013531674947605,0.09925,0.09770047560218709,0.09618,0.09572,0.09558,0.0966,0.09831,0.10072,0.10436,0.19727387258606166,0.1906456343610712,0.18407,0.17689,0.17059,0.16352,0.15673,0.1506,0.1435378737251306,0.13718,0.13110303515146257,0.12569,0.12109,0.11689728665679072
14-01-2026 11:25,25735.0,0.14145,0.13595,0.12657549735631748,0.12083,0.11546,0.11145,0.10785,0.10508,0.10308,0.1017,0.10155581665058216,0.1029,0.10451,0.10766,0.19335,0.188374925782846,0.18274,0.17581,0.16879,0.16249,0.15525,0.14864,0.14139,0.13534629019222788,0.12887,0.12327264388388945,0.11791,0.11163
14-01-2026 11:30,25773.9,0.10956,0.10850870257369037,0.10518,0.10342,0.10105,0.0986,0.09751055525167496,0.09597,0.09547000980351694,0.09497,0.09599,0.09744,0.09956,0.10308,0.19735,0.19179,0.18553,0.17783,0.1717249166041864,0.16512658553856963,0.15852332135415875,0.15251,0.14556,0.13901,0.13326,0.12717,0.12149495145547694,0.11643
14-01-2026 11:35,25764.1,0.11427,0.11474,0.10436,0.10406469260917361,0.1021,0.09935109499431469,0.09823,0.09693,0.09634,0.09610089699027664,0.09686,0.09809,0.10014,0.1038,0.19601,0.190427258447058,0.18427,0.17768,0.17075,0.16422,0.15725306876127831,0.150550735797393,0.14378,0.1376295265671221,0.13173,0.12584,0.12078,0.11668863960967157
14-01-2026 11:40,25766.75,0.11206,0.11197,0.10283,0.10208955934408374,0.09934698453877404,0.09738,0.09612,0.0951,0.09438,0.0944,0.09522,0.09699,0.09938,0.10197231095083086,0.19566,0.19026329874083825,0.18452,0.17749,0.1708,0.16376,0.15815,0.15119,0.14392,0.13791,0.13182,0.12638,0.12158,0.11576
14-01-2026 11:45,25761.25,0.11673,0.1271,0.12184,0.11623,0.11043,0.10852,0.10507,0.10246,0.10073,0.0992,0.09968,0.10056,0.10215094084509699,0.10536,0.19642,0.19024946234738105,0.18385,0.17684,0.16996,0.16337871786680797,0.15673,0.1498401013268067,0.14317,0.1364,0.13012,0.12415,0.11887,0.11271
14-01-2026 11:50,25775.3,0.11506,0.114,0.10875,0.10564,0.10242,0.10038048447410723,0.09836452433524263,0.09677,0.09612,0.09572231037296712,0.09608,0.09743,0.09925,0.1031,0.19669,0.19148,0.18503,0.17804,0.17138,0.16455,0.15768,0.15144,0.14437,0.13776,0.13182,0.12587,0.12084,0.11639452424035984
14-01-2026 11:55,25774.6,0.11361397444727517,0.11031,0.10639,0.10405,0.10135736282687306,0.09915,0.09762,0.09612,0.09519,0.09483,0.09565,0.09697,0.099,0.10248,0.19695,0.19145,0.18547,0.17822,0.17173129196769238,0.16469,0.15785303149622926,0.15125,0.14432,0.1376,0.13189830014752443,0.12598,0.12121,0.11488
14-01-2026 12:00,25786.0,0.11914,0.11363,0.10792,0.1031,0.10041,0.09901,0.09688,0.09496,0.09519,0.09431,0.09502,0.09632,0.09834,0.10177,0.2005612632787773,0.19369,0.1862,0.1792,0.17253,0.1657,0.15897860401623448,0.15274,0.14553,0.13882,0.13311,0.12682049435615064,0.12086149917426627,0.11495329610232899
14-01-2026 12:05,25782.1,0.09027,0.09366,0.0915,0.09297,0.09146,0.09081,0.09084,0.09005,0.09074,0.09041,0.09152,0.09303,0.09522,0.09724361459481888,0.19731,0.1934,0.1859,0.1789,0.17183,0.16591,0.15874722080100104,0.15254,0.14555942826098148,0.1388,0.13323,0.12721,0.12212,0.1165
14-01-2026 12:10,25757.05,0.10055,0.10634,0.09609,0.09666,0.09423,0.09342,0.09262,0.0919968294016192,0.09217,0.09183,0.093,0.09477405593157724,0.09712,0.10096,0.19533,0.18983,0.18385,0.17681,0.1701,0.16392,0.15683707029645583,0.15027,0.143544282804291,0.13719,0.13131408497452635,0.1256484892848534,0.12074,0.11663339580141627
14-01-2026 12:15,25735.55,0.13328,0.12758,0.1184,0.11589,0.11096,0.1068,0.10404,0.1013,0.10004,0.09863,0.09886,0.09992,0.10181,0.10332943905562623,0.19479,0.1881,0.18209,0.17545,0.1687644060806004,0.16153,0.15534,0.14846,0.14112,0.13424,0.12846637835828284,0.12224,0.11707,0.11081
14-01-2026 12:20,25771.55,0.1023,0.10241265563136911,0.1001,0.101,0.09756,0.09538,0.09424,0.09268,0.09315,0.09221,0.09321,0.09496,0.09733370188279178,0.10063,0.1980563275376549,0.1914219552291035,0.18486,0.17808,0.17138,0.1647,0.15779,0.15149,0.14413,0.1375,0.13194,0.12591,0.12073,0.1149
14-01-2026 12:25,25768.3,0.1056,0.09486,0.09505808149755361,0.09456980084448025,0.09506,0.09382,0.09249,0.09186620519943033,0.09157,0.09139,0.09257,0.0943,0.09665,0.1007,0.19718,0.19055,0.18462,0.17826,0.17113,0.16479,0.15784,0.15089562481993957,0.14397,0.13743,0.13211,0.12609,0.12103,0.11485
14-01-2026 12:30,25761.1,0.11558,0.11165,0.10489,0.103,0.10078,0.09835,0.09610730309390636,0.095,0.09442,0.09373,0.09423,0.09571682545346856,0.09815766397477203,0.10178,0.19663,0.19060794003477619,0.18428,0.17767,0.17053,0.16407002999374481,0.15721,0.15086,0.14382,0.13687,0.13141,0.12532299439773448,0.11991,0.11385
14-01-2026 12:35,25772.4,0.10931,0.10518702068329173,0.10127,0.0997959457835757,0.09876,0.09708,0.09512,0.0939381527402458,0.09361,0.09275,0.09373,0.09505,0.09732,0.10095,0.19727,0.1911302620521076,0.18476,0.17821,0.17132,0.16501,0.1584,0.15149,0.14413,0.13741,0.13187,0.12605,0.12072,0.11455
14-01-2026 12:40,25773.6,0.10821,0.10386,0.09096,0.09282,0.09216,0.09167,0.09025,0.09012,0.09045,0.09024,0.09158,0.09359,0.09584,0.09976,0.1968,0.19185,0.18489,0.17812,0.17105,0.16496,0.15756,0.15147,0.14452,0.13765,0.1325,0.12644,0.12137,0.11562
14-01-2026 12:45,25759.5,0.11368,0.11393,0.09807,0.09706,0.09416342604632943,0.09263985291417676,0.09285,0.09254,0.09219,0.09209,0.09296,0.09488,0.09709,0.10092,0.1954,0.18913,0.18278,0.17652,0.16967,0.16304,0.15649,0.15006,0.14284,0.13609,0.13091,0.1249,0.11999,0.11407
14-01-2026 12:50,25748.9,0.10486,0.10811,0.10082,0.09988,0.097,0.09505,0.09366,0.09266,0.09275,0.09235,0.09354,0.09521876505337375,0.09774,0.10000512479215402,0.19487,0.1883,0.18241,0.17587,0.16858,0.16249,0.15557,0.14939,0.14237,0.13565,0.12996,0.12425356698193206,0.11933,0.11358
14-01-2026 12:55,25745.55,0.11091,0.10232,0.10093,0.1015,0.09815,0.09708,0.09539,0.09436,0.09441,0.09361,0.09441,0.09609,0.09843,0.10213,0.19463,0.18844242358014462,0.18215,0.17539,0.16871,0.16212860510637933,0.15545,0.14925,0.14182,0.13512,0.12983,0.12381,0.118190866923281,0.11285
14-01-2026 13:00,25748.1,0.09798,0.10045,0.09908109681054425,0.09678,0.09641,0.09472973184723157,0.09336281540104349,0.09184,0.09217,0.09207,0.093056639648305,0.09479620633922473,0.09743,0.09933059864125801,0.19456,0.18828,0.18215,0.17563,0.16856,0.1621,0.15553,0.1495,0.14233,0.13637871093664145,0.13058,0.12426,0.1192,0.11346
14-01-2026 13:05,25745.45,0.11027,0.10808,0.10248,0.10342,0.10022,0.09776,0.09592600657600481,0.09438,0.09415,0.0935,0.09402554851960397,0.09553734312189611,0.09809,0.1023,0.19438,0.18967,0.18242518513195569,0.17543,0.16875,0.16242,0.15559942361378146,0.14955,0.1421,0.13525,0.12955464254470525,0.12372021015356163,0.11864,0.11245
14-01-2026 13:10,25759.75,0.10591,0.09899392855717139,0.09268,0.09214,0.09087,0.09034,0.08910908080335102,0.08898621694428524,0.08954,0.08952,0.09095,0.09299,0.09590884961566933,0.09952,0.19555,0.18954,0.1829356312456602,0.17643,0.16959,0.16298,0.15629,0.14989,0.14319040273502293,0.1368131443990114,0.13063,0.12474267696780651,0.11923,0.11368
14-01-2026 13:15,25750.25,0.10742872122523232,0.10412,0.09486,0.09505,0.09208120629783023,0.09183,0.09094,0.09045,0.09071,0.09088126108659901,0.09193236633199427,0.09384,0.09639,0.1006,0.19451,0.18906,0.18197731433895858,0.17521,0.168,0.16181,0.15514,0.14846,0.14183581395151412,0.1353,0.12954105022172485,0.1237,0.11871,0.11297
14-01-2026 13:20,25735.95,0.09139458674005314,0.09088,0.09116,0.08927,0.08931,0.08892,0.08832,0.08861862874057275,0.08918,0.08953,0.091,0.09341,0.09618,0.10013,0.19369,0.18739,0.18099,0.17447,0.168,0.16147,0.15465055369066286,0.14818,0.14151,0.13560366380873842,0.1298,0.12422530914077547,0.11922,0.1135
14-01-2026 13:25,25715.5,0.104657305544741,0.10317,0.09996,0.09726,0.09512031280206679,0.09414,0.0929,0.09245,0.09268,0.09269,0.09386,0.09613,0.09808599697971765,0.1007184575597343,0.19148,0.18548,0.17932,0.17288705187133405,0.16606,0.16005,0.15318,0.14687,0.13997,0.13400799531778104,0.12802,0.12231870131723474,0.11702,0.11145
14-01-2026 13:30,25717.15,0.09506577539925677,0.09475,0.09061,0.09135,0.09055,0.089915087605853,0.08954,0.08944,0.09027,0.09078,0.09261,0.09503,0.09794,0.1004941809352753,0.19223,0.18563,0.17948,0.17315,0.16635546761829476,0.15974157715673726,0.15304,0.14662,0.14002,0.13347,0.12811,0.12246,0.11762,0.11212
14-01-2026 13:35,25708.2,0.05948,0.07823,0.08042,0.08431649555662217,0.08287,0.0858193217412572,0.08537,0.08643,0.08774,0.08909,0.09137,0.09426,0.09755,0.1022,0.19065,0.18439,0.17799749262920386,0.17168087142121005,0.16508,0.15979,0.15256,0.14732,0.13992,0.13409,0.12937,0.12376,0.11973,0.11628287001931628
14-01-2026 13:40,25665.9,0.10071,0.09837,0.09493,0.09387,0.09312,0.09264,0.09251,0.09227,0.09331,0.09393,0.09605,0.09887,0.10199,0.10513559914318651,0.18757,0.18096,0.17549,0.16884,0.16204,0.1559,0.14907,0.14353,0.13648,0.13084,0.12553,0.12008,0.11569,0.1107
14-01-2026 13:45,25656.25,0.10367,0.10529,0.10202431600773176,0.0999,0.0979,0.09681,0.09591,0.0953,0.09579,0.09621,0.09776848438735854,0.10021630860304281,0.10345988990364309,0.10792,0.18711,0.18019,0.17471,0.1681309800497106,0.16170876826712283,0.15523,0.1487988213160609,0.14238,0.13615105989963427,0.13012838064484805,0.12437123626321521,0.1186,0.11398,0.10875
14-01-2026 13:50,25665.25,0.08603,0.08404,0.08659460816833807,0.08744,0.08794224234802334,0.08812,0.08863,0.08953,0.09086,0.0925,0.095,0.09812563358796669,0.10184,0.10613,0.18786,0.18174,0.17618,0.16967,0.16278,0.15688,0.14995,0.14441,0.13772,0.13229,0.12693,0.12203,0.11809,0.11319
14-01-2026 13:55,25642.0,0.10185242584826827,0.10086,0.09857,0.09824,0.0967,0.09515,0.09469,0.09448,0.09544,0.09621,0.09815439652321613,0.10106,0.10456,0.10902,0.1868035297215142,0.18037,0.17471,0.16832,0.16115,0.15548,0.14814,0.14237,0.1359706489722316,0.12968,0.12442,0.11939148464635627,0.11485,0.10964
14-01-2026 14:00,25653.3,0.09106,0.09305,0.09194,0.09174,0.09191,0.0917,0.09176,0.09207,0.09317,0.09423,0.09663,0.0998,0.10317,0.10783,0.1901700490465522,0.18311048283937775,0.17613,0.16951,0.16215,0.15569,0.1491628013026031,0.14296587967135216,0.13705,0.13132,0.12603,0.12032,0.11666,0.11162
14-01-2026 14:05,25642.2,0.10860722479766072,0.10608,0.10346,0.1008,0.09905,0.09719696885505494,0.09658,0.09615721319372711,0.09667,0.09731,0.09943,0.10212,0.10515,0.10957,0.18748,0.18169,0.17510396761077798,0.16858,0.16157,0.15529844495276607,0.14877,0.14293,0.13565,0.13011025340196547,0.12451835802945327,0.11904,0.11449,0.10944
14-01-2026 14:10,25650.55,0.11123,0.10818,0.10361,0.10363,0.10124,0.09869512109051917,0.09766,0.09692,0.09754,0.09775,0.09953,0.1022,0.10529,0.10937,0.18791,0.18165,0.17572,0.16891,0.16225317324509356,0.15548,0.14853,0.14219,0.13568,0.129,0.12353155771080734,0.11783,0.1132,0.108
14-01-2026 14:15,25666.25,0.09477,0.09346380732027514,0.09021,0.09398,0.09103,0.09079,0.09055,0.09120633704415491,0.0921097131486297,0.09333,0.09585,0.09888,0.10243,0.10634641007155753,0.1892,0.18297,0.17661,0.17028,0.16316,0.15707,0.15028,0.14447,0.1376508613747675,0.13139,0.1261,0.12108,0.11656,0.11181
14-01-2026 14:20,25637.25,0.09594,0.09529,0.09429,0.09333,0.0932,0.09245,0.09228,0.09263,0.09413,0.09507,0.09762,0.10069,0.10407,0.10859,0.18715,0.1816,0.17531,0.16882,0.16174,0.15595,0.1491464871863896,0.14326,0.13611,0.13071,0.12553,0.12043558846225488,0.11614,0.11247416908908826
14-01-2026 14:25,25618.75,0.11219,0.10809,0.10566,0.1036,0.10112298014515284,0.09998,0.09881,0.09824,0.09913,0.09998407930939332,0.102,0.10473,0.10795,0.11216,0.18674730947661614,0.18008,0.17398,0.16744,0.15996,0.15398,0.14712,0.14151,0.13442,0.12884,0.12349,0.11826,0.11355,0.10886
14-01-2026 14:30,25626.9,0.10999,0.11111,0.10746131079098312,0.10374,0.10118,0.09924,0.09838,0.09794,0.09835237074531451,0.09943764627200001,0.10151,0.10444,0.10681579310819454,0.10946525836075048,0.18745,0.18148255167685892,0.17513,0.16836,0.16088,0.15444823061723437,0.14774,0.14136180853751418,0.13513,0.12921,0.12382,0.11804,0.11347609940887436,0.10911043572725865
14-01-2026 14:35,25635.8,0.12229,0.11516,0.11152,0.10711705744216005,0.10454,0.10167,0.10004,0.09921283161831101,0.09944,0.09981,0.1019,0.10451,0.10759039320678326,0.11165,0.1871,0.1813,0.17489389778222963,0.16836,0.1615,0.15513608200816448,0.1483,0.14255,0.13502,0.12908,0.12364,0.11828,0.11329,0.10781
14-01-2026 14:40,25660.55,0.11727,0.10852,0.10571239024095974,0.10285,0.10016,0.09882,0.09724569076218326,0.09656,0.09711,0.09738,0.09949,0.10216,0.10515,0.10935,0.1897,0.18509,0.17715,0.17051,0.16369,0.15693745959886693,0.15005211438751773,0.14338945281886414,0.13687,0.13080249813874747,0.12494091099293139,0.11945,0.11421691099252854,0.10926
14-01-2026 14:45,25696.2,0.10274,0.09888,0.09845455186589196,0.09745838329247025,0.09661,0.09562,0.09455903213736591,0.09361,0.09452,0.0952732122912761,0.0971268298509672,0.09971204448817879,0.10308,0.10702,0.19234,0.18584,0.17971,0.17297,0.16607,0.16036,0.15297,0.14616658822434295,0.13961,0.13304,0.1271769761021375,0.12184,0.11678,0.11255242053188519
14-01-2026 14:50,25697.1,0.10784492878041192,0.10479,0.10023,0.09933,0.09631,0.09484760652558312,0.09393486081143052,0.0936,0.09423,0.09482,0.09688,0.09918206154564754,0.10241,0.10623,0.19216,0.18568,0.17935,0.17286,0.1656,0.15962,0.15271983005491482,0.14629,0.13970961276729252,0.13314,0.12776,0.12197368637078713,0.11689,0.11105
14-01-2026 14:55,25696.05,0.09894,0.0966599795929429,0.09433676606878352,0.09216,0.09153245995247371,0.09065,0.09068,0.09041,0.09135,0.09226,0.09483,0.09741,0.1008597384955981,0.10479,0.19065,0.18713,0.17834,0.17247252236109314,0.1655874392365138,0.15886,0.15208,0.14621,0.13914770687100442,0.13274,0.12701968308620368,0.1217,0.11692,0.11280441985956857
14-01-2026 15:00,25666.15,0.10545,0.10721,0.10359,0.10214,0.09894,0.09703,0.09592168399296605,0.09541,0.09563,0.09602,0.09841,0.10077,0.10414,0.10821,0.18941,0.18161,0.17703,0.17046,0.16314,0.15696490639940333,0.15014,0.14397,0.13713,0.13138041205772538,0.12537,0.11968,0.1144,0.10874
14-01-2026 15:05,25690.25,0.07851,0.09021,0.08915,0.09128,0.09116,0.09067,0.09081,0.09139,0.09267,0.09359,0.09631,0.09894507656605137,0.10261,0.10675,0.19082,0.18492482750266104,0.17908,0.17234,0.16507,0.15907,0.15225943494138097,0.14637,0.13923,0.13364,0.1279989295446221,0.12283,0.11837,0.11334
14-01-2026 15:10,25672.65,0.09847,0.09817,0.09722,0.09618872410180757,0.09517,0.0947,0.09444,0.09436,0.09494,0.09609,0.09819334470122164,0.10099,0.10445,0.10834,0.18913,0.18298,0.17669,0.17009261950397686,0.16318,0.15736,0.15017,0.14421135683852243,0.13802,0.13231,0.12719,0.12193954883242347,0.11733,0.11239
14-01-2026 15:15,25654.0,0.11178,0.10719,0.10592,0.10274539156355893,0.10052,0.09908,0.09815,0.0976599657419744,0.09775,0.09870213008390266,0.10062,0.10284,0.10571,0.11003,0.1885,0.18147,0.17584,0.16886,0.16139,0.15588,0.14898509933161325,0.14301,0.13577,0.13044647960917127,0.12509,0.11969,0.11511,0.11101592875400591
14-01-2026 15:20,25659.6,0.11563,0.1131,0.10901,0.10678,0.10388,0.10162,0.10026,0.09934,0.09887,0.09973193912365338,0.10162,0.10362183361619667,0.10667026689866164,0.11045,0.18926,0.18298,0.17657,0.16936,0.16209,0.15706,0.14917,0.1431289627522914,0.13668,0.13113,0.1253925534280681,0.11996,0.1153,0.11002
14-01-2026 15:25,25670.6,0.10581539121272844,0.10381,0.10346,0.10035,0.09914,0.0972,0.09624,0.09617,0.09556,0.09666,0.09979,0.10179,0.10471624436108255,0.10754486353450875,0.19156,0.1841875003775724,0.17797,0.16772,0.1662,0.15985,0.15004,0.145,0.139005177672211,0.13353,0.12719,0.12262,0.1184,0.11367665845140627
16-01-2026 09:15,25709.45,0.14811,0.13601,0.13172,0.12472,0.11844,0.11432,0.11076,0.10759,0.1067467688452285,0.1039693924852675,0.10516,0.10618,0.10852,0.11261,0.19829,0.19189,0.18628,0.17882212859490246,0.17230472088928006,0.1650473058190816,0.15732,0.15113,0.14345,0.13686,0.13103670371233136,0.12493,0.11889253225698096,0.11341
16-01-2026 09:20,25731.8,0.12205837876731533,0.11626,0.1121992508264482,0.10672,0.10463,0.10188650566693207,0.09945,0.09803,0.09794077603609536,0.09736,0.09879,0.1004,0.10317,0.10711,0.2002,0.19314,0.18643,0.17841983548327708,0.17063,0.16466,0.1575707811641638,0.15158,0.14431906378727383,0.1377,0.13216,0.126,0.12049205075280232,0.11561
16-01-2026 09:25,25713.95,0.13856,0.12875498912952962,0.12231,0.11478,0.11029151975053433,0.10721,0.10394,0.10164,0.09945,0.09887,0.09971,0.10071928435067579,0.1032,0.10491648868724202,0.19718,0.19095,0.183,0.17458,0.16717,0.16118,0.15412,0.14773,0.14098508439411847,0.13472602102208722,0.12856,0.1223,0.11729,0.1114
16-01-2026 09:30,25717.25,0.12074,0.11467,0.10708,0.10554972299844231,0.10414,0.10042634768091473,0.09836,0.09650626133545309,0.0952484516251157,0.09457,0.09555,0.09727,0.09987,0.10408,0.1958457605547918,0.18833,0.1813,0.17333,0.16636,0.15943518134321996,0.15260767499985906,0.14636,0.13917,0.13305,0.12774,0.12205413510807525,0.11695,0.11199579925993988
16-01-2026 09:35,25703.5,0.12154,0.12388,0.11176,0.10671,0.10359,0.10087,0.09855,0.0969,0.09574,0.09533,0.09651,0.0982222845233567,0.1010352812711825,0.10491,0.19475,0.1872,0.1815,0.17414273867766594,0.16709608130202344,0.16004,0.15277,0.14565,0.13886,0.13325,0.12704087550399482,0.12168,0.11707,0.11291606633315979
16-01-2026 09:40,25700.0,0.14571,0.13989,0.1281,0.12149,0.11634,0.11163,0.10743,0.10347980714536464,0.10102,0.09973,0.09978,0.10071,0.10264,0.10468250133146736,0.1957,0.18768,0.18089,0.17314,0.1663588102734313,0.15925448611197032,0.15311,0.14438,0.13719,0.13049,0.1244,0.11798,0.11307,0.10711
16-01-2026 09:45,25718.5,0.13848,0.13252,0.12600183233904794,0.12012,0.11514,0.11078,0.1061,0.1033,0.10097183852695922,0.09961062442974417,0.09937,0.10053,0.1021,0.10583,0.19647,0.18968843458886153,0.18317,0.17508,0.16795,0.16145,0.15485,0.1463214124862472,0.13866,0.1313,0.12490772892677868,0.11873299250914876,0.11363,0.1077
16-01-2026 09:50,25745.0,0.13175,0.12499,0.11837,0.11341008410961988,0.1083214623808648,0.10474800350768396,0.10126363658234669,0.09899,0.09710218344262099,0.09574,0.09589911366436438,0.09708,0.09913,0.10256,0.19912,0.19272370646692458,0.18614,0.17893,0.1719566040466922,0.16483,0.15817,0.14905,0.14158,0.13425,0.1278,0.12110590070834408,0.11573,0.10952
16-01-2026 09:55,25750.1,0.12116,0.11645028485165831,0.11099812281652495,0.10701278679895308,0.10247,0.09996559753005979,0.09694,0.09492060783473599,0.09362915386299094,0.09265,0.09316,0.0946,0.0966518238308207,0.09921549586284079,0.20006762035820908,0.19348,0.18658447199798323,0.1794,0.17254617052327545,0.16556,0.15846,0.1502646494875683,0.14261,0.13492,0.1286,0.12168467181168159,0.1158739550461195,0.11059
16-01-2026 10:00,25740.5,0.14949,0.14199,0.1312585242649686,0.12292,0.11662,0.11173,0.10763,0.103531899034606,0.10095476902296795,0.09937,0.0992,0.10044,0.10097336357584243,0.10217021953173555,0.2,0.19269,0.18624413709940912,0.17918,0.17187,0.16518,0.15801,0.14887,0.14153,0.13353,0.12685,0.12,0.11433,0.10793
16-01-2026 10:05,25754.15,0.14244,0.1307,0.12569,0.11996,0.11346,0.10926665039320871,0.10556,0.10204,0.09952,0.09822,0.09824,0.09963,0.10072508566144132,0.10232424361693976,0.19997,0.19314,0.1870761908791322,0.18045501995727367,0.17338,0.16645,0.15825764098513362,0.15018,0.14269,0.1349,0.12799,0.12135,0.11577,0.11193604517304045
16-01-2026 10:10,25768.1,0.15031,0.1401506478290124,0.13218,0.12358,0.1181237483065953,0.11277,0.10856,0.10474,0.10237,0.10067660269119698,0.0998,0.10087,0.10316889146944716,0.10645,0.20237,0.1960573920395319,0.18954,0.18223,0.17517,0.16822,0.16104,0.1521,0.14493,0.13691,0.13003393352085432,0.12319,0.11695,0.11015
16-01-2026 10:15,25809.45,0.17053,0.15802712903939287,0.14845,0.13976,0.13346,0.12639,0.12041,0.11533,0.11258,0.10915,0.10741,0.10778,0.10879,0.11139,0.20690924745954983,0.20007,0.19377,0.18647,0.17941,0.17247,0.1644548307683354,0.1565556329044198,0.14892,0.14084,0.13404,0.1272,0.12082,0.11367
16-01-2026 10:20,25841.8,0.15819,0.14716,0.13899,0.13187,0.12373,0.11897146251551617,0.11434,0.11021953901698288,0.10763,0.10463,0.10322,0.10351,0.10453420246928882,0.10678,0.21051451059315526,0.2039,0.19723,0.18991,0.1831,0.17601727543744256,0.16939,0.16111157874096332,0.15362,0.14545,0.1386521508900107,0.13178,0.12547,0.11796
16-01-2026 10:25,25852.75,0.16242,0.14949,0.13829324646387187,0.12939,0.12252,0.11715,0.11283,0.1087,0.1049925649858807,0.1027,0.10127,0.10126,0.10209,0.10456,0.2119,0.20486,0.19814191199080078,0.19119,0.18415279429576303,0.17689760898800325,0.17022,0.16149,0.15449261742016196,0.14685,0.14009,0.13271,0.12637,0.11887
16-01-2026 10:30,25857.6,0.15034,0.13945,0.13079,0.12430824530724335,0.11883,0.11293,0.10892,0.1052,0.10288,0.10016,0.0989,0.09916,0.09982,0.10275,0.21194,0.20495,0.19833,0.19135,0.18418001261226213,0.17715,0.1695236745488531,0.16177,0.15466,0.14751,0.1404958130503725,0.13347,0.12712,0.11996
16-01-2026 10:35,25863.75,0.14751189769779563,0.14056,0.13121,0.12583,0.11876801127983533,0.114,0.10955,0.10609,0.10326,0.10069,0.09935,0.09922896583427408,0.1003262130923338,0.10294,0.21288,0.2055,0.1988263572350348,0.19191,0.18503561624334988,0.1782,0.17108,0.16276,0.15562,0.14813,0.14179,0.134608310582154,0.12811,0.12226503816284563
16-01-2026 10:40,25871.4,0.11897,0.11633,0.10899,0.10727,0.10349,0.10199,0.0993,0.09705,0.09528,0.094,0.09401762919132195,0.09435,0.09576,0.09883,0.2129252621902257,0.20618,0.1999,0.1929,0.18604379207221436,0.17892,0.17202,0.1635,0.15638,0.14935442708176633,0.14258,0.13559013218812588,0.12916,0.12225
16-01-2026 10:45,25855.55,0.1377385487835687,0.13244,0.12971,0.12357,0.11755,0.11201,0.1082,0.1044,0.10165,0.09939,0.09839,0.09844,0.09942,0.10234,0.2120293018313203,0.20522,0.19840512645336977,0.19125,0.18446,0.17775,0.16998956868249374,0.16223,0.15520344888280693,0.14768,0.14126,0.13422022966997033,0.12765,0.12038
16-01-2026 10:50,25847.05,0.14577,0.13897,0.12959252230561794,0.12192,0.11503,0.11031,0.10605,0.10261,0.10005,0.09817,0.09713,0.09763509091486186,0.09903837540654317,0.10168,0.2108,0.20382,0.19754,0.19054,0.18328302905301813,0.17597370486116407,0.16863396580246595,0.16107,0.15400442629043712,0.14671,0.14015,0.13314,0.12674,0.11969
16-01-2026 10:55,25842.9,0.14318,0.1324,0.12337957088850228,0.11551,0.11107,0.10684,0.10291561304377811,0.10012351087055599,0.09825,0.09666511672045504,0.09575,0.09636,0.09761,0.09812953843558797,0.21098597925121312,0.204050890672885,0.19721,0.18991,0.18287,0.17618,0.16946,0.1609,0.15371,0.14662,0.14015,0.13314819070593834,0.1265,0.1194
16-01-2026 11:00,25831.1,0.14914,0.13678273270379554,0.12683,0.1186,0.11283,0.10897,0.10495,0.10159,0.09891146444899122,0.09715048629739229,0.09635,0.09695,0.09832,0.10148,0.20992,0.20217,0.19686,0.1892,0.1821,0.1756,0.16782584958037472,0.1602,0.15294,0.14593,0.13922,0.13217923459324735,0.12550525132799198,0.1189
16-01-2026 11:05,25828.0,0.15898,0.14145,0.13754,0.1275,0.11895,0.11351,0.10883,0.10513,0.10239,0.09981779870729925,0.09879,0.09902,0.09998,0.10281,0.2093,0.2023,0.1963,0.18895,0.18185,0.17460606469343226,0.16728552304400468,0.15993,0.15249,0.14534,0.13853,0.13165,0.12519,0.1195902741591405
16-01-2026 11:10,25825.7,0.13287,0.12163,0.11516,0.11241,0.10781,0.10493,0.10155726553395684,0.09914,0.09707358753756717,0.09583,0.09518,0.09622,0.09783,0.1011,0.20835,0.20105,0.19449444396291418,0.18761,0.18088,0.1747,0.16794,0.15954,0.15263,0.14559,0.13948,0.13255,0.12667,0.12009
16-01-2026 11:15,25823.0,0.1348,0.11791,0.11802,0.11308,0.10815,0.10492,0.10139226825399816,0.09876,0.09692,0.09503,0.09503926083103728,0.09583,0.09765,0.1011,0.20775,0.20051411336156497,0.19365,0.18588,0.17904,0.17256,0.16557,0.15775,0.1512559742912331,0.14429,0.13832,0.13183,0.12611,0.11987
16-01-2026 11:20,25813.0,0.1374,0.12177,0.12075,0.11476,0.10972,0.10533,0.1025,0.09935218781429164,0.097298830574842,0.0959,0.0958356464545915,0.09673,0.0982,0.1015,0.2054390210558305,0.19854,0.1919258330642545,0.18506906599384826,0.1779,0.17119,0.16423,0.15643,0.14972,0.14286,0.13693,0.13046911547618328,0.12445,0.11825
16-01-2026 11:25,25811.55,0.14089,0.1292,0.12487,0.11889,0.11332,0.10936,0.10597,0.10248,0.1002,0.09808,0.09763,0.09789899472271017,0.09942,0.10261,0.20686,0.19845,0.19273,0.18494,0.1780915580465573,0.17108,0.16435,0.15612,0.14943,0.14258,0.13608822235520604,0.12987,0.12362537139181105,0.11761
16-01-2026 11:30,25823.8,0.15411,0.113,0.11435,0.10898,0.10259247885301724,0.102,0.09995,0.0975,0.09647,0.09487,0.09483,0.09594,0.09743,0.0975666651072355,0.20831,0.19913,0.19347,0.18572,0.17835,0.17133294484743533,0.16483,0.15688,0.15027,0.14366,0.13741,0.13085,0.12501,0.11873
16-01-2026 11:35,25810.0,0.12446,0.11930608683544724,0.11493,0.11056606970783914,0.10626,0.10419,0.10133,0.09905,0.09732,0.09597,0.09578663992662832,0.0965,0.09825,0.10142,0.20388,0.19723,0.19164,0.18424,0.17716,0.17024,0.16336,0.1559903240240954,0.14879,0.14201,0.1359188880102368,0.12997,0.12389,0.11763
16-01-2026 11:40,25806.75,0.1389,0.12465,0.11794,0.1111371346215921,0.10622,0.10315,0.10062,0.09812,0.09705,0.09571207928272661,0.09532,0.09634,0.09806,0.10154,0.2045,0.19813,0.1924,0.1843,0.1769,0.16997,0.16277328392328577,0.15568216512788782,0.14868,0.14202,0.13598,0.12931,0.12373,0.11758
16-01-2026 11:45,25794.7,0.14051,0.13091,0.12307432177794557,0.11682,0.1107,0.10674,0.10367,0.10097,0.09913,0.0973,0.0968,0.09763,0.09919,0.10272,0.20353,0.1979,0.19172,0.18358,0.17642,0.16940533382966894,0.16245,0.15443,0.14754,0.14069,0.13437,0.12782,0.12173123568464467,0.11579
16-01-2026 11:50,25794.65,0.14526,0.13098,0.12389,0.11648573261551161,0.1119,0.10766,0.10416,0.10134,0.09948,0.09772,0.0971,0.09817,0.09991,0.10361,0.20397,0.19776185799362989,0.19142,0.18361,0.17616,0.16919965360696068,0.16225,0.15425,0.14738,0.14055,0.13438,0.12772,0.12185,0.11541
16-01-2026 11:55,25797.25,0.11631,0.11333,0.10804,0.10403,0.10069,0.09881,0.09713,0.09555,0.09487,0.09344,0.0945010276130646,0.09565,0.09765,0.10157,0.20337,0.1978,0.19074133131133386,0.18355,0.17697,0.17019,0.16317,0.15554177491528265,0.14836,0.1416,0.13501546897457403,0.12902,0.12386903906765044,0.11995029913170539
16-01-2026 12:00,25774.5,0.151919599013596,0.14442,0.13569,0.12757,0.12104,0.11543,0.11063,0.10685,0.1044,0.10161,0.10115859446685209,0.10162,0.10292,0.10615,0.20194,0.19518940950030586,0.18821953751091935,0.18098,0.1740758295777328,0.16691,0.15963822186357676,0.1524,0.14513,0.1386,0.13227933519010396,0.1260327595607347,0.12011,0.11355
16-01-2026 12:05,25790.15,0.15373675782243607,0.14723,0.14572,0.13608,0.12841,0.12167,0.11576,0.11112988607484801,0.10792,0.10457,0.10314,0.10357,0.10446,0.10716,0.2032182189493054,0.19612,0.18942,0.18174,0.17474918159323657,0.16733,0.16055,0.15316532788428128,0.14594,0.13939,0.13266153795433364,0.12604,0.11984915108206766,0.1138
16-01-2026 12:10,25810.95,0.15056,0.1455761363484986,0.14114,0.13138,0.12354,0.11753,0.1127999149734498,0.1085,0.10518028929871123,0.10281521919509902,0.1017,0.10199,0.10283,0.10549,0.20417,0.19712,0.19123,0.18259,0.17569,0.16842,0.16154,0.15399,0.14702,0.1405,0.13383467174560298,0.12742,0.12188,0.11663429630250181
16-01-2026 12:15,25821.3,0.13938,0.13234,0.12675,0.11879,0.11084,0.10838,0.10431208922570787,0.1012,0.09915408887777609,0.09792,0.0971,0.0978,0.09951,0.10262,0.20592,0.19919,0.1913923895923859,0.18384,0.17603,0.16828,0.16178,0.15432,0.14768341281105124,0.1412,0.134818236577436,0.12869061930419917,0.12271204724022128,0.11702
16-01-2026 12:20,25815.75,0.14513,0.1334,0.1244763662508461,0.11959,0.11265235462486035,0.10836609908102622,0.10576,0.10238,0.1004,0.09856,0.09786,0.09855,0.09994,0.10298,0.20463,0.19799590354456198,0.19134,0.18306,0.17587,0.16858614441909137,0.1613,0.15420299508119537,0.14733,0.14068,0.13489,0.12865510107821182,0.12264,0.11623
16-01-2026 12:25,25811.0,0.07388,0.07556,0.07403,0.08059,0.0818,0.08406,0.08529,0.08605,0.08702,0.08707,0.08859,0.09116,0.09449038678477219,0.0983,0.20347377146822834,0.19641,0.19061,0.18234,0.17548,0.1685,0.16209,0.15489493044752337,0.14875,0.14239873400217587,0.13670689473985534,0.13181,0.12662419116116136,0.12217753035460185
16-01-2026 12:30,25738.6,0.15064,0.14403,0.13703,0.12998,0.12139,0.11635,0.11184,0.10782,0.10574,0.10304,0.10235,0.10337,0.1046,0.10804,0.19945720810762813,0.19115,0.18304,0.17546,0.16765,0.16045,0.1535990069124635,0.1465,0.14012095821713708,0.1333,0.12759,0.12143,0.11626,0.11068
16-01-2026 12:35,25771.0,0.13271,0.11957,0.11999,0.11437,0.10998025945344078,0.10620658433740508,0.10300097443852545,0.10066944481607039,0.09866135268382786,0.09743,0.09773618770453006,0.09898,0.10074,0.10431,0.20220414927027514,0.19394626620241887,0.18619,0.17795,0.1699,0.16309,0.15609,0.14932,0.14276,0.13619,0.1304020909140478,0.12469,0.11993,0.11418
16-01-2026 12:40,25768.5,0.12295735104640362,0.11783,0.11523,0.11094,0.10513,0.10293,0.10049,0.0988620741363941,0.09773,0.09643,0.0967,0.09827,0.10039,0.10439,0.2020332910997264,0.19373,0.18564,0.17742,0.17032,0.16289,0.15638,0.14954,0.14292,0.13661,0.13136,0.12545,0.12058,0.11512
16-01-2026 12:45,25759.4,0.13574,0.12873,0.11727,0.11155,0.1062,0.10337745317079565,0.10183,0.09921693442055125,0.09776598349754531,0.09762,0.09773,0.09932639074009121,0.1015,0.10533,0.19968,0.1918,0.18408641391556624,0.17633,0.16985,0.16292,0.15605,0.14955,0.14262,0.13604,0.1302454381048492,0.1246,0.11957,0.11427
16-01-2026 12:50,25750.05,0.15113,0.1299,0.13151,0.12439,0.11706,0.1124,0.10845,0.10559,0.1026978087997294,0.10154,0.1012741719646647,0.10258,0.10427,0.10777,0.19893,0.19105,0.18448,0.17589,0.16936,0.16186561990659348,0.1545,0.14786,0.14082,0.13403,0.12818,0.12194,0.1167,0.11113
16-01-2026 12:55,25759.95,0.13098,0.11788,0.10878,0.10496060469951751,0.10147,0.10013,0.09771713328380767,0.09701,0.09661,0.09593,0.09607,0.09866,0.10065,0.10459,0.20021,0.19235750829032106,0.18499,0.1771,0.17085,0.16355,0.15686,0.14965,0.14307,0.13674125510150076,0.13093,0.12519163754730145,0.1202,0.11467
16-01-2026 13:00,25740.05,0.11584,0.11504,0.11065200181678968,0.1065,0.10353,0.10136,0.09962,0.09801973500559076,0.0972622551066668,0.09708,0.09784,0.09999,0.1022,0.10614,0.1984778988195332,0.19105,0.18404,0.17607,0.16912,0.16179,0.15459,0.1476,0.14118,0.13473092323771166,0.12892980257418185,0.12322,0.11839,0.11323
16-01-2026 13:05,25723.25,0.13718,0.12798626965984233,0.12073,0.11549,0.11086,0.10673,0.10355,0.10198,0.10077,0.0998,0.10027,0.10199,0.10432,0.10812,0.19679,0.18752,0.18262,0.17443549851924994,0.16707,0.15978,0.1526,0.14583,0.13886,0.13222,0.12679,0.12034,0.11536139558775399,0.11048
16-01-2026 13:10,25717.95,0.12966065313675812,0.12359,0.11648,0.11189,0.10762,0.10473,0.10199,0.10044,0.09986,0.09863,0.09951,0.10155,0.10385,0.10775,0.19595,0.18846,0.18113,0.17322,0.16633,0.15906,0.1519,0.14494,0.13801,0.13187,0.12626,0.12043,0.11581,0.11036
16-01-2026 13:15,25715.5,0.12546,0.12116,0.11565,0.1126,0.10896,0.10405,0.10198025294560692,0.09984,0.099,0.0988208938982971,0.09953103451933383,0.10146,0.10356,0.10763,0.19592996923737488,0.18828,0.18058,0.17307791097272623,0.16584,0.15805,0.15146,0.14411,0.137656745403574,0.13131465038410128,0.12538,0.11965,0.11476,0.10943
16-01-2026 13:20,25705.4,0.12947,0.11802,0.11258,0.10834,0.10478706535260103,0.10232,0.10035,0.09896,0.09863,0.09863013118749502,0.09917,0.10128,0.10405,0.1082,0.19409,0.18625,0.17938,0.17117,0.16438,0.1572512598346881,0.15032,0.14401,0.13719,0.13099974853305982,0.12549,0.11984,0.11567,0.1110299518786436
16-01-2026 13:25,25670.15,0.13963869233623802,0.13330899434976048,0.12849,0.12230085190848874,0.11803,0.11384,0.10975772140813948,0.10745,0.10562,0.10372,0.10444,0.10609,0.1081077746098411,0.11141880327178638,0.19162,0.18412465436047984,0.17675,0.16848,0.16129,0.15448043889780497,0.147611547794783,0.14091,0.13484,0.12774,0.12256,0.11649,0.11182,0.10669
16-01-2026 13:30,25701.15,0.12820838588554914,0.12167,0.11776,0.11068,0.10665,0.10372,0.10152,0.10011,0.09928,0.0984,0.09946,0.10177,0.10453,0.10864,0.19291,0.18635,0.1780713279172633,0.17016,0.16337131948303624,0.15684,0.14982531973669722,0.14324,0.13718,0.13102,0.12596,0.12036391797605298,0.1154386566213695,0.11092
16-01-2026 13:35,25687.3,0.14434,0.13011,0.12208,0.11664360650151943,0.11418,0.11021,0.10674,0.10463,0.10289,0.10208812180750498,0.10239,0.10459,0.1070369939259097,0.11112,0.19179,0.18521,0.17755,0.169,0.16225,0.15562,0.14855508570311615,0.1420289939831243,0.13532,0.1298,0.12427,0.11899328757330982,0.1141,0.10873
16-01-2026 13:40,25701.3,0.12296402847431923,0.11804194284418291,0.11376,0.10739,0.10685,0.10394,0.10172,0.10015241134307634,0.09912878023518248,0.09871,0.10006282257658032,0.10235,0.1049,0.10853735188983875,0.1943,0.1862546379351842,0.17877,0.17057,0.16381,0.1569,0.15027,0.14380325854674775,0.13759,0.13161407566227104,0.12613,0.12059,0.11633,0.1111
16-01-2026 13:45,25699.7,0.1373,0.13042,0.11779,0.11529,0.10943,0.1053,0.10285,0.10143,0.10042,0.09952,0.10051,0.10286,0.10561,0.10982,0.1942,0.18628331681445912,0.17866,0.17052240863742296,0.16244,0.15595,0.14943,0.14283516265636167,0.13674,0.13033,0.12474,0.11878,0.11483,0.10907
16-01-2026 13:50,25712.85,0.096,0.09541,0.09935,0.09913,0.09681,0.09661,0.09558,0.09552188675349432,0.09548043470268038,0.09559,0.09745,0.10022,0.10331,0.10789,0.19489,0.18785,0.18054,0.17231,0.16487,0.15825,0.15232,0.14546,0.13945,0.1336716995784751,0.12872,0.1229,0.1191,0.11438
16-01-2026 13:55,25689.85,0.12024,0.11693,0.11188,0.10916,0.1054,0.10302872960495751,0.1014,0.10011,0.09981,0.09965581080573256,0.10065,0.10302,0.10586,0.11021,0.19343,0.18606205915576263,0.17932,0.17,0.16355850218807033,0.1565190828507143,0.14998,0.1431,0.13705,0.13101,0.12583,0.12037,0.11563278567776608,0.11085
16-01-2026 14:00,25681.95,0.12937,0.1228,0.11186,0.10728,0.10449,0.10222,0.10041,0.09939,0.09858019673071308,0.09873,0.1004,0.10286,0.10605,0.11042,0.1928,0.1849,0.17867,0.16968,0.1625,0.15605,0.14951,0.1426934117744346,0.1363,0.13023,0.12524,0.12015274391104153,0.11561047871198721,0.11123229648009769
16-01-2026 14:05,25682.85,0.11697,0.10862,0.1064,0.10270628349325917,0.10009,0.09877,0.09754387684228151,0.09708,0.0973,0.097910069931766,0.09919,0.10199,0.10529,0.10988,0.19376,0.18657,0.17982,0.17173576383649766,0.16379,0.15719,0.15029,0.14367,0.13742,0.13134,0.12618,0.1206,0.11655,0.11155
16-01-2026 14:10,25684.7,0.12427,0.11599,0.11313,0.10868374659916658,0.10579,0.10318,0.10086,0.09999,0.09936,0.09903,0.10061,0.10323,0.1050768922154935,0.1078256665452271,0.19436,0.18752,0.18102,0.17225,0.16485,0.15764,0.15094,0.14389855503218685,0.13746,0.13112,0.12593,0.12005,0.11561,0.1113808738095414
16-01-2026 14:15,25676.95,0.1296,0.11748,0.11738,0.11117982692664005,0.10781,0.10494,0.10251,0.10111,0.10068,0.1001,0.10156,0.10398,0.10693,0.1114,0.1929,0.18651,0.18004,0.17128,0.16389,0.15694752233578702,0.15001,0.14276,0.1365580656591818,0.13007,0.12489,0.11927807793819035,0.11431,0.10882
16-01-2026 14:20,25689.4,0.13376,0.12117,0.11415,0.11165,0.10693,0.10432,0.10156,0.10039,0.09925900982177494,0.09924,0.10062,0.10271500398555092,0.10594,0.11044,0.19482,0.1876,0.18081,0.17175,0.16485998832642385,0.15734,0.15051,0.14377,0.13728,0.13077,0.12511695621950608,0.11961,0.11523,0.11067892161696641
16-01-2026 14:25,25707.1,0.10563,0.10337,0.09999,0.10054688965125008,0.09989,0.09852,0.09679,0.09635,0.09596,0.09605,0.09786,0.10066,0.10379,0.10792408566809877,0.19591,0.1892496962925676,0.18305,0.17365,0.16691,0.15974,0.15263,0.14607,0.13954,0.13287,0.128,0.12215431816184481,0.11732,0.11286514869689335
16-01-2026 14:30,25688.2,0.1291,0.12584,0.11783,0.11225,0.1086,0.10543,0.10269,0.10131,0.10008,0.0997,0.10106,0.10291922751239733,0.10627,0.11062,0.1945107591545777,0.18678,0.18041,0.1717,0.16468,0.15744224948396432,0.15022,0.1435,0.13669,0.13054,0.12518,0.11931,0.11504,0.10955
16-01-2026 14:35,25708.0,0.0988,0.10515163074002302,0.10769,0.10343,0.10132,0.09913,0.09727,0.09646001414759679,0.09596,0.09625611617292218,0.09733273292104183,0.09940748211586967,0.103,0.10684739538476128,0.19669787811416062,0.18888,0.18215,0.17312,0.16617,0.15883,0.15184,0.14478,0.13916,0.13226,0.12660613229402626,0.12106803579865294,0.11599811302649221,0.11142
16-01-2026 14:40,25706.4,0.13025,0.11776,0.11254,0.10775,0.10445,0.10217,0.09936682246233608,0.09848,0.09765,0.09744,0.09866,0.10081,0.10407,0.1051337074767405,0.19508,0.18877,0.18134,0.17234,0.16547282200689256,0.15791,0.15124,0.14424,0.13793590048443366,0.13152,0.12614,0.12051506682067234,0.11546,0.10992
16-01-2026 14:45,25707.8,0.11305,0.1107026039600576,0.1079,0.1037,0.10178533924906542,0.09932,0.09747,0.09656,0.0962,0.096,0.09755,0.09977946748810752,0.10313168127680178,0.10763,0.19566,0.1873844380727162,0.17950619767259568,0.17193836915299726,0.16439,0.15805,0.15116,0.14419,0.13795,0.13183,0.12668,0.12112,0.11591374797048908,0.11095
16-01-2026 14:50,25692.95,0.12547,0.11918,0.10981,0.1093,0.10592,0.10255,0.10015,0.09932,0.09851,0.09818,0.09941,0.10159,0.10482,0.10908,0.19487,0.18741302076708663,0.17988,0.1722431551752985,0.16477032193640404,0.15742169918164653,0.15028,0.14363,0.13705,0.13131084494638956,0.12599,0.12031,0.11583,0.11170336702376837
16-01-2026 14:55,25700.95,0.12331432575231734,0.1182115807671023,0.11405,0.10999,0.1059860818974996,0.10265241198186655,0.09998565594788239,0.09834,0.09736,0.09789,0.09887,0.1009,0.10365,0.1081,0.19471,0.18681,0.18024,0.17093,0.16399166285964542,0.15639,0.15009,0.14316,0.13697,0.13133,0.12612,0.12069182227888496,0.11571,0.11054
16-01-2026 15:00,25706.3,0.11793,0.10192,0.10295,0.0998855268365109,0.09969,0.09792,0.09651,0.09594,0.09545,0.09534,0.09684,0.09922,0.1025,0.10705,0.19519,0.18809,0.17945836017343975,0.17142,0.16433,0.15744,0.15132,0.14473,0.13875,0.13248,0.12724102531960807,0.12204227320323381,0.11743,0.11238
16-01-2026 15:05,25694.05,0.11281,0.1108,0.10746,0.10416,0.1024,0.09971,0.09806,0.09725,0.09693,0.09638,0.09790216102132414,0.10026,0.10341,0.1081,0.19419,0.18703813301532776,0.1797,0.17178113044393495,0.16417565478582893,0.15637,0.15045,0.14318,0.13751917135293348,0.13156,0.12665,0.1213555141665875,0.11665,0.11126
16-01-2026 15:10,25691.6,0.11496,0.11011,0.10436,0.103,0.10034485981263302,0.09867,0.09737,0.09678,0.09653,0.09608,0.09782,0.10012,0.1032,0.10803,0.19358,0.18595234354672796,0.17879,0.16985,0.16215,0.1559,0.14978,0.14276,0.137,0.13137879472708355,0.12608795807396941,0.12112,0.11638,0.1119981217672365
16-01-2026 15:15,25691.75,0.12581,0.11931924380607625,0.11411,0.1095108696656842,0.10641,0.10313,0.10126,0.09949,0.09855476131425422,0.09851909815561781,0.09963,0.10167011618420303,0.10484,0.10931,0.195243758773764,0.18655,0.17919,0.16989,0.1627362932468855,0.15566,0.14903366106459212,0.1427943708715592,0.13686,0.13116816727821687,0.12573576950049625,0.12036,0.1151838714705287,0.11
16-01-2026 15:20,25695.9,0.12636,0.11841,0.11262,0.10801621947552746,0.10512,0.10249,0.10053,0.09875915273928837,0.09793,0.098094358405321,0.09946,0.10206,0.10430158194672909,0.10705041783815397,0.19487,0.18658462407864196,0.1786656364779921,0.17096,0.16373139264429484,0.15688,0.14998126189478736,0.14363,0.13724458735476278,0.13107,0.12569358701329697,0.12023,0.11537,0.10972
16-01-2026 15:25,25697.65,0.12031,0.1104,0.1066,0.10453,0.09976,0.09915,0.09722,0.09583,0.09506,0.09531,0.09719,0.10021,0.10266020418961631,0.10574698700729432,0.19461,0.1898,0.18118,0.17114,0.16431,0.1551,0.14895,0.14256,0.13677,0.13126,0.12625,0.11962,0.11517,0.10954
19-01-2026 09:15,25549.65,0.14245,0.13519,0.1273321902193039,0.1220527700639453,0.1214,0.11899,0.11806,0.11706070900483348,0.11852,0.11961,0.12266,0.1258901549970671,0.13197235185790268,0.13657,0.20612,0.19843,0.1915,0.18321,0.17385,0.16623,0.15889,0.15008,0.14249,0.13629313101439447,0.12989,0.12416095244612192,0.1187,0.11346
19-01-2026 09:20,25596.45,0.08441,0.08932,0.09374,0.09633,0.09736,0.10045430790256726,0.1011,0.10234,0.10559,0.10938232226623576,0.11308,0.11716,0.12432769147597272,0.12876,0.21017,0.20166,0.19502,0.18657,0.17775,0.17067,0.16256,0.15405,0.14719401769829119,0.14047,0.13504,0.12996,0.12594,0.12153
19-01-2026 09:25,25570.45,0.1024,0.10142,0.10257,0.10294105191652023,0.10281030243156108,0.10380161675402916,0.10414,0.10522,0.10833,0.11178254855799219,0.11551448730555608,0.12016,0.1267579253245432,0.13211,0.20873,0.20057,0.19328,0.18469,0.17673,0.16852,0.16075,0.15237338757255148,0.14424,0.13812,0.13237,0.12696,0.1231,0.11855
19-01-2026 09:30,25544.4,0.1437,0.13407,0.1273372955845228,0.12442,0.11993,0.11696,0.11503503143573159,0.11492,0.11679,0.1189,0.12285,0.12687,0.13188,0.1371468998960513,0.2069969496559471,0.19894,0.19143001072119117,0.18313,0.17511646962089983,0.16678501204903232,0.15844506429021882,0.1504,0.14143,0.13439,0.12786556808970903,0.12151,0.11662,0.11102
19-01-2026 09:35,25579.4,0.09938,0.09619,0.09934,0.0999529430709356,0.10060842488770398,0.10124,0.102,0.10339,0.10655,0.10958,0.11408425366892358,0.11861,0.12437,0.13093,0.21264,0.20463,0.19773,0.18849,0.18053,0.17254,0.16418,0.15508431058641417,0.14696,0.13985,0.13352200955930943,0.12832,0.12423,0.11922
19-01-2026 09:40,25551.95,0.12474,0.12028,0.11453,0.11254,0.11043,0.1089204409088129,0.10928,0.1094,0.11187,0.11453,0.11827824472339547,0.12256145323224636,0.12803,0.1333419736793704,0.20806,0.20021,0.19271,0.1843806035421338,0.17590522109093962,0.1672,0.15878242020994668,0.15037102439041686,0.14261528131574705,0.13476,0.12888,0.12327608651470741,0.11862,0.11313
19-01-2026 09:45,25560.95,0.11745,0.11174,0.11006,0.10947,0.10771,0.10715,0.10706,0.10726,0.11016,0.11282,0.11653376925918878,0.12107,0.12643,0.13281,0.20898,0.20092332492656034,0.19284583510080355,0.18423,0.17651,0.16847,0.16008,0.15174,0.14344,0.13618,0.13053,0.12461,0.12019,0.1149
19-01-2026 09:50,25558.35,0.09813,0.10066434715557765,0.10203,0.10231,0.10235,0.10252,0.10324,0.10533633325250993,0.10771,0.11077,0.11505583043784771,0.12005,0.12593,0.13257,0.20877,0.20137091394746814,0.19383,0.18471,0.17721,0.16877,0.16055,0.1521,0.14406,0.13739889051225254,0.13127391039233763,0.12572,0.12158,0.11685
19-01-2026 09:55,25558.2,0.10221,0.10014,0.10154260408509708,0.10229,0.10223,0.10269987050777955,0.10338,0.10459,0.10823,0.11146,0.11594,0.1209,0.12671193101096925,0.13321,0.20929,0.20139,0.19461,0.18508,0.17753,0.16879,0.16056,0.15232,0.14407,0.13771519174045554,0.1319,0.12601,0.12211,0.11727
19-01-2026 10:00,25520.6,0.11102,0.10743,0.10734,0.10683,0.10585,0.10606044222138068,0.10601,0.10849029029996989,0.11123,0.1146,0.11929,0.12411,0.13013,0.13675,0.20707,0.19896,0.19193,0.18325,0.17535,0.16608,0.15773960044313876,0.14947,0.14123,0.13504,0.12974,0.1241,0.11925228747795504,0.11506
19-01-2026 10:05,25510.95,0.12527514601827924,0.12154,0.11737,0.11412355370935998,0.1124,0.11138,0.11069,0.11147,0.11459,0.11726153043453472,0.12142302535255449,0.12648,0.13215,0.13871,0.2057,0.19803,0.18988,0.18129,0.17407,0.16455,0.15632,0.14803053176223616,0.13978,0.13291,0.12687475880670454,0.12118,0.11689,0.11165
19-01-2026 10:10,25528.25,0.11377,0.11102,0.10945,0.10865,0.10732,0.1069,0.10676,0.10798,0.11157,0.11463,0.11918,0.12409,0.12999,0.13649,0.20844319900086583,0.20022,0.19168,0.18279,0.1744567860703873,0.1662,0.15755589585485602,0.14982,0.14134,0.13535,0.13002,0.12434,0.12024,0.11652925098730485
19-01-2026 10:15,25530.4,0.12141,0.11548,0.11096,0.10883058585115848,0.1083,0.10704182415411129,0.1075,0.1084,0.11225,0.11533,0.11958874318203924,0.12455,0.13037,0.13602969476929175,0.20674,0.19922,0.19156,0.18271,0.17454203998472978,0.1662,0.15741037057172783,0.14908,0.14128,0.13452572708855512,0.1285721728529231,0.12367,0.11966,0.11682354073308496
19-01-2026 10:20,25543.9,0.10527,0.10863,0.10872,0.1073535670882049,0.10618,0.10562,0.10593,0.10742,0.1109,0.1139,0.11814,0.12301015316281058,0.12856,0.13525,0.20859,0.20123711095079963,0.19336,0.1849669544150097,0.1765,0.16769,0.15962,0.15065,0.14289,0.13678,0.13111,0.1262,0.12128,0.11615
19-01-2026 10:25,25526.15,0.09784,0.10189,0.10270189825320433,0.10252,0.10243,0.10311,0.10435,0.10618,0.11058,0.1139117374488593,0.11839,0.12352,0.12896806169125954,0.13445972086510058,0.20783,0.20095,0.19232,0.18335,0.17583,0.16711,0.15904,0.15084,0.14335,0.13761,0.13253,0.12716,0.12338,0.1189
19-01-2026 10:30,25515.7,0.11207,0.11108,0.10904,0.10873,0.10713,0.107,0.10726,0.10887,0.1126,0.11579,0.12005315750655557,0.12525,0.13067,0.13722,0.2084444578670678,0.19991391593627508,0.19129,0.18263,0.17446,0.16575,0.15768,0.14928,0.14242889091402514,0.13660547356933456,0.13146808394085213,0.12648054643708453,0.12146,0.11627
19-01-2026 10:35,25513.9,0.11129449410078467,0.10845,0.10764,0.10713,0.10687,0.10626,0.10705,0.10863,0.11265,0.11595,0.12018,0.12525852414906785,0.13066,0.137,0.20642512685823386,0.19815,0.19151,0.18248,0.17431,0.16585,0.15774,0.14968,0.14227,0.13646180996101748,0.1309278583687183,0.12639,0.12175824084575008,0.11797
19-01-2026 10:40,25500.4,0.12671,0.12105,0.11709103746007864,0.11492,0.11304,0.11163114784464638,0.11166,0.11259,0.11596,0.1186,0.12238,0.12702,0.13226,0.13833,0.20705493174920048,0.19851020589015766,0.1900097847023461,0.18111,0.17319,0.16441,0.15625,0.14777,0.14052,0.13466208532361104,0.12906,0.12365,0.11946,0.11466
19-01-2026 10:45,25525.55,0.11111,0.10924,0.10772,0.1078,0.10675186948436201,0.10635,0.10664,0.1084,0.11199,0.1149,0.1191706564158635,0.12381,0.12913,0.1355,0.20887,0.20024,0.1921541682806845,0.18344,0.17591,0.16744,0.15888,0.15089,0.14323,0.13762199875976963,0.13255,0.12684,0.12298,0.11823
19-01-2026 10:50,25515.9,0.12245987646348024,0.11866,0.1148,0.113,0.11051,0.10984,0.10947,0.11058,0.11388,0.11648,0.12068731596797252,0.12544,0.13063,0.13669,0.20749,0.19889,0.19183,0.1828,0.17492,0.16565,0.15761,0.14864,0.14145,0.13566,0.1298,0.12429,0.11994,0.11683642723973703
19-01-2026 10:55,25526.35,0.13233,0.12637,0.12086846303115648,0.11702669878671665,0.1144,0.1118,0.11078,0.11192607960106439,0.11378083426899785,0.11657,0.12053,0.12501,0.12999,0.13624,0.20857,0.19956,0.19221,0.1833539958875737,0.17477549202061518,0.16603,0.15766,0.1492802032857762,0.14085,0.13438,0.12854,0.12257,0.11808,0.11313
19-01-2026 11:00,25550.1,0.12151,0.11932,0.11574582708133216,0.11367,0.11167003006297997,0.11000909777028545,0.10945950756122783,0.10928,0.11236,0.11481,0.1185,0.12295350059273558,0.12812,0.13287262894100335,0.21143,0.20274687720103102,0.1943,0.18508,0.17745,0.16863,0.15979546539417794,0.15139,0.14332,0.13704,0.13131,0.12541,0.12046,0.1154
19-01-2026 11:05,25561.85,0.10899,0.10138,0.10069,0.10252,0.10108376441871753,0.10169,0.10215,0.10318,0.10665,0.11021723216371056,0.11449,0.11959,0.12517,0.13184,0.211421316410037,0.2031241510017435,0.19516,0.18634,0.17851989616193278,0.17074,0.16283,0.15475554227729943,0.14716,0.14106,0.13515,0.12992,0.12486892305326015,0.12077
19-01-2026 11:10,25540.3,0.11046,0.11083,0.10827,0.10789,0.10588,0.10491,0.1057080277573789,0.10638,0.10954,0.11268,0.11737,0.1223,0.12767,0.13403,0.20769,0.20022,0.19262,0.18414,0.17678,0.16805853731632417,0.16,0.15135,0.14463,0.138,0.13236,0.12694,0.12227,0.11743
19-01-2026 11:15,25533.8,0.10798,0.10731,0.1053,0.10503,0.1036,0.10349,0.10402,0.10558,0.10894,0.11228,0.11706,0.12214,0.12774,0.13422,0.2066,0.19961,0.19276,0.18385,0.17612,0.16777,0.16000740522999463,0.1526283927690854,0.145599456871505,0.13909990611056877,0.13327,0.12781088345941746,0.12329,0.11945242998165158
19-01-2026 11:20,25513.75,0.12529,0.11862,0.11345756555061315,0.11049318488713082,0.10878126043819437,0.10821071679156452,0.109,0.10982,0.11303,0.11594,0.12016726697371194,0.1251058856140051,0.13082,0.13623402123663486,0.20623095437383926,0.19808,0.19148,0.18214,0.17438080606925532,0.16601729003692242,0.15801,0.15006806977937165,0.14218,0.13622,0.13042,0.12493988490366317,0.12023,0.11555
19-01-2026 11:25,25514.95,0.12155,0.11808647038992985,0.11468750128182745,0.11269,0.11016,0.10919,0.10884,0.10989,0.11307,0.11606,0.12056,0.12524,0.13056,0.13686,0.20677,0.19908,0.19201,0.18296,0.17563,0.16681,0.15861,0.1503,0.14252,0.13653,0.13071,0.12502372434181297,0.12058,0.11544
19-01-2026 11:30,25517.75,0.1164,0.11895,0.11447,0.11289642036811445,0.11014,0.10924629052132331,0.10842,0.10934,0.11251,0.11579,0.12019,0.1249,0.13011,0.1346210932381881,0.20709,0.1994,0.19234,0.18385416390520648,0.1754,0.16715,0.15874,0.15046,0.14358789367012442,0.13664,0.131,0.12495177220854295,0.11990172209370523,0.11537
19-01-2026 11:35,25523.55,0.13105,0.12514,0.11925,0.11609,0.11285,0.11088,0.10988930410409443,0.1104,0.11231712326273513,0.11588,0.11970977260619971,0.1244302772415686,0.12980928216620008,0.13578642537561725,0.20675,0.19952411100674639,0.19187,0.18327,0.17488,0.16705,0.15852,0.14979,0.14288830474501385,0.13564,0.12973,0.12382,0.119,0.11349
19-01-2026 11:40,25536.55,0.12496,0.12074,0.11594,0.11329,0.11037,0.10856,0.10765,0.10846,0.11115,0.11382,0.11815,0.12287,0.12793,0.13466,0.2089875335829252,0.20095,0.19398,0.1857140142867769,0.17704364464698832,0.16824,0.15966832383777643,0.1514228603878622,0.14335,0.13701,0.1309,0.12512,0.12048,0.11683630682174971
19-01-2026 11:45,25537.25,0.11701,0.11709,0.11368305429355041,0.11106,0.10883,0.10754,0.10676,0.10777,0.11073,0.11367,0.11808,0.1229,0.12826,0.13492,0.20866,0.20064,0.19372,0.18477,0.177,0.1685099927587417,0.16057,0.15202,0.14431,0.13781,0.13158,0.1257,0.12097,0.11573
19-01-2026 11:50,25541.5,0.11620826813355499,0.11365,0.11364,0.1105,0.10792,0.1068,0.10637,0.1072,0.11035,0.11317,0.11783,0.12235776420669714,0.12762,0.13443,0.20815,0.20067,0.19268,0.18491,0.17719,0.16884,0.16039,0.15234,0.14516408885355053,0.13809,0.13205,0.12577,0.12127,0.11592
19-01-2026 11:55,25540.75,0.10867,0.10743,0.10536,0.10369,0.10266,0.10272,0.10312,0.10554077366695266,0.10829,0.11183,0.11636972228506276,0.12165,0.12697,0.13378,0.2080114469768858,0.2002,0.19379,0.18487,0.17745,0.16902633758954974,0.1608,0.15329514165814412,0.14601909815642317,0.13927666431995134,0.1331,0.12732,0.12284,0.11794
19-01-2026 12:00,25527.0,0.10974,0.10841,0.10674,0.10549,0.10385,0.10401,0.10449,0.10618,0.11004,0.11363230671273664,0.11844,0.12351,0.12899,0.13405536253540426,0.2073,0.20016,0.19242,0.18348,0.17563495397518003,0.16745424722525964,0.15949398200748147,0.15183762601440443,0.14449,0.13815825152936786,0.13228,0.12672,0.12179948414054786,0.11728
19-01-2026 12:05,25522.1,0.11318832874171936,0.11073,0.1081520629704165,0.10628048905316971,0.10508,0.1049044920403478,0.10558,0.10727,0.11101,0.11471874893349088,0.11930051624061727,0.1243,0.12900042725441485,0.13377196983233464,0.20782,0.20035371287902592,0.1927,0.18434,0.17697,0.16887,0.16052994348814076,0.15268264102295462,0.14489,0.13817,0.13251,0.12657,0.12221,0.11694
19-01-2026 12:10,25521.0,0.12433,0.11889,0.11494,0.11236,0.10953470956527425,0.10817,0.10804,0.10903,0.1125,0.11537,0.11986,0.1248,0.13033384917620738,0.13657,0.20775,0.20071612154656565,0.19335,0.18459,0.17717,0.16903,0.16024,0.15184,0.14431,0.13714,0.131,0.1247,0.11998,0.11443
19-01-2026 12:15,25533.2,0.13678,0.12256,0.11838,0.11453,0.11132,0.10931,0.10839,0.10893,0.11202,0.1148,0.11916,0.12362,0.12856,0.13528,0.20755,0.20054514627878609,0.19279,0.18493774599840437,0.17679,0.16825633213437105,0.15986,0.15134,0.14366,0.13692,0.13042,0.12428,0.11911,0.11353
19-01-2026 12:20,25542.4,0.11411,0.10833663715942743,0.10266,0.10198,0.10102,0.10115,0.10161,0.10353,0.10747,0.11081,0.1156755238490115,0.12093,0.12651,0.13326,0.20946096265728303,0.20187,0.1949,0.18591,0.17898,0.1707,0.16186361113623715,0.15342,0.14596,0.13906,0.13334,0.12723,0.12264,0.11901121866927526
19-01-2026 12:25,25526.05,0.11773,0.11337,0.11022,0.10788,0.1059,0.10501754322230514,0.10506,0.10649,0.10989,0.11301,0.11802,0.12303,0.12859,0.13432736505036438,0.20854258996000147,0.20069,0.19363,0.18491,0.17726,0.16944,0.16091,0.15195,0.14452,0.13732,0.13175,0.12558,0.12117,0.11557
19-01-2026 12:30,25524.6,0.1156,0.11206,0.10880270539143767,0.10649,0.10471,0.10398,0.10478,0.10605,0.10988,0.11311,0.11825,0.12325,0.12894,0.13461740360394106,0.20828,0.20100465961303723,0.19352,0.18479,0.17714,0.16863998880139983,0.16056,0.1523501849124329,0.14437,0.13743,0.13158,0.12566,0.12034033472902529,0.11576
19-01-2026 12:35,25520.4,0.11317,0.11057852227432234,0.10806,0.10634,0.10473,0.10458,0.10512,0.10677,0.11044,0.11385,0.11905,0.12427,0.12963,0.13648,0.2079,0.20021,0.19313,0.18503511072179935,0.17689419386405575,0.16889,0.16030295231920627,0.15193,0.1447,0.13803062269269586,0.13223,0.12613,0.12113675028725379,0.1169
19-01-2026 12:40,25513.2,0.12541,0.11795,0.11543,0.11233,0.10978,0.10862174102801297,0.10874018607286937,0.10951,0.1127,0.11583,0.12062,0.12569,0.13128877883749607,0.13754,0.20749566379516257,0.19952,0.19169,0.18334,0.17599,0.16763,0.15912,0.14958,0.14208,0.13552,0.12947,0.12357,0.11899,0.11338
19-01-2026 12:45,25525.45,0.11245,0.11086,0.10752,0.10625,0.1046,0.10419,0.1049,0.10643,0.10985707242357931,0.11363389332244965,0.1183,0.12333,0.1291956248518564,0.13545,0.20849,0.20163,0.19299,0.18466,0.17734,0.16901,0.15942,0.15063,0.14358,0.13708,0.13145,0.12577,0.12132,0.11637
19-01-2026 12:50,25519.95,0.13225,0.12577,0.11927,0.11491,0.11157,0.10981,0.10898,0.11011920673433201,0.11256,0.11547,0.12006,0.12495,0.13004,0.13557985388833516,0.2077641179279492,0.19944,0.19209,0.18312,0.1752885175062551,0.16716,0.15768,0.14943,0.14178,0.13477,0.12875,0.12287,0.11815,0.11251
19-01-2026 12:55,25545.2,0.11676,0.11437,0.11059,0.10847,0.10618,0.10554188490399916,0.10519,0.10619,0.10926968144010049,0.11253,0.11723,0.12192,0.12727,0.13345,0.21005,0.20299818908449033,0.19547,0.18743379966552015,0.17924,0.1703899874325181,0.16167290925611777,0.15333521345805734,0.14532,0.13820028967684442,0.13208,0.12633,0.12177,0.11853711588302211
19-01-2026 13:00,25548.85,0.10962,0.11163,0.10941608416356169,0.10731,0.10575525992304297,0.10433,0.10439,0.10630341518090738,0.10896,0.11199,0.11639573676499257,0.12166,0.12697,0.13156109793006626,0.21235,0.20489929749135882,0.19717615854630657,0.18855,0.18082,0.17245,0.16321504551553126,0.15421,0.14696,0.13987551804166307,0.1335,0.1276,0.12278,0.11719
19-01-2026 13:05,25553.0,0.11105,0.1082,0.10615,0.10522,0.10357,0.10326233196119264,0.10356,0.10459,0.10837,0.11157,0.11633,0.12113,0.12647,0.13272,0.21327,0.20541,0.19782,0.18902,0.18215,0.17319,0.16354,0.15452,0.14706465459440154,0.1398,0.13362,0.12765,0.12291,0.11963398597803089
19-01-2026 13:10,25544.5,0.10337,0.10265,0.10198,0.1013,0.10012,0.10054,0.10159,0.1032,0.10731,0.11082,0.11542066711209856,0.12058890622649289,0.12627,0.13267,0.2133665454948143,0.20541348433114656,0.19734,0.18881,0.18155,0.17253,0.16386248795302985,0.15535859751384126,0.14725131095773888,0.13947,0.13366,0.12777,0.12327,0.11802
19-01-2026 13:15,25530.5,0.12054,0.11933,0.11433,0.11157,0.1088,0.10705,0.1072425384382048,0.10769,0.11106,0.11411,0.11878,0.12347,0.12873,0.13503,0.21156,0.20401,0.19485,0.18673,0.17924,0.17003,0.16063,0.1516,0.14386,0.13678,0.1306,0.12447,0.11935,0.11371
19-01-2026 13:20,25540.05,0.11168198646818148,0.10854,0.10651639671386265,0.1046,0.10267,0.10224,0.10289,0.10447,0.1084,0.11177,0.1165,0.12158,0.12702,0.13326,0.21433,0.20503,0.1966,0.18842,0.18086,0.17187,0.16270966196983588,0.15391,0.14603,0.13924,0.1321042636044641,0.12621479969720406,0.12110018546796039,0.11691
19-01-2026 13:25,25531.0,0.11509,0.1119529900982352,0.10920212966652085,0.10686,0.10463,0.10398,0.10429,0.10644460116902212,0.10936,0.11284,0.11739721368956206,0.12271,0.12805,0.1332948363984917,0.21303,0.20477850717000579,0.19606,0.18782,0.17992,0.17115,0.16142,0.15289,0.14481,0.13759,0.13151,0.12532,0.11975854603535784,0.11497
19-01-2026 13:30,25535.2,0.12707,0.12045,0.11491,0.11121,0.10838,0.10671,0.10661483031760606,0.10745,0.11038,0.11350465356021179,0.11785,0.12259487739724559,0.12795,0.13356663938200988,0.21217,0.20341,0.19546,0.18734,0.17957,0.17016752838947974,0.16126,0.15263,0.14467,0.1373,0.13107,0.12496436332588078,0.11976,0.11575626659423938
19-01-2026 13:35,25552.1,0.11146,0.11216,0.10796,0.10693,0.10432,0.10337,0.10342,0.1046,0.1082,0.11146,0.11579197435938914,0.1209,0.12647748713544954,0.13269,0.21298,0.20558,0.19688,0.18916,0.18172,0.17305,0.1638237852031761,0.15501,0.14706,0.13943,0.13343,0.1271711256816745,0.12225,0.11648
19-01-2026 13:40,25558.15,0.10084,0.10297128991992434,0.10276854838239806,0.10217,0.10168708815230927,0.10044,0.10245022914587737,0.10401478224759275,0.10605,0.10954,0.11444,0.11938,0.12445,0.1312,0.21455,0.20664,0.19828,0.18984,0.18241,0.17425,0.16413,0.15593,0.14815,0.1405,0.13411309232687935,0.12854,0.12393,0.11829
19-01-2026 13:45,25544.95,0.14487,0.13666,0.12756,0.12051908318881391,0.11614,0.11251,0.11062,0.11052,0.11243,0.11496,0.11903,0.12358,0.12837,0.1334534835941979,0.20948,0.20197,0.19316,0.18546,0.1781,0.1689382619916229,0.16012,0.15118,0.14295,0.13571598660165526,0.12862,0.12181,0.11596,0.11185489181719557
19-01-2026 13:50,25583.5,0.12838,0.12116,0.11632968630913743,0.11228,0.10902,0.10703045933154898,0.10557,0.10556,0.10766,0.11011,0.11411454202567771,0.11876,0.12347,0.12958,0.21282,0.20564128787252298,0.19832,0.18915,0.1814503928596998,0.17343,0.16467,0.15624,0.14823,0.14042,0.13434,0.12716,0.12208,0.11780082368057838
19-01-2026 13:55,25602.3,0.1106,0.1098,0.10677,0.104,0.10338437631762873,0.10254368334750899,0.10200588951226165,0.10263272465941133,0.10419,0.10667,0.11085356039356191,0.11533,0.12046,0.12655,0.2172,0.20913,0.20067,0.19324,0.18519,0.17687,0.16751,0.15908755097455443,0.15085185942436302,0.14258,0.136,0.12898,0.12389,0.11756
19-01-2026 14:00,25605.6,0.12322,0.12163060066084767,0.12019,0.11659,0.11217,0.10884,0.1079412088307064,0.10734072939397246,0.10793,0.10971530734678656,0.11282,0.11712,0.12165,0.12738,0.21757,0.20907,0.20144,0.19366875299887032,0.18558,0.17699,0.16718,0.15838,0.1500947000485865,0.14124,0.13488,0.1275,0.12188,0.11534
19-01-2026 14:05,25625.95,0.12169,0.11189,0.10741120168148899,0.10345,0.10222,0.10043,0.09994,0.09999,0.10203,0.10432,0.10822,0.11282,0.11773,0.1229797446512705,0.2187091223362979,0.21071,0.20395,0.19544,0.18747090725486873,0.17924,0.16971,0.16104916683267612,0.15254,0.14421,0.13787,0.13055,0.12441288468095305,0.11896
19-01-2026 14:10,25615.15,0.1027731229794789,0.09995,0.09965,0.09834,0.09748,0.09712,0.09703,0.0976,0.10044,0.10360764717903842,0.10738,0.11256,0.11777,0.12431,0.22004,0.21226,0.20365,0.19573,0.18818,0.17891,0.16952932797941944,0.16056931603173627,0.15187,0.1439,0.13771,0.13078,0.12572,0.12194613633187236
19-01-2026 14:15,25589.9,0.13766,0.13118,0.12342,0.11812,0.11379,0.11051,0.10828,0.10703,0.10803,0.10946,0.11277,0.11743,0.1219223246745623,0.12803,0.21616032076727848,0.20806,0.20148,0.19379524006157925,0.18534097887356352,0.1762,0.16675,0.15771910751702264,0.14877,0.14072666846483348,0.133322964866544,0.12657,0.12068,0.11712364099612582
19-01-2026 14:20,25610.85,0.11315,0.11321,0.10957,0.10694,0.10476,0.10277,0.10212001680234863,0.10149,0.10339102149966047,0.10535,0.10893,0.1136,0.11863,0.12504,0.21923,0.21064,0.2033,0.19293,0.18558883940950383,0.17771,0.16863,0.159767968462189,0.15143,0.14296,0.13683,0.1295,0.1243,0.11837
19-01-2026 14:25,25607.6,0.10579,0.10267,0.10032,0.10001,0.09933,0.09846932974066026,0.0982,0.09915657645001681,0.10088582543563743,0.10301,0.10743,0.11224,0.11779,0.12438671607460461,0.21751,0.21036,0.20228681461960155,0.19334,0.18599,0.17685,0.16782,0.15877,0.15127,0.14339,0.13723,0.13016,0.12514,0.12100620508054208
19-01-2026 14:30,25603.8,0.12084,0.11134,0.10881,0.10532,0.10358,0.10147,0.1003,0.10042,0.1026,0.10453,0.10834,0.1135,0.11882,0.12533,0.21718,0.20826,0.20189,0.19341801955591886,0.18532,0.17636012552168492,0.16768,0.15837,0.15067,0.14270729607378277,0.13553103043107828,0.12894,0.1231263625724741,0.11796
19-01-2026 14:35,25599.55,0.12345,0.12152,0.11567,0.11125,0.10814,0.10541,0.10400373406121399,0.10339,0.10504,0.10683898059237683,0.11035,0.11454552491901421,0.11995345578697363,0.12651,0.21657566122165023,0.20833,0.2015,0.19188,0.18429,0.1754951165628635,0.167,0.15792,0.15039,0.142,0.13561,0.1285,0.1225274126934694,0.11684
19-01-2026 14:40,25614.95,0.11192679268328906,0.10885,0.10565,0.10395,0.10221,0.10078,0.09969,0.09987,0.1021,0.10379,0.10764,0.11244,0.11784,0.1245,0.21837,0.20946,0.20182892054630344,0.19316,0.18627,0.17699000324500366,0.16874,0.1597,0.15185,0.1442777092908033,0.13747,0.13037,0.12507,0.1193
19-01-2026 14:45,25620.55,0.11037,0.10708,0.10642,0.10373,0.10236,0.10072,0.1002435678828311,0.10005,0.10171001311329995,0.10383,0.10731,0.11241,0.1174,0.124,0.21897,0.211366287328969,0.20335,0.19505111151030785,0.18659,0.17784,0.16907458327737826,0.16058,0.15220188936767717,0.14412,0.13729874511071888,0.1307,0.12563,0.11969
19-01-2026 14:50,25623.15,0.1085,0.11035,0.10789,0.10536,0.10345,0.10193924709467389,0.1008,0.10025,0.10186,0.10386,0.10726,0.11208,0.11747,0.12387,0.22025,0.21127,0.2032149754097472,0.19481,0.18681590358560568,0.17899,0.16996,0.1612967379074979,0.15287,0.14462,0.1383,0.13097,0.12523,0.12081218888580382
19-01-2026 14:55,25624.2,0.10733,0.10484347572574615,0.10298056012786178,0.10127,0.09954,0.09874,0.09781,0.09807,0.09988135296970192,0.10219866787699167,0.10572,0.11066,0.1161,0.123,0.22149288494072608,0.21316,0.20647,0.19636,0.1889,0.17969,0.17101038598935714,0.16236,0.15414,0.14574,0.13925,0.1319,0.12646,0.11994
19-01-2026 15:00,25629.95,0.07571,0.08335,0.08974,0.09084,0.0922660138473337,0.09157,0.092,0.09314,0.09584188651470145,0.09833,0.10272,0.10770915899016988,0.1141,0.12154,0.22197,0.21378,0.2071,0.197,0.19015,0.1808393942914452,0.17272,0.16368,0.15576,0.14772,0.14142,0.1343,0.12826682020574215,0.12304
19-01-2026 15:05,25604.15,0.09258,0.09554,0.09658,0.09568,0.09561,0.09514899618054039,0.09489,0.09552,0.09796208883507745,0.10054,0.10469,0.11057,0.11633190348829728,0.12372,0.21802,0.21005872203259424,0.20222,0.19224,0.18469,0.17621,0.16796,0.1595,0.15167,0.14429,0.13815,0.13117,0.12627,0.1205
19-01-2026 15:10,25595.95,0.09948,0.10101,0.10084,0.09878,0.09738,0.09655,0.09663290855542062,0.09673,0.09952,0.1023149912426271,0.10649,0.11201,0.11776,0.12506,0.21773,0.20871,0.20256,0.19336285387757293,0.18448,0.1765886073290504,0.16875,0.16006,0.15216,0.14468,0.13831447655467202,0.13201,0.12721,0.12057
19-01-2026 15:15,25590.9,0.07844,0.08530605217177599,0.08897708152511727,0.09114,0.09153,0.09184,0.09221,0.09384,0.09699,0.10038,0.105170380967982,0.11103,0.11673,0.12435,0.21822,0.20996,0.20319,0.19338,0.18532809542332973,0.17701,0.1687670854460867,0.16084846908185665,0.15319460553093284,0.14605037835033446,0.1394,0.1332,0.12822,0.12252
19-01-2026 15:20,25561.25,0.09805192811737087,0.09787,0.09795,0.09701,0.09614,0.09589,0.09577329708363377,0.097,0.10062,0.10386,0.10847,0.11473,0.1204834412705813,0.12662090449128477,0.21484,0.20616,0.19979,0.18962,0.18234,0.17327,0.16539,0.15709685547946556,0.14912,0.1416,0.13589,0.12968,0.12511,0.11944
19-01-2026 15:25,25558.3,0.09554,0.09861,0.09696,0.09634,0.09561,0.09436,0.09405164477454413,0.09501,0.09899,0.10247,0.10776,0.11371816253154234,0.12024,0.12882,0.21267,0.20797,0.19916,0.18901,0.18177,0.17330371975865086,0.1650931484279301,0.1576,0.14997,0.14296894108309985,0.13666,0.13105,0.12566,0.12062
20-01-2026 09:15,25559.3,0.1106803102556585,0.10782,0.10653,0.102301528570031,0.10309,0.1019,0.1017,0.10278,0.10608,0.10934,0.11345170080110475,0.11987052062001988,0.1255154943720581,0.13346,0.21699,0.20841842244029077,0.20043665679673467,0.1916043595124319,0.18281,0.17515,0.16685089783307266,0.15866,0.15195192736923122,0.14448,0.13891,0.13211,0.12705,0.12128
20-01-2026 09:20,25552.55,0.08653659723784296,0.08687,0.09060908578370216,0.09121149906646576,0.09326,0.09455,0.09692439200826768,0.0986,0.10298,0.10721,0.11258,0.11904244607165282,0.1258,0.13421655278535446,0.21444520691167815,0.20639,0.19827374976532341,0.18967,0.18249,0.17475,0.16647,0.15859,0.15205,0.14559290455642723,0.14001,0.13427,0.12977,0.12469
20-01-2026 09:25,25506.85,0.10561,0.10672,0.10507768714004158,0.10338,0.10249,0.10253,0.10265,0.10513,0.10934,0.11327,0.11882,0.1255,0.13235,0.14021,0.2123,0.20338055310451386,0.19446,0.18606,0.17821,0.17054,0.16225,0.1547,0.14799,0.1406,0.13579,0.13023,0.1250794826373535,0.12043
20-01-2026 09:30,25488.8,0.11948,0.11639,0.11324,0.11045,0.10868,0.10766678608227676,0.10704,0.1092,0.11322,0.11692312745499332,0.1223,0.12851190961887676,0.1357,0.14346,0.21217,0.20257292160808996,0.19305,0.18456,0.17625,0.16882,0.16004616721452872,0.15211,0.14485,0.13766,0.13203582481999462,0.12653,0.12177,0.1169
20-01-2026 09:35,25481.8,0.1080806958001655,0.10612,0.10606,0.10502,0.10486,0.10556631182454249,0.10673053622232018,0.10807,0.11262,0.11688,0.12276459786965106,0.12934,0.13647,0.14437,0.21414,0.20424,0.195,0.18618,0.17789,0.16979,0.16114,0.1533703151196598,0.14609,0.13917,0.1344,0.12895,0.12492,0.12093
20-01-2026 09:40,25461.45,0.1239,0.12095,0.1183,0.115,0.11282,0.1114,0.11103,0.1135902936795899,0.11716,0.12110223703402363,0.12644802198941976,0.1328,0.1396919404316234,0.14751,0.21377730731794717,0.20484,0.19571,0.18688118983666274,0.17786,0.1694,0.16066,0.15234,0.14484,0.13754,0.13193,0.12643,0.12153134191934108,0.11715
20-01-2026 09:45,25463.25,0.11886,0.11763,0.11452,0.11225317922822466,0.11093,0.11004,0.10994,0.11251,0.11668,0.12084,0.12618309274970696,0.13260297759633669,0.13976,0.14772,0.21617,0.2068,0.19749,0.18816,0.17992,0.17097,0.16206,0.15357,0.14623,0.13888,0.13303974575546398,0.12791,0.12344,0.11877
20-01-2026 09:50,25462.3,0.10511075409032902,0.10359,0.10437,0.1047,0.10478,0.10524,0.10628,0.10976,0.11486,0.11966,0.12551,0.13248,0.13991,0.14806,0.21566,0.20717,0.19781,0.1888615081582771,0.17986,0.17141,0.16265,0.15482,0.14771,0.14109,0.1354682524991671,0.13128,0.12741,0.12399259649121863
20-01-2026 09:55,25459.95,0.12017,0.11734,0.11509,0.11309,0.11168,0.11066,0.11082,0.11301,0.11729,0.12141,0.12645,0.13352,0.13992,0.1482,0.21354,0.20441847812958142,0.19488,0.1860589554818896,0.17719,0.16798,0.15917,0.15126,0.14375,0.13703,0.1318,0.12653,0.1224503407202871,0.1189
20-01-2026 10:00,25467.2,0.12138634244268269,0.11817,0.11540158380024851,0.11298,0.11161,0.11071230655234938,0.11064,0.11255,0.11611436795649153,0.12051,0.12592122615755352,0.13244,0.13902,0.14695,0.21533,0.20594326384125114,0.19651,0.1877,0.1793,0.17022,0.1615,0.15279,0.1454161596046956,0.13846823864935567,0.13245,0.12718,0.12286,0.11927
20-01-2026 10:05,25465.6,0.12575,0.12217,0.11847,0.1155,0.11323,0.11169,0.11138,0.11299,0.11669,0.12020108678341486,0.12532571983275234,0.13143,0.13808,0.14431873631219397,0.21274,0.20373,0.19436,0.1854,0.17664,0.16787,0.15919,0.15038,0.14302,0.13565,0.1304,0.1248,0.1205,0.11612
20-01-2026 10:10,25484.8,0.1074,0.10682,0.10632,0.10583,0.10569,0.10526,0.10616,0.10868,0.11282,0.11673,0.12245,0.12917,0.13582,0.14259788319497793,0.21481,0.20536,0.19732,0.1883,0.18013,0.17126,0.16273,0.15463,0.14738,0.14062,0.13526,0.12983350229089743,0.12609,0.12246807424292835
20-01-2026 10:15,25468.6,0.12772,0.12327,0.11949,0.11605,0.11314,0.11173,0.11188342892892852,0.11295,0.11646,0.11995,0.12512,0.13089738600818013,0.13793,0.1461,0.21212,0.20321,0.1949585278803381,0.18619,0.17738,0.16858,0.16035,0.15144,0.14432,0.13723,0.1311,0.12532,0.12078,0.11595
20-01-2026 10:20,25485.6,0.11154,0.10884,0.10774,0.10619,0.10572,0.10556983155717782,0.10573,0.10814,0.11183200564948798,0.11595,0.12138,0.12801,0.13389,0.1418,0.21395,0.20507,0.19666,0.18792399546817434,0.17934,0.1703,0.16192,0.15335,0.14566,0.13856,0.13311,0.1275,0.12343,0.11945
20-01-2026 10:25,25487.25,0.10661,0.10795,0.10761,0.10587,0.10469,0.10423,0.10592170756919767,0.10713,0.11101,0.1149,0.12029172583121052,0.12653,0.13314104151239586,0.14058,0.214319528162299,0.20576,0.19731,0.18871,0.17989,0.1711,0.16216,0.15401,0.14591,0.1393567586985524,0.13349,0.12787,0.12342143920019175,0.11984
20-01-2026 10:30,25478.75,0.11189,0.11147,0.10921,0.10801202960064166,0.10666,0.10696740709372773,0.10790146478520617,0.10901,0.11309,0.11659,0.12183,0.12783,0.13375,0.14165,0.21488,0.2059838714288117,0.1970715791357692,0.18781,0.17961,0.1704408921456436,0.16191,0.15362,0.1458602642271905,0.13855,0.13287,0.12723,0.12353,0.1192
20-01-2026 10:35,25473.7,0.13053634086107185,0.12579,0.1199791033937658,0.1168,0.11332,0.11134,0.11109,0.11215116282124027,0.11489,0.11793,0.12257,0.12839,0.13405,0.14165,0.21389,0.20442,0.19551,0.18693,0.17812,0.16905177993337578,0.16038,0.152,0.14354,0.13671853941210463,0.13003,0.12406,0.11976,0.11477
20-01-2026 10:40,25492.55,0.10672,0.1075,0.10644,0.10503,0.10373,0.10351,0.10526129907430296,0.10662,0.11022282854440661,0.11392,0.11913,0.12533,0.13116,0.13874,0.21694,0.20647,0.19801682686032057,0.18906,0.18062,0.17110223151761142,0.16265,0.1537,0.14615,0.13932,0.1333,0.12777,0.12399,0.11969
20-01-2026 10:45,25480.45,0.11358,0.11198,0.11056,0.10835,0.10654,0.10603,0.10659,0.10884125982662875,0.11211,0.1154,0.12069079562718417,0.12682,0.13281681577762872,0.1398,0.21571,0.2057,0.19716,0.18776,0.17897,0.16961,0.161,0.15226,0.14411,0.13716,0.13185,0.12617071775403532,0.12186,0.11749
20-01-2026 10:50,25478.05,0.10456,0.10525926105708319,0.1052,0.10423,0.10371,0.10367,0.1047,0.10718,0.11123,0.11475,0.12037413773936943,0.12687,0.13248,0.14035,0.21563044389173527,0.20685,0.19856,0.18950821064555037,0.18033,0.17134,0.16222,0.15388,0.14507,0.13858,0.133,0.1275,0.12352,0.11934
20-01-2026 10:55,25465.4,0.11001,0.10902122167076383,0.10768535955374804,0.10717,0.10613,0.10588,0.10683,0.10949406105139378,0.11304,0.11638,0.12194,0.12796,0.13433404976350502,0.14169,0.21569,0.20598,0.19799,0.18832,0.17916797093687722,0.17018,0.16098,0.1528736975407266,0.14516374018145606,0.13821341751691466,0.1319834481987703,0.12627,0.12217,0.11789
20-01-2026 11:00,25459.55,0.10868,0.10772978496681639,0.10691,0.10551,0.10506,0.10499,0.10609,0.10852,0.11267,0.1165,0.12191,0.1283,0.13487,0.14197,0.2142424987329758,0.2054,0.19659673489678553,0.18736,0.17861,0.16953,0.1605555645925455,0.15227,0.14379,0.13738,0.1317,0.12624,0.12208,0.11829
20-01-2026 11:05,25453.55,0.11082,0.10903,0.10693741190808186,0.10552445235317622,0.10513,0.10492,0.10673778527640808,0.10871,0.11321,0.11702,0.12277,0.12894136261330075,0.13604,0.14342,0.21400006730500798,0.20524,0.19601,0.18708,0.17858,0.16914,0.16008078781306434,0.15156793418957437,0.14305,0.1366,0.13097,0.12559,0.12122,0.11696
20-01-2026 11:10,25452.35,0.11397605542184638,0.11093,0.1091,0.10713,0.10586579561525038,0.10565,0.10673,0.10914,0.11382,0.11773,0.12347,0.13009,0.1366,0.14428,0.21249,0.20293,0.19392,0.18522,0.17663,0.1674,0.15857,0.15043679165570065,0.14242,0.13592,0.13029,0.12491634961728186,0.1209,0.1166
20-01-2026 11:15,25445.65,0.12009,0.11474886935492636,0.11068,0.10879,0.10695536203265993,0.10679,0.10767,0.11018,0.11439,0.11865,0.12418,0.13069,0.13729,0.1449,0.21127988585949156,0.20226,0.19364,0.18416,0.17559,0.16623653540621455,0.15732,0.14903,0.14108,0.13478067781073086,0.12892,0.12356,0.11899409907481193,0.11507
20-01-2026 11:20,25449.95,0.11642,0.11418,0.11154,0.10934,0.10777,0.10762611966792507,0.10791,0.11005,0.11411,0.11805,0.12373882567840987,0.13031,0.13678,0.14464,0.21234,0.20231,0.19334,0.18431,0.17548,0.16635,0.15739,0.14913223583581228,0.14115,0.13428,0.12837,0.12298,0.11879,0.11461
20-01-2026 11:25,25447.1,0.12675407858520515,0.12140616967098108,0.11703,0.1135,0.11081,0.10935033828408068,0.10955,0.11127,0.11507,0.11891822693045505,0.12429,0.13025,0.13698,0.14503,0.21107,0.20205,0.19298649514854155,0.18367,0.17454,0.16546942012616372,0.15634,0.14866,0.14012,0.13309,0.12699,0.12137021884665711,0.11676,0.11183
20-01-2026 11:30,25458.7,0.1146177255715081,0.11182,0.10942,0.1076,0.10639,0.10623922960167982,0.10725281961389825,0.10885,0.11276435804324915,0.1172,0.12297,0.12923,0.13594,0.14388,0.21286,0.20408726210876665,0.1952,0.18574,0.17663665415676033,0.16773,0.15875,0.15054,0.14234,0.13524,0.12935,0.12383080316994159,0.11971,0.11532
20-01-2026 11:35,25466.4,0.11355,0.11138,0.10887,0.10647,0.1051,0.10478,0.10551,0.10838837868228546,0.11214,0.11609,0.12192,0.1281191554779053,0.1352,0.14197050249305992,0.21317403136758373,0.20421,0.19568,0.18664,0.17681,0.1678,0.15921,0.15068,0.1423,0.13516,0.12912,0.12373,0.11943,0.11498
20-01-2026 11:40,25461.5,0.12097,0.11576109607982316,0.112,0.10852,0.10679,0.10562,0.1063,0.1084,0.11251,0.11636,0.12252,0.12877,0.13566,0.14361,0.21152116464706924,0.20279,0.1942119512943546,0.1852676828418062,0.17596,0.16727,0.1579,0.14947,0.14098,0.13380834775554837,0.1273780414970406,0.12192,0.11721,0.11366475301117711
20-01-2026 11:45,25463.2,0.12048,0.11557,0.11228,0.10909,0.10705006779372167,0.10589,0.10717135397158903,0.10924475984699784,0.11257258186453592,0.11682,0.12256,0.12889,0.13567,0.14366,0.21245,0.2038778039548742,0.19501,0.18563,0.17653,0.16721,0.15814,0.14957581638512363,0.14123,0.13391,0.12791,0.12175,0.11723,0.11238
20-01-2026 11:50,25474.5,0.11774,0.11478,0.1105010562726455,0.10766,0.10586,0.10505491178938119,0.10512,0.10724,0.11143,0.11565,0.12162,0.1279665991602799,0.1352,0.14297,0.21369,0.20379,0.19501,0.18616,0.17688755988730998,0.16797,0.159,0.15025,0.14219046815210118,0.13466347560722772,0.12763,0.12188951916805191,0.11707,0.11218
20-01-2026 11:55,25481.0,0.10771,0.103,0.10276,0.10132,0.10055,0.10028,0.10286972082713272,0.10560120591655077,0.10935,0.11412,0.12074,0.1275,0.13459,0.14305,0.2162927538133695,0.20702710569041693,0.19768371674899998,0.18826221612252503,0.17896,0.16935,0.16058,0.15217,0.14355,0.13664,0.13013,0.12432,0.12024,0.11575
20-01-2026 12:00,25467.5,0.09915,0.09916,0.09962,0.09945,0.09935,0.09996,0.10292269092527474,0.10583260196061009,0.10965,0.11489,0.12143,0.12857,0.13616,0.14475,0.21394134365533812,0.20503,0.19685,0.18735,0.1778,0.1687,0.15996800550452653,0.15162,0.14364927230039604,0.1364825183671365,0.13011,0.1244,0.12066,0.11678
20-01-2026 12:05,25450.2,0.09507,0.09683,0.09809,0.09795,0.09876,0.09977,0.10313953217849185,0.1057,0.1111,0.11635,0.12323,0.13027,0.13801,0.14649,0.21282,0.20368,0.1954,0.18582,0.17652,0.16785,0.1592,0.15096,0.14268,0.1360777022189322,0.12987,0.12480530827762028,0.1211,0.11695
20-01-2026 12:10,25433.1,0.1132,0.11044,0.10853,0.10653,0.10577,0.10538,0.1068,0.10975,0.1145,0.11952,0.12627,0.13302,0.14059,0.14884,0.213,0.20233,0.19356,0.1843,0.1749777511649867,0.16616,0.15694,0.14881597047844633,0.14096440771580046,0.13389772515748383,0.12756974785976022,0.1219983241615613,0.11718,0.11337
20-01-2026 12:15,25439.15,0.10619,0.10565,0.10417774564053418,0.10336,0.10326,0.10351,0.10532,0.10852,0.11348,0.11845,0.12495,0.13179,0.1390777229577348,0.14682,0.2137,0.20348,0.19506,0.18538,0.17628,0.16674522296395525,0.1577,0.14943243696521763,0.14148,0.13493,0.12875,0.1233,0.11876905352873586,0.11481425605534136
20-01-2026 12:20,25436.4,0.10877174783565853,0.10628616005555294,0.10402,0.10292,0.10264,0.10363610135602064,0.10572372647116382,0.1088020075524544,0.11297,0.11805,0.12472,0.13187,0.13929,0.14763,0.21345,0.2039512536078161,0.1944469043077044,0.18483922269523734,0.17538,0.16608,0.15717,0.14894,0.14065,0.13405,0.12774,0.12213,0.1182,0.11411
20-01-2026 12:25,25423.6,0.1208,0.11588,0.11273,0.1099,0.10793,0.10751455671415577,0.10829,0.11071,0.11519322693865679,0.12048,0.12691,0.13422,0.14152,0.14968,0.21074852367796937,0.20144,0.19343,0.18337,0.17426,0.16461,0.15543,0.14757,0.13902,0.13232,0.12569,0.11981,0.11527712523229877,0.11096492062414715
20-01-2026 12:30,25431.55,0.10947,0.10754033395621826,0.10553,0.10408,0.10356,0.10387,0.10576,0.1087,0.11374176534272025,0.11914,0.12623,0.13368,0.14167,0.15026,0.21300537182801832,0.20341465910241963,0.19397,0.1843,0.17522,0.16558,0.1569,0.1486,0.14075,0.13438,0.12794,0.1224601221474033,0.11773384602756976,0.11333321085436793
20-01-2026 12:35,25423.05,0.11477730225144152,0.11162,0.10934,0.10705375678871691,0.10628,0.10653241762648674,0.10810779406924777,0.11054,0.11542,0.12063,0.12714011037113224,0.13449156205257828,0.1426,0.15113,0.21079251725517878,0.20148,0.19346,0.18374,0.17440332983978576,0.1649,0.15614,0.14836,0.14033,0.13389,0.12714,0.12128,0.11679742247908823,0.11297
20-01-2026 12:40,25423.5,0.10643,0.10618,0.10516001446313997,0.10452,0.10418,0.1047,0.10697,0.11016,0.11521,0.12087179958993179,0.12754,0.13497,0.14277,0.15133,0.2100217654866948,0.20113,0.19266285776136371,0.18383,0.17468,0.1655189844897464,0.15647,0.14846,0.14089167940706002,0.13407376587128753,0.12806,0.12269,0.11854,0.11481
20-01-2026 12:45,25416.4,0.11852,0.11428,0.11149,0.10896,0.10773,0.10729,0.10892,0.11188,0.1167,0.12145,0.12829,0.13531,0.14295,0.1516,0.20892731123314048,0.19996,0.19164,0.18237,0.17329,0.16429666662717826,0.1555168716719947,0.14701,0.13937,0.13277,0.12663,0.12093,0.11667,0.11300108048441031
20-01-2026 12:50,25426.5,0.11311,0.11122,0.10906,0.10681,0.10619064538432996,0.10587,0.10744,0.11062,0.11480992265039311,0.11979,0.12620204106384778,0.13337,0.14056,0.14862,0.21124,0.202,0.1928,0.18391,0.17442279471527786,0.16542,0.15643,0.14851,0.14039,0.13381,0.12721,0.12141,0.1171,0.11314
20-01-2026 12:55,25428.95,0.1147,0.11217,0.10879350658475546,0.10689,0.10592,0.10607,0.10751,0.11028,0.11486,0.11946,0.1261,0.13324,0.14029,0.14881,0.21106,0.20141,0.19312,0.18387,0.17481,0.1652,0.15629,0.14784,0.13991,0.13364,0.12696,0.12135792264099615,0.11649,0.11241
20-01-2026 13:00,25428.55,0.11009,0.10856,0.1069,0.10542,0.1045,0.10516,0.10748269654810637,0.11050459124825238,0.11462,0.11955,0.12619,0.13349,0.14090098612550378,0.14912,0.21205,0.2033131363777739,0.1943,0.18527,0.1758060100808381,0.16656,0.15769,0.14962,0.14138,0.13494,0.12799,0.12204,0.11751,0.1132561105316363
20-01-2026 13:05,25423.7,0.11124,0.10858295214881394,0.10656967182054658,0.10539,0.10457196693961178,0.1048,0.10666,0.1096,0.11432,0.11944,0.12623,0.13368,0.14102,0.14870784327593373,0.21158,0.20228,0.19419,0.18511,0.17557943799478076,0.16629,0.15714,0.14924,0.14094,0.13456,0.12772,0.12213533234261333,0.11728,0.11361
20-01-2026 13:10,25424.7,0.1078,0.10677,0.10565,0.10431,0.10396,0.1043,0.10644,0.10939,0.11411310546620866,0.11943,0.12599,0.13342,0.14107148013259355,0.14945,0.21222,0.20243,0.19386648101058934,0.18492,0.17599,0.16618,0.15773773597269786,0.14959,0.14143,0.13438784971219395,0.12811,0.12231,0.11772058731285036,0.11415
20-01-2026 13:15,25413.05,0.11705925708153553,0.11396,0.11111,0.10903,0.1073,0.10742,0.10895,0.11184,0.11605181469819621,0.12138,0.12765987472258944,0.13515,0.14205,0.15068,0.2115,0.20265245748632607,0.19348,0.18399,0.17438,0.16511,0.15615,0.14777,0.14028426654796347,0.13339,0.12652,0.1210339505027546,0.11603622282414357,0.11188
20-01-2026 13:20,25432.95,0.10549,0.10521,0.10463,0.10332,0.10306,0.1045284076087059,0.10583,0.10895,0.11362,0.1188410036915928,0.12489216579211493,0.13176,0.13839,0.14622,0.21272,0.20298,0.19458,0.18595,0.17631005720774204,0.16723,0.15861,0.15051,0.14281535411264648,0.13619,0.12938,0.12385,0.11923234740709081,0.11571
20-01-2026 13:25,25422.0,0.11166,0.11031,0.10826,0.10659,0.10591,0.10591,0.1080445755482633,0.11048,0.11505,0.11937,0.12564,0.13239,0.13918,0.14686,0.21125200495071692,0.20228,0.1938,0.18472758616634696,0.17549,0.16598,0.15731,0.14858,0.14068,0.13396804965242753,0.12769,0.12213,0.11759158026287908,0.1139
20-01-2026 13:30,25415.05,0.10348,0.10326,0.10286,0.10234,0.10244,0.10378,0.10643,0.10968,0.11459809500834317,0.11975,0.12607,0.13332,0.14008,0.14774,0.21187,0.20201,0.19422,0.1845194193010383,0.17533,0.16572,0.15696,0.14927,0.14108,0.13458903398762506,0.12852,0.12335643407888629,0.11927,0.11595
20-01-2026 13:35,25392.3,0.10629,0.10578,0.10436,0.10439,0.10435,0.10572,0.10893236457775404,0.11231,0.11748,0.12272,0.12934,0.13666,0.14399,0.15221,0.21263,0.20288,0.19494,0.18565,0.1764,0.1668,0.15868,0.15101,0.14296,0.13658,0.13079,0.12511,0.12114,0.11721721710786799
20-01-2026 13:40,25365.4,0.1195,0.11614,0.11303,0.11111,0.10982,0.11059,0.11295,0.11636,0.12121,0.1265,0.13288,0.14036,0.14718,0.15527,0.21123267402476592,0.20149,0.19393,0.18288,0.17352,0.16381,0.15514,0.14686,0.13960168271865558,0.13282,0.1262,0.12081,0.11627738257225344,0.11217
20-01-2026 13:45,25372.15,0.11362,0.11193,0.10892,0.10755,0.10657,0.10757,0.11044,0.11415,0.11937,0.12474,0.13185,0.13917,0.14658,0.15474,0.21139,0.20267,0.19377505163348657,0.18461,0.17568,0.16583,0.15763186303157714,0.14928,0.1420469035046947,0.13548,0.12896,0.12333,0.1187,0.11453
20-01-2026 13:50,25364.1,0.1190790084601212,0.11542,0.11179641674874176,0.11015,0.10898,0.10929,0.11172,0.1156,0.12044962362697359,0.12631133526328858,0.13298,0.14043,0.14763,0.15575,0.21097,0.20219,0.19323066149781906,0.1840251980591208,0.17482535871220728,0.16567312863515907,0.15701,0.1485330394971499,0.14016,0.13401,0.12738,0.12171,0.11726,0.11303
20-01-2026 13:55,25368.4,0.12013404801034346,0.11596,0.11202092685546054,0.11014,0.10897896134687511,0.10947,0.11184,0.11536,0.12047,0.12582,0.13258,0.13973,0.14713,0.15527,0.21065,0.20234,0.19506,0.18455,0.17557,0.16568,0.15734423559891828,0.14869,0.14079,0.13478,0.12791,0.1224,0.11736,0.11303
20-01-2026 14:00,25369.7,0.11633040762266827,0.11201,0.10893,0.10744,0.10673,0.10818,0.11086,0.11473,0.12021,0.12574490599036628,0.13214,0.1396,0.1468,0.15515,0.21334,0.20365,0.1959,0.18600400598111122,0.17649278289785839,0.16678,0.15798,0.14922,0.14073,0.13489,0.13128877341180725,0.13136783353615983,0.13567096552812188,0.14356183270420958
20-01-2026 14:05,25359.55,0.11536188585105865,0.11154,0.10917,0.10798,0.10734,0.10897,0.11175,0.11592,0.12161,0.12712117999115083,0.13384,0.1413,0.1493954933744146,0.15808,0.21269663685297785,0.20364,0.19509,0.18532,0.17684,0.16732,0.1586,0.14999,0.14228,0.13639,0.12966,0.12411,0.11977,0.11583358328500289
20-01-2026 14:10,25355.15,0.1183,0.11485,0.11245,0.11044956334275927,0.11,0.11136916495691747,0.11373,0.11751,0.12316,0.1286660052956203,0.13542259793022948,0.14273797432286367,0.15054,0.15889,0.21223,0.20319,0.1941790176443379,0.18513,0.17609380252829268,0.16724,0.15862,0.1503663709489433,0.14221,0.13597,0.12932,0.1235891646284127,0.11868057679517773,0.11436
20-01-2026 14:15,25366.45,0.1131445724568721,0.11021,0.10831894849952918,0.10745,0.10704,0.10866,0.11137,0.11521,0.12048009933375213,0.12634,0.13298,0.14037238174774697,0.14814,0.15610263635665708,0.21076441166024493,0.20194,0.19271,0.18417241296256381,0.17576,0.16672,0.15844,0.1506311312215237,0.1432531468166897,0.13675,0.13014,0.12493507197376039,0.12065,0.11665
20-01-2026 14:20,25356.3,0.12201,0.11807,0.11447013441665044,0.11293,0.11176,0.11266463615998831,0.1147,0.11805,0.12277,0.12807,0.13424,0.14166,0.14925,0.15714702851529297,0.21,0.20085,0.1926,0.18335,0.17458,0.16573,0.15718,0.14903,0.14153,0.13538,0.12847,0.12274,0.11845,0.11392
20-01-2026 14:25,25378.65,0.12105,0.117,0.11278587558286632,0.11102,0.10963,0.11063,0.11258,0.11624361059009933,0.121,0.12604,0.13239,0.13931,0.14648,0.15474,0.21293,0.2034,0.19521,0.18583582929452694,0.17705,0.1674,0.15813,0.14975,0.14235134748895298,0.13547,0.12861,0.12265,0.11805,0.11323
20-01-2026 14:30,25385.8,0.11073,0.10874,0.10670553475349373,0.10574645612828046,0.10555,0.10716,0.10982413478532263,0.11346,0.11826015372301057,0.12355,0.13016,0.13685,0.1438184087494483,0.15088958956138154,0.21419,0.20425,0.19575899214676365,0.18659,0.17846,0.169,0.16006,0.15221,0.14500219610079915,0.13853,0.1319,0.12654,0.12214,0.11784
20-01-2026 14:35,25374.45,0.10874,0.10747,0.10589,0.10523,0.10555556396207923,0.10647,0.10924,0.11288,0.1179170566334121,0.1233,0.12981,0.13653563709645478,0.14366,0.1516,0.21543,0.20562,0.19772,0.18902,0.17987,0.1709,0.16238,0.15404,0.14686106150699182,0.14024,0.13375754877757198,0.12795,0.12368,0.11927
20-01-2026 14:40,25356.7,0.1118936387263481,0.10881,0.10683,0.10575978994941782,0.10637,0.1082,0.11121,0.11492,0.12054,0.12572,0.13238,0.1394,0.14656,0.15455,0.21626801753054495,0.20743,0.19928,0.18959,0.18121,0.17213,0.16356,0.1549,0.1474,0.14077,0.13453,0.12876,0.12406,0.11977
20-01-2026 14:45,25345.55,0.11529,0.11294,0.11041,0.10866826249053316,0.10864,0.10987,0.11265,0.11615,0.1213330925223312,0.12710109233396955,0.13376,0.14068,0.14752,0.15514,0.21677,0.20717,0.19801,0.1883,0.17987,0.16997,0.16096,0.15256,0.14536704312941037,0.13852,0.13195,0.12642,0.12178,0.11732
20-01-2026 14:50,25348.5,0.10425,0.10393,0.10305,0.10268636228218046,0.10348,0.10534,0.10893,0.1134366104223697,0.11893,0.12412,0.1315,0.13842,0.14581,0.1543,0.21856,0.20883,0.19901353557492998,0.18946,0.18002285844816265,0.17097,0.16189,0.153,0.14558,0.1391,0.13254,0.12726976511966906,0.12282,0.11885354127169975
20-01-2026 14:55,25335.5,0.09571,0.09742,0.09848,0.09992,0.101,0.10445,0.10817,0.1129,0.11894073823098189,0.12474,0.13244,0.13951,0.14673,0.15479,0.21849,0.20917358008942788,0.1994313729971992,0.1895672209059036,0.18023,0.16993,0.16071,0.15238,0.14526,0.13876,0.13306,0.12801,0.12455,0.12171
20-01-2026 15:00,25288.25,0.1044,0.10407,0.10406,0.10487,0.10668109773112405,0.10966,0.1139,0.11894,0.1255,0.13158973331590518,0.13884380141948835,0.14653,0.15422074581733658,0.16265,0.2131,0.20251,0.19301,0.18224,0.17393,0.1639,0.15496,0.14722,0.14049,0.13464,0.12921877854429037,0.12433,0.12107,0.11819
20-01-2026 15:05,25289.95,0.0984298058990431,0.09853,0.09973,0.10149,0.10418,0.1078,0.11255,0.11733,0.12391,0.130324420764128,0.13757090047556036,0.14491,0.15284,0.16084,0.21652,0.20608041782545072,0.19639,0.18535,0.17685,0.16715526162263836,0.15847,0.15071,0.14413,0.13867,0.1335,0.12859,0.12558171988918193,0.12319
20-01-2026 15:10,25245.35,0.09945,0.10039327914414935,0.10227474619627167,0.10516,0.1089,0.11311,0.11855,0.1239318636182942,0.13062,0.1369313457080071,0.1442,0.15119,0.15931,0.16759,0.21653,0.2042,0.19461,0.18401,0.17462,0.16598490032422442,0.1576,0.15086,0.14497,0.14046,0.13613,0.13301,0.13092,0.129189275176212
20-01-2026 15:15,25238.75,0.10515,0.10596,0.10699,0.10871,0.11216,0.11623047599236447,0.12091,0.1263095702601334,0.13268826424161945,0.13918,0.14641505230383914,0.15373,0.16161,0.16897,0.22738,0.21506,0.20336695422976075,0.19277,0.1815798267136913,0.17182,0.16316,0.1550955468421835,0.14824,0.14265,0.13723268292306628,0.13321,0.12941795998506547,0.12605489045953505
20-01-2026 15:20,25191.85,0.12125,0.11886,0.11737,0.11782958580244729,0.11975,0.1228045745097374,0.12685,0.13185,0.13761,0.14411,0.15051,0.15709,0.16452136045962004,0.17198,0.22048522219177186,0.20918,0.20017,0.18901,0.17855476506364204,0.16855,0.15906,0.1507967924987682,0.14289,0.13612,0.13026,0.12498,0.12099,0.11734
20-01-2026 15:25,25185.2,0.14071970783294,0.13400505261600223,0.1297,0.12673,0.12581,0.12786,0.12951,0.1342915206958203,0.13935,0.14396,0.1508434286388519,0.15751,0.16495,0.17189,0.220463227763221,0.2088,0.19656,0.18717,0.17528,0.16647,0.15823,0.15255,0.14239,0.1339,0.12805,0.12057,0.11524,0.10921062289787903
21-01-2026 09:15,25171.75,0.16438018541806226,0.15294,0.147776559169497,0.14119,0.13853,0.13825,0.1395,0.1435359478993117,0.14727,0.15271,0.1595167586295415,0.16575,0.17272,0.18004,0.22163,0.21205,0.20214,0.19239,0.18253,0.17277,0.16299,0.15324,0.14406,0.13532,0.12661,0.11838,0.11024,0.10135
21-01-2026 09:20,25204.0,0.14489,0.13684,0.13149,0.12897,0.12792,0.12825,0.13111,0.13522,0.14083,0.14681,0.15371,0.16135,0.16841,0.17651,0.22981,0.2195931245342294,0.20887,0.19878,0.18866,0.17834268072866552,0.16860528997481217,0.15893,0.14964,0.14123,0.13293,0.12507,0.11766,0.11031
21-01-2026 09:25,25249.5,0.11239,0.1107071311996786,0.10841,0.1092,0.11137162995295358,0.11359,0.11892480411255278,0.124,0.13056,0.1378,0.14569,0.15395,0.16214,0.16992,0.23932,0.22872,0.21839904425144704,0.20844,0.19844,0.18775080733680144,0.17804922251122562,0.16883,0.15985,0.15212,0.14385,0.13775,0.1322,0.12704770115389022
21-01-2026 09:30,25231.8,0.13669,0.12893149811322135,0.12412,0.12087,0.12038,0.12144977253865094,0.12475,0.12956,0.13608,0.14246,0.15005,0.15783,0.16532,0.17285,0.23545917622840698,0.22509069024268133,0.21473141427961798,0.20422,0.19388,0.18338,0.17313863614007208,0.16297,0.15255,0.14322,0.13429,0.12583,0.11875,0.11057
21-01-2026 09:35,25229.95,0.11121963107561487,0.10967866855193086,0.10846,0.10857,0.11075486275991213,0.11357,0.11819,0.12409,0.1309,0.13852,0.14715236492061293,0.1555,0.16438,0.17241,0.2393,0.2281491172724248,0.21739,0.20703,0.19617401545573127,0.18647,0.1758,0.16575,0.15633,0.14788,0.13944,0.13261,0.12591,0.12057
21-01-2026 09:40,25195.85,0.12878135256562956,0.12386,0.12034,0.11914,0.11944,0.12178,0.12572,0.13085594318812654,0.13744,0.14442,0.15206,0.1599229268876616,0.1680765793528953,0.17625,0.23126,0.22039,0.20921,0.19894,0.18912,0.17868,0.16834720312844864,0.15788,0.14814,0.13936,0.13038,0.12255,0.11511,0.10890842066410165
21-01-2026 09:45,25195.8,0.12740863978183126,0.12241,0.11905,0.11758,0.11846322295098785,0.12115,0.12508,0.13066,0.136770658813713,0.14369,0.15164,0.15958171725123768,0.16779,0.17631,0.22982540188413927,0.21955,0.20885,0.19847492138447032,0.18822,0.17803,0.16786917181590622,0.15791,0.14843,0.1399,0.1314,0.12326,0.11657,0.10994
21-01-2026 09:50,25185.15,0.12236,0.11795,0.11563822209688196,0.11528,0.1166283238887933,0.11966,0.12441761083568205,0.1304,0.13697,0.14439,0.15238,0.16083,0.16916,0.17729,0.22539,0.21541,0.20434,0.19499,0.18528,0.17565,0.16525,0.15601,0.1469,0.13844901479873994,0.13028,0.12306525868015249,0.11641,0.11009
21-01-2026 09:55,25177.9,0.11379,0.11152,0.11085317067031847,0.11141,0.11346,0.11718,0.12215,0.1284,0.13560743149000828,0.14352468923981024,0.151964190769043,0.16066,0.16945,0.17827378925452728,0.22504,0.21521,0.20467,0.19504139843743776,0.18535228834987985,0.17627,0.16641418243591316,0.1575,0.14867,0.14081,0.1331439167061956,0.12667,0.12103,0.1157
21-01-2026 10:00,25151.55,0.12546,0.1208012492451722,0.1187634617720788,0.11892,0.11961,0.12284,0.12739,0.13308,0.13961,0.14673,0.15487,0.16346,0.17209,0.18078879081636606,0.22193,0.21176,0.20183746200391145,0.19167,0.18148,0.1718,0.16211,0.15239,0.14399,0.13558,0.12784,0.12142,0.1149262732034922,0.10876
21-01-2026 10:05,25168.3,0.11764670461337985,0.11538,0.11423,0.11445,0.1168242411208788,0.12029047916273138,0.1249676786843889,0.13075,0.13746,0.14494,0.15349,0.16138,0.16973,0.17714,0.22286,0.21264,0.20243,0.19279,0.18268,0.17313,0.16324,0.1546,0.1458,0.13816,0.13112,0.12476,0.11912,0.11439
21-01-2026 10:10,25142.55,0.12749,0.12315,0.12023,0.12039,0.12189,0.12482,0.12962401826604264,0.13563,0.14202,0.14944536574608083,0.15767,0.16529,0.17225,0.18029,0.21797,0.20761,0.19790512367010452,0.18776,0.17788,0.16848,0.15901543557699607,0.14989,0.14065,0.13289,0.12515,0.11804,0.11153,0.10527
21-01-2026 10:15,25145.8,0.12333,0.11947,0.1175,0.11739000272028634,0.11928,0.12282,0.12764,0.13377,0.1409,0.14845679285985183,0.15653,0.16493,0.1719,0.17995,0.22032,0.21,0.20006462822608018,0.18993,0.17991720971259706,0.17012,0.16051,0.15151099631201836,0.14283223738412615,0.13445,0.12696,0.1204,0.11402,0.1085
21-01-2026 10:20,25143.35,0.1079,0.10745,0.1083,0.11044,0.11423,0.11961503786936262,0.1254,0.13227,0.14021,0.14801,0.15664,0.16499,0.17225,0.18071,0.22032,0.21089,0.20145,0.19248,0.18309,0.17442,0.16525,0.15763,0.14974,0.14271,0.13565,0.13077,0.12584,0.12255
21-01-2026 10:25,25100.4,0.12159,0.11908,0.11899,0.1201,0.12283,0.1270441903100139,0.13228,0.13878,0.14571,0.15384,0.16192049803748318,0.17048,0.17831,0.18593,0.21872,0.2089,0.19884,0.18907,0.17952,0.1699485620869851,0.16056,0.15206,0.1438,0.13602,0.12931,0.12317,0.11783194829104364,0.11316
21-01-2026 10:30,25093.35,0.12192468690150794,0.12031,0.11937,0.12075,0.12372,0.1282,0.13354,0.1399954610203177,0.14693,0.15483,0.16325,0.1711712250493941,0.17905690168545307,0.18642,0.21712,0.2065,0.19696,0.18695,0.17724511443312735,0.1679,0.1584,0.14965,0.1415,0.1339406424979872,0.126920453662269,0.12053,0.11435,0.10948
21-01-2026 10:35,25094.5,0.11848,0.1171,0.11731,0.11930440385229389,0.12270063910987683,0.12727,0.13311800566736046,0.1397714570365594,0.147,0.15472,0.16342,0.17133,0.17914,0.18757,0.2166,0.20606,0.19642,0.18667,0.17674,0.16751,0.15879282975020909,0.15015,0.14241,0.13525,0.12902,0.12337,0.11888,0.11546784259941835
21-01-2026 10:40,25076.8,0.11139988638484821,0.1126,0.11567533603394964,0.11919,0.12378,0.12957,0.13582,0.14283,0.14989,0.15783,0.16683,0.17498640694882164,0.18316,0.19098,0.21921,0.21009,0.20117,0.19196,0.1830816030495596,0.1754,0.16699,0.16,0.15276,0.14706,0.14168640030005866,0.13814,0.13602,0.13435
21-01-2026 10:45,25011.65,0.12991,0.12886,0.12996,0.13271,0.13656,0.14136082007858602,0.1476,0.15431,0.16135,0.16871,0.17751,0.18442,0.19223857314635118,0.19992408006963877,0.2134,0.20348,0.19441,0.18465,0.17497,0.1664,0.15781,0.14998,0.14243,0.13657059228876284,0.13042294040644012,0.1243,0.11945,0.11484
21-01-2026 10:50,25009.05,0.1201,0.12206,0.12600761433826854,0.1298,0.13479,0.14107369685234566,0.14727,0.1546437286976368,0.16232,0.16956,0.17816,0.18631,0.19420563673135213,0.20172,0.22256,0.21319,0.20412,0.1945094204480557,0.18603,0.17704502520777868,0.16925420919502368,0.162097630066675,0.15621,0.1511,0.1474,0.14463,0.14192,0.14173
21-01-2026 10:55,24957.3,0.14328,0.14080731348538475,0.14171,0.14384,0.14722,0.1518,0.157,0.16281293471432384,0.16965,0.17684,0.18409023295740784,0.19209,0.19924,0.20689,0.22052,0.21082571546496048,0.20088,0.19093,0.18127,0.17182899609088084,0.16314,0.1544,0.14602,0.13843,0.13136599447719635,0.1235,0.11771520197844836,0.1115125887165343
21-01-2026 11:00,24996.3,0.1347,0.13405237560678548,0.13532,0.13812,0.14231,0.14755,0.15363,0.16007,0.16697,0.17401,0.18197,0.18865,0.19583,0.20379,0.22455,0.21423,0.20368613788790785,0.19389,0.18403,0.17469744223357925,0.16654,0.15824,0.1503978614140533,0.14372,0.13740032911510575,0.13204,0.12724,0.12306253918769801
21-01-2026 11:05,24985.75,0.13806263539443714,0.13763,0.13894,0.14137,0.1458,0.15085,0.1568,0.16288,0.16942,0.17636,0.18417,0.19065,0.19721,0.20514,0.2196,0.20915,0.19846551790737174,0.18820185806211648,0.17801,0.16867,0.16003979210488622,0.15128,0.14394,0.13636,0.12993,0.12302,0.11766752342662375,0.11277
21-01-2026 11:10,25017.2,0.14323483377446872,0.1409315017102518,0.14029,0.1409810231619194,0.14317,0.14704,0.15151,0.1573506174905798,0.16355,0.17048625383314578,0.1778,0.18489,0.1916,0.19977,0.22119,0.21052,0.20085,0.19069,0.18073,0.17053,0.1613,0.15209,0.1432,0.13358,0.12580531253506044,0.11749,0.11042,0.10185
21-01-2026 11:15,25046.1,0.14397,0.14016,0.13861066188060736,0.13908,0.14103,0.14436,0.14881,0.15391,0.15965,0.16606,0.17377,0.18004,0.18735,0.1947,0.22158,0.21124,0.20104,0.19101,0.18117,0.1714780911768037,0.16191,0.15273,0.14403,0.13539,0.12731,0.12038,0.11276,0.10627833570056901
21-01-2026 11:20,25060.3,0.13169,0.12981,0.1297,0.13102,0.13391,0.13809,0.14351655343738387,0.14952,0.1563565361732545,0.1634725296357391,0.17068,0.17767,0.18500266941026336,0.1921067528090111,0.22501,0.21547104438645176,0.20584,0.19596,0.18562,0.17611,0.16717,0.1585,0.14967,0.14173,0.13515,0.12908,0.12283,0.11697
21-01-2026 11:25,25041.3,0.12924,0.12753,0.12769,0.12964,0.13366,0.13824,0.14359,0.14983,0.15679,0.16395,0.17192,0.1789,0.18698,0.19456,0.22775,0.21815,0.20868,0.19892,0.18899,0.17966,0.17054,0.1622,0.15398600160957127,0.14682,0.1394413293206734,0.13311,0.12778,0.123
21-01-2026 11:30,25041.05,0.13283,0.13058,0.13029961311723684,0.13195,0.13501,0.13941,0.144643726928547,0.15084,0.15770751842422995,0.16494,0.1728,0.17992,0.18742,0.19493359885765954,0.22611,0.21648576407273354,0.20679642226830106,0.19712746998541744,0.18746,0.17814,0.16903804786194848,0.16022,0.15174,0.1437,0.13617,0.12995,0.12374,0.1176
21-01-2026 11:35,25049.35,0.13118,0.12936,0.12957,0.13118,0.13391,0.13844,0.14389,0.14995,0.15668,0.1640569945887389,0.17176,0.17919800029693814,0.18645,0.19453,0.22696,0.21724411266226115,0.20769,0.19761,0.18773,0.17863,0.16983,0.16134,0.1529826333148561,0.14528,0.13856,0.13231,0.12686,0.12162
21-01-2026 11:40,25042.9,0.13347849341909598,0.13186,0.13145,0.13247,0.13537,0.139435020048705,0.14483,0.1505,0.15708,0.16411,0.17186,0.17917,0.18658,0.19412,0.22612,0.21626,0.20649,0.19653,0.18629,0.177,0.16772,0.15908,0.15079,0.14328,0.1362264949259112,0.12979,0.12372,0.11854100728863552
21-01-2026 11:45,25045.15,0.13369967098616148,0.13206,0.13135393744489793,0.13236,0.13523,0.13924,0.14427,0.1499,0.15644,0.16362,0.17162,0.1783,0.18635,0.1939,0.22687,0.21664,0.20673,0.19655,0.18659,0.17713,0.16783,0.15919,0.1508237836822054,0.14292,0.13557,0.12887,0.12235,0.11652617180348632
21-01-2026 11:50,25057.75,0.13374,0.13061,0.12978,0.1313,0.13417,0.13801,0.1433,0.14884,0.15563,0.16264,0.17054,0.17769,0.18521,0.19285,0.22699,0.217,0.20682559032282274,0.19684547799467964,0.18704,0.17744857994295327,0.16813,0.15925,0.15112,0.14337,0.13526,0.12839,0.12245,0.11627
21-01-2026 11:55,25064.55,0.13047,0.1286,0.12848,0.12994,0.13295,0.13718,0.14238,0.14817,0.15471,0.16176,0.1697,0.17657,0.18406,0.19166,0.22742,0.21717,0.20708542745559208,0.19738,0.18712,0.17786,0.16849,0.15966,0.15123402301252356,0.14360691606192805,0.13634,0.12944941760933645,0.12378,0.11829
21-01-2026 12:00,25081.9,0.14194,0.13712,0.13497,0.13424,0.13538167986611194,0.13853,0.14254,0.14726536395300519,0.15337,0.15944,0.16694,0.17378,0.18123,0.18878,0.225,0.21461,0.2048,0.19454586919958886,0.18440343430774817,0.17414,0.16427,0.15487,0.14552,0.13741461994007356,0.12911675848190668,0.1206,0.11306,0.10483
21-01-2026 12:05,25117.2,0.12873,0.12563,0.12408,0.12527815984442897,0.12718,0.13056,0.1351,0.14051,0.14695,0.15358,0.16091031311652734,0.16809,0.17581,0.18372,0.22803219443217854,0.21847,0.20894,0.19889429885130705,0.18906,0.17998,0.17017,0.16139,0.15266,0.14483,0.13702,0.13023,0.12375,0.11802
21-01-2026 12:10,25113.35,0.13919,0.13376,0.13116,0.13082,0.13145,0.13404,0.13797,0.1429377941662963,0.14912,0.15502,0.16263,0.16926,0.17671,0.1840975823001769,0.22408,0.21377,0.20384,0.19382733609063116,0.1841770069061733,0.17402,0.16463,0.15525,0.14665,0.13796,0.12963,0.12258,0.11501147783322835,0.10767
21-01-2026 12:15,25129.25,0.14212,0.13645,0.13255338774529182,0.13138,0.13217,0.1342591995168995,0.13796,0.14234,0.1479,0.15374,0.16084,0.16697,0.17331,0.18063,0.2261440585137206,0.2158,0.20614,0.19586,0.18606355593434248,0.17534,0.1656,0.15635,0.14722,0.13817,0.13001,0.12186,0.11408,0.10638
21-01-2026 12:20,25163.0,0.13704,0.13153,0.1277836333143899,0.12705,0.12763387357690195,0.13014313560136673,0.13361,0.13822,0.14354,0.14955,0.15667,0.16310083940539274,0.16958,0.17664,0.23038,0.22027,0.21058,0.20048,0.19103583271697458,0.18101,0.17114,0.162,0.15272,0.14432,0.13626,0.1279,0.12079294728740206,0.11349
21-01-2026 12:25,25166.9,0.11646,0.11482,0.11454,0.11565,0.11826,0.12277176567825786,0.12722,0.13303,0.13967,0.14655,0.15443,0.16135,0.16878,0.17619445657325572,0.23888,0.22894,0.21884266672112926,0.20945,0.19993,0.19064,0.18145,0.17227606817107577,0.1638750270336778,0.1559893941820272,0.14943,0.14255,0.13679,0.132
21-01-2026 12:30,25153.65,0.14411,0.1367795497584033,0.13294,0.13066,0.13051,0.13202,0.1348629214737276,0.13924,0.14482,0.1501,0.15725,0.16402,0.17046,0.17743,0.23409,0.22385,0.21446,0.20471615327702553,0.19464640675393985,0.18477,0.17467,0.16519,0.15566,0.14664,0.13804,0.12914,0.12071,0.11267
21-01-2026 12:35,25191.3,0.1472,0.14047,0.13539,0.13212,0.13144641712842298,0.13255,0.13494,0.13883,0.14335,0.14828,0.15471,0.16102,0.16736254639856507,0.17383,0.2341,0.2241,0.21448531161216416,0.2048699703757164,0.19469,0.18542,0.17552,0.16609,0.15689,0.14758,0.13896,0.13075,0.12259,0.11461
21-01-2026 12:40,25225.6,0.13640574847871506,0.1311,0.12780442470566877,0.12561,0.12506,0.1262,0.12875,0.13256790475254845,0.13711,0.14219,0.14804,0.15492,0.16058,0.16847,0.24091,0.23056,0.22149,0.21174,0.20221,0.19333,0.18365,0.17470732565678593,0.16626,0.15743397268191606,0.14923094684162513,0.14166,0.13429,0.1274
21-01-2026 12:45,25260.15,0.14866,0.1404619179633184,0.13502,0.13106,0.12889,0.12878,0.13055313997657927,0.13345,0.13754,0.14228,0.1475626356785415,0.15331,0.15916,0.16562,0.24406653211849078,0.23445,0.22483,0.21557,0.20544,0.19649,0.1869016258194352,0.17763,0.16816,0.15944,0.15062,0.14206,0.13387,0.12606
21-01-2026 12:50,25266.0,0.15093610399443438,0.14299,0.13659,0.1321519783369125,0.13001981312055286,0.12986,0.13099,0.13379,0.1377,0.1423,0.14736,0.15339,0.15914,0.16617,0.24757736517705037,0.23813,0.22897,0.21942753421666028,0.2098,0.20057,0.19091,0.182,0.17238,0.16351,0.15473,0.14632,0.13756,0.12958
21-01-2026 12:55,25281.8,0.13917,0.13325601035974516,0.1288038966813658,0.12593,0.12492618828964518,0.1255032628785538,0.1272542494472863,0.13018496927473538,0.13403,0.13891,0.14462,0.15084,0.15753,0.16446533470273236,0.25027,0.24056,0.23144,0.22236,0.2125,0.20318,0.19394,0.18479,0.17522,0.16673,0.15789,0.14926,0.14108,0.13375
21-01-2026 13:00,25281.3,0.13807,0.13319,0.12776,0.12551,0.12366,0.12413,0.12643,0.12955,0.13415,0.139306693376116,0.14535,0.15225,0.1586,0.16594,0.25099,0.2412,0.23143,0.22218,0.21278,0.20316,0.19335,0.18437,0.17524574482900998,0.16631568449216716,0.15764,0.14886,0.14094,0.13318
21-01-2026 13:05,25288.85,0.12164,0.11875,0.11667,0.11569,0.11683008197436591,0.11798,0.1212,0.12532,0.13069,0.13647,0.14268,0.14990531319428313,0.15706245534841315,0.16431,0.2514593113789729,0.2421890424085719,0.23312,0.22368557794092753,0.21469,0.20515,0.19551,0.18666,0.17799,0.1693,0.16109,0.15329,0.14588,0.13943
21-01-2026 13:10,25221.5,0.14555,0.13388,0.13292,0.12941,0.12723,0.12818,0.12948983864800775,0.13326,0.13677,0.14244,0.1485488858411613,0.15601,0.16247,0.17012,0.24334,0.23292,0.22424,0.21525,0.20452,0.19612,0.18546,0.17645,0.16852,0.15804,0.14967,0.14177,0.13249,0.12413
21-01-2026 13:15,25225.05,0.1338,0.12896,0.1254586291070304,0.12326,0.1228,0.12402,0.12667675935194606,0.13065,0.13568,0.14121,0.14793,0.15501,0.16172,0.16931,0.24435,0.23512,0.22589,0.21678,0.20749,0.19819,0.1889858984051477,0.18004,0.1711,0.1628,0.15452,0.14636,0.13888,0.13236
21-01-2026 13:20,25225.7,0.12872,0.12486,0.12231759332739921,0.12081,0.12085,0.12246,0.12556,0.12964,0.13486,0.14077,0.14750202125335238,0.15468,0.16132,0.16885,0.24624435036337733,0.23705319676474676,0.22782,0.21895,0.20902,0.19978,0.19047,0.18129,0.1723977477088532,0.16424,0.1558424932430835,0.14833,0.14156,0.13545
21-01-2026 13:25,25205.25,0.1343387123106466,0.1299,0.12663,0.12487,0.12494,0.12610139510376234,0.1291,0.13326,0.13793886065297362,0.14405,0.15016,0.15714729769501218,0.16463,0.17223,0.24316,0.2337,0.22373,0.21445,0.20477444384711543,0.19518725740624257,0.18538,0.17635,0.16764,0.15913,0.1512,0.1440590168518609,0.1371535296170298,0.1304
21-01-2026 13:30,25215.7,0.1167552946696458,0.11528137329001722,0.11384,0.11439,0.11611,0.11898,0.1233394939046015,0.12793,0.13384,0.14041,0.1476983750035356,0.15499546257961336,0.16265,0.17059,0.24707,0.23815,0.22833331861312678,0.21911,0.20948,0.20028,0.1906848616624307,0.18238,0.17411,0.16604,0.15871,0.15219,0.14655,0.14146
21-01-2026 13:35,25182.35,0.14827,0.13934,0.13698,0.1338,0.13289,0.13224,0.13452785060886824,0.1378,0.1423,0.14773,0.15379,0.16018434710067395,0.16719,0.17421,0.2376914359665911,0.22763,0.21827249536616541,0.20869,0.1986,0.18997,0.18004,0.17157,0.16251,0.15420972060873353,0.14590969949164523,0.13646,0.12972,0.12058
21-01-2026 13:40,25193.1,0.13324,0.12889875144177237,0.1257,0.12472,0.12518,0.12695,0.12988001736226948,0.13381,0.13901,0.14486,0.15122394911897713,0.1581,0.16516,0.17297,0.24104,0.23161,0.22252,0.21314,0.20345,0.19387,0.18456,0.17598,0.1671064702145086,0.15902,0.15151263030160106,0.14393,0.13706,0.13075
21-01-2026 13:45,25192.95,0.13211,0.12832,0.1251717106419252,0.12411,0.12448,0.12634,0.12935,0.13350488902832683,0.13859,0.14451,0.15095,0.15785,0.16523,0.17348,0.24175,0.23225,0.22274,0.21318,0.20349,0.19378,0.18417,0.17565,0.16677,0.15838,0.15083019918296597,0.14335,0.13649,0.13029
21-01-2026 13:50,25179.95,0.12507,0.1225,0.12106,0.12096,0.12254,0.12493,0.12858,0.13335,0.13902,0.14535857969177782,0.15218,0.15955,0.16688,0.1742,0.2418,0.23224,0.22298,0.21312,0.20354,0.19431,0.18498,0.1767,0.16826,0.1603,0.15311,0.14644,0.14051,0.1348653178226566
21-01-2026 13:55,25164.25,0.12508,0.1227,0.12142,0.12197743147009389,0.12362,0.12631401363306222,0.12986,0.13471,0.14081,0.14683,0.15375,0.16127,0.16886,0.17614,0.24014,0.23066,0.2216,0.21187,0.20207,0.19273823098087903,0.18362040298434307,0.17487,0.16677,0.15894,0.15212,0.14506,0.13935,0.13429
21-01-2026 14:00,25141.15,0.13164631674247732,0.12917,0.12692,0.12689,0.12849,0.1309,0.13466,0.13925,0.14488,0.15069,0.15765,0.16457,0.17215,0.17942,0.23407500757564315,0.2242,0.21511,0.2058,0.19619312065080208,0.18634,0.17715,0.16852,0.16066944528528862,0.15275,0.14567,0.139,0.13286765870984557,0.12701
21-01-2026 14:05,25151.55,0.12298,0.12147,0.11991444336400206,0.11955,0.12101,0.12406,0.12791,0.13284,0.13906,0.1456793940236983,0.15267,0.1606,0.16894,0.17732909733484634,0.23437,0.22453,0.21563,0.20635,0.19667,0.18761,0.17836,0.16951443217829404,0.16148,0.15407,0.14726,0.14125,0.13536273164611712,0.1311
21-01-2026 14:10,25141.05,0.12313248356777169,0.12105,0.12018,0.12055,0.12248,0.12586,0.12964,0.13475,0.1406677202837552,0.14735,0.15495,0.16301,0.1712660599510867,0.17995323833507088,0.23095,0.2211,0.21163484136708616,0.20220101669729193,0.19295,0.18376,0.1747004118036055,0.1659382056181742,0.15815,0.15046,0.14392,0.1377,0.13181591718433422,0.12778
21-01-2026 14:15,25139.05,0.14051,0.13525,0.13063134197526394,0.12945,0.12981,0.13115,0.13350611476662394,0.13773,0.14279,0.14838801013652048,0.15467,0.16227,0.16974,0.17697,0.22544,0.21577,0.20643,0.19658,0.18674,0.17739,0.16786,0.15897,0.15036,0.1425374478062872,0.13421,0.12632,0.11937,0.11216
21-01-2026 14:20,25178.3,0.11282892165063436,0.11156,0.11175,0.11306,0.11619530685413444,0.11962,0.12405,0.12924,0.13577,0.14228462431511543,0.14905,0.15704,0.165,0.17336760611721044,0.23348,0.22449,0.2149674842913657,0.20603,0.1965,0.18713869140130607,0.17844,0.17048,0.16261,0.15540504789478451,0.14925,0.14362,0.13928,0.13574
21-01-2026 14:25,25144.75,0.11203,0.11192,0.1129,0.11453,0.11751,0.12133,0.12644,0.13201,0.13842,0.14552,0.15314,0.16094,0.16956,0.17814486195643778,0.22976,0.2210485424685731,0.21204,0.20324,0.19409,0.18498,0.17631,0.16855,0.16094,0.154,0.14797625961449354,0.14232771298975186,0.13846,0.13414572240371028
21-01-2026 14:30,25130.1,0.13478070202968764,0.13168267518833865,0.13004,0.12881,0.12961,0.13109,0.13442,0.13863,0.14401,0.14972,0.15656,0.16348031071639,0.17098,0.17869,0.22543,0.21582,0.20649,0.19662,0.18686,0.17739,0.16792,0.15920464223191164,0.15054704513751102,0.1418,0.13476178394123298,0.12673,0.11991,0.11289
21-01-2026 14:35,25146.5,0.12820338741678242,0.12594,0.1239,0.12393,0.12532,0.12787,0.1316350229815835,0.13605,0.1419,0.1479594244076689,0.15477,0.16188,0.16945,0.17727,0.22669,0.21725,0.20771,0.19788,0.18808591133698696,0.17837,0.16959,0.1609,0.1526,0.14483828871521845,0.1381420911851625,0.13126,0.12538,0.11990972533304896
21-01-2026 14:40,25152.35,0.1205420642020169,0.11893,0.11831387122717764,0.11882,0.12084,0.12401,0.12829842927108442,0.13315,0.13905,0.14561,0.1527783633211935,0.16013,0.16837,0.17615,0.22728,0.21766,0.20842308816841493,0.1993,0.18977448346455586,0.18086,0.17211,0.16389786729517994,0.1563175599208875,0.14927004732118418,0.14301,0.13732,0.13209,0.12722858108404184
21-01-2026 14:45,25149.7,0.12554,0.12304,0.12153753218018586,0.12183,0.1233,0.126,0.12989,0.13457007954961117,0.14041,0.14655671041533763,0.15357,0.16122,0.16874,0.17748,0.22466,0.21461,0.20589,0.19637,0.187,0.17806,0.16955,0.16157672584207597,0.15405,0.14697,0.14065,0.1347,0.12959,0.12474
21-01-2026 14:50,25153.5,0.11990569539257363,0.11865955452514168,0.1182,0.11875075425874931,0.12042,0.12336,0.12737334573697173,0.13215,0.13819,0.14432,0.15163,0.15919288161639197,0.16705,0.17562,0.22362,0.21421998957589722,0.20483,0.19536,0.18592,0.17725,0.16877,0.16103,0.15363,0.14652,0.1403,0.1346370414433227,0.12976,0.12525
21-01-2026 14:55,25147.1,0.12119,0.11944453272488369,0.1192,0.11878,0.12095,0.12376569616414326,0.12738,0.13253,0.13854,0.1451347406011934,0.1525,0.16021,0.16788,0.17644,0.226,0.21577,0.20664,0.19663,0.18706841429754612,0.17788,0.16911,0.16108,0.1528,0.146,0.13932,0.1337,0.12836,0.12385
21-01-2026 15:00,25160.2,0.1314078705183904,0.12795017307011053,0.12599,0.12423,0.12420410338038756,0.12612,0.1293,0.13273,0.13886,0.14424,0.15146,0.15934,0.16697543314179808,0.17493,0.22462,0.21482173661547993,0.20482,0.1946967954543884,0.18445,0.17483,0.16566,0.15701974554345016,0.1482,0.1406,0.13386257016508737,0.1271,0.12108422675471449,0.11472
21-01-2026 15:05,25171.7,0.11706,0.11539,0.1148,0.11552,0.11721,0.12017,0.1241,0.12894,0.13536,0.14201,0.14972938920168036,0.15794,0.16584,0.17458,0.22647,0.21712,0.20732,0.19776,0.18797,0.17886192958619324,0.17025,0.16227,0.15494,0.14792,0.14197,0.13652,0.13194,0.1274781338309968
21-01-2026 15:10,25159.7,0.11404,0.11283,0.11313,0.11384,0.11659,0.11998182296135967,0.12456503682711638,0.12989068083902933,0.1363,0.14291,0.15131,0.1595,0.16735,0.1757789390838631,0.22813,0.21813,0.20858,0.19826,0.18875,0.17947875715574352,0.17086,0.16273640392235794,0.15521557197066144,0.14858,0.14238,0.13678,0.1328,0.12917
21-01-2026 15:15,25148.5,0.11788124054022774,0.11694188976562837,0.11692,0.11701,0.11864625546637166,0.12157868801615682,0.12587,0.13073110764824378,0.13709,0.14341,0.15201879229852983,0.16095,0.16919,0.17746,0.22618,0.21597,0.20606,0.19582,0.18652469974383817,0.17726195733836125,0.16852,0.16038,0.1526,0.14546,0.13935330406897528,0.13378812837068255,0.12898,0.12484
21-01-2026 15:20,25154.25,0.11111,0.11098,0.11135874442924601,0.1123,0.11486759308997828,0.1183,0.12263,0.12762,0.13529,0.14189,0.15119,0.15955,0.16812,0.17634,0.22312866164063716,0.21398,0.20528,0.19525,0.18665,0.17793,0.16939,0.16151,0.15378,0.14632,0.14022045896147176,0.13498,0.1309,0.126946168712807
21-01-2026 15:25,25150.7,0.12111,0.11857,0.11712,0.11677,0.1183,0.12103,0.12473,0.12919,0.13625,0.14187,0.15025754406440883,0.15893,0.16642,0.17481,0.22098156123749974,0.21134,0.20163,0.19141,0.18137653024226016,0.17105,0.16232,0.15363788544975465,0.14483,0.13698,0.13031690128019593,0.12394,0.11898,0.11350539271020327
22-01-2026 09:15,25332.45,0.10473,0.1020499796876682,0.10454,0.10521,0.10684,0.10947,0.11372,0.11836,0.12544,0.13242,0.14014,0.14997,0.15905,0.16873,0.24654473148088998,0.23565,0.22513,0.21365,0.20268,0.19258,0.1816,0.17114,0.16105,0.15211,0.14424,0.13698,0.13113,0.12762611158093687
22-01-2026 09:20,25329.3,0.11558072639890479,0.11259,0.11074,0.10979,0.11021,0.11218,0.11591,0.12018,0.12695,0.13378,0.14197,0.1504860208371854,0.15953,0.16876,0.24508,0.23368093632092202,0.2222743668164203,0.21083,0.19932,0.18831749511276744,0.17772,0.1669352545722624,0.15679,0.14767,0.13894649999549044,0.13125,0.1246,0.11798
22-01-2026 09:25,25334.05,0.14548068394722588,0.13823,0.13143,0.12539086635340121,0.12273281692406328,0.12234,0.12374,0.12643,0.13155,0.13711,0.144050043533353,0.15203,0.1597,0.16864,0.24449,0.23292,0.22276,0.21093,0.19921,0.18794,0.17635,0.16546,0.15452,0.14538870594278916,0.13472,0.12604,0.1181353275941415,0.10968
22-01-2026 09:30,25400.35,0.1313,0.12552,0.11846,0.11585755037609596,0.11534,0.11588,0.11922010025516273,0.12335,0.12934764502845034,0.13597,0.14327,0.1513006374736204,0.1591,0.1679,0.29877,0.28957,0.27803,0.26802,0.25667,0.24469,0.23145,0.21741,0.2017301280484773,0.18732,0.17255378976676353,0.15865566287715865,0.14582,0.13203136122408074
22-01-2026 09:35,25415.7,0.12572,0.1196,0.11492,0.11249,0.11221,0.11558,0.12023,0.12671,0.13404,0.14122,0.14855,0.15675,0.16402,0.17148,0.30317,0.29661,0.28651,0.2782634301447473,0.26983,0.25848,0.24745,0.23456,0.22072,0.20666,0.19281,0.17783,0.16503,0.1509
22-01-2026 09:40,25405.7,0.12722,0.12223,0.11794,0.11543,0.11462,0.1168,0.12063,0.12524,0.13170934030107073,0.13851,0.14595976147751424,0.15358,0.16068,0.16828,0.29928,0.2891,0.27712,0.26673314306993146,0.25601,0.24365,0.23047,0.21790222310003143,0.20472,0.19126,0.17853,0.16576,0.15406,0.14212
22-01-2026 09:45,25400.1,0.15452,0.14307,0.13348,0.12744,0.12418,0.12365,0.12604,0.12986,0.13537,0.14087,0.14796,0.15554,0.16312,0.1704,0.29,0.27901898129825237,0.26748,0.25775,0.2460542813699197,0.2343,0.22245,0.20936,0.19737,0.18456,0.17194,0.15918,0.14702,0.13419
22-01-2026 09:50,25430.85,0.10962,0.10808,0.10618,0.10596,0.10826192121445329,0.10993,0.11498367055490152,0.12013912199983652,0.12606,0.13221,0.13989,0.14756190077062867,0.15476,0.16246077122931077,0.2845,0.27334490009685386,0.26278,0.2527454044550052,0.24304,0.23201,0.22049,0.20827,0.19722,0.1857,0.17472,0.16333191144225823,0.1528186157698346,0.14369
22-01-2026 09:55,25385.65,0.13606510593363952,0.12983,0.12362,0.11928443312349353,0.11901,0.11909,0.12178,0.12571,0.13161,0.13658,0.14401,0.15158,0.15875,0.16661,0.2655,0.25452,0.24299,0.23352,0.22257,0.21122,0.19957,0.18796,0.17596,0.16585202548806602,0.1548856235322108,0.14446859438336673,0.1348,0.12521
22-01-2026 10:00,25404.05,0.10776,0.10582,0.10506557345388352,0.10378,0.10507113186591546,0.10659,0.11024,0.11494,0.12111,0.1282666880761306,0.13519,0.14291,0.15032,0.158095625038591,0.26132,0.24963,0.23888,0.22953,0.21861666590051326,0.20862,0.19673,0.18526,0.17367,0.16391655045303258,0.15416,0.14472,0.13716,0.13138636746279014
22-01-2026 10:05,25387.2,0.11719,0.11299,0.11031279665067091,0.10822,0.10842,0.1102434138401416,0.1133519865867396,0.11733,0.12315,0.13026946250023072,0.13748,0.14503,0.1528284454697067,0.16041,0.26225,0.25061,0.23979,0.22998,0.21877,0.20853,0.19724,0.1851801725275261,0.17356,0.16269,0.15277815177276835,0.14351,0.1344757347152978,0.12669
22-01-2026 10:10,25366.75,0.13658,0.12672247306324644,0.12072,0.11637537207962077,0.11568,0.11694,0.11915,0.12345,0.12918,0.13488,0.1417964996103772,0.14914389915486362,0.15688,0.16445,0.2574628046691662,0.24688,0.23518,0.22525,0.21451333104566206,0.20366296871040057,0.19267,0.1812759096922648,0.16968,0.15848,0.14854625911077773,0.13837,0.12908,0.12057
22-01-2026 10:15,25384.2,0.09766,0.09836306821783947,0.09829759393572061,0.09906,0.10208,0.10502,0.10997,0.11552,0.12304,0.12969,0.13847,0.14584,0.1535,0.16136,0.25894,0.24802907069760263,0.23735,0.22862,0.21919,0.20863,0.1970405484638312,0.18719,0.17595,0.16545,0.15665,0.14742,0.13902066248364997,0.13255
22-01-2026 10:20,25330.55,0.13469,0.12744,0.12068848789257756,0.11707708795056744,0.11599829863801461,0.11744,0.12075,0.12486019820782554,0.13132,0.13681,0.14468,0.15186,0.15964,0.16747,0.24705,0.23563,0.2259969074300346,0.21547,0.20534,0.19424,0.18383,0.17305,0.16197,0.15146,0.14198,0.13311,0.12544112417182846,0.11920135737396352
22-01-2026 10:25,25335.0,0.09628,0.09735,0.09889,0.10032,0.10334,0.10665,0.11183,0.11894918830672362,0.12565,0.1329,0.14153,0.1496482460529638,0.15712,0.16553,0.24,0.2298679446017498,0.21970170126314967,0.20926,0.19899578001281207,0.18905,0.17911,0.16988,0.1606,0.15157,0.1443,0.13825,0.13302,0.1289928663551342
22-01-2026 10:30,25273.25,0.13945,0.13166,0.12574,0.12204,0.12132,0.12241,0.12506442112581997,0.12998,0.137,0.14324822664380063,0.15175,0.15956,0.16779,0.17688,0.23624,0.22619,0.21609,0.20399,0.19332,0.18328106888549484,0.17284,0.16271,0.1521,0.14205,0.13349,0.12467,0.1169,0.10937
22-01-2026 10:35,25312.45,0.10520424837777544,0.10398054897561256,0.10388166614086294,0.10439,0.10721,0.11117,0.11638419276209247,0.12258,0.13031,0.13765,0.14618,0.15453,0.16222,0.17138,0.23916,0.22825,0.21796,0.20729,0.1962,0.18687,0.17646,0.16749,0.15827,0.14937,0.14221,0.13534,0.12967,0.12433216741223731
22-01-2026 10:40,25290.35,0.12122,0.11683,0.11428,0.11369,0.11429,0.117,0.12134451201783478,0.1269061528914064,0.13357584077361467,0.1408,0.14941,0.15731,0.16522,0.17431,0.23637,0.22582,0.21577,0.20398,0.19285,0.1829569528851461,0.17255,0.16337,0.153851988917114,0.1446,0.13703,0.1298,0.12366235795345241,0.11738
22-01-2026 10:45,25288.95,0.1135,0.11212,0.11110674582855538,0.11127636913431675,0.11267,0.11628413215760917,0.12097,0.12700263976829526,0.13415,0.14106,0.14966,0.15788,0.16617449998079076,0.17443832447201865,0.23673,0.22664329715451054,0.21672,0.20513,0.1944,0.18474,0.17462,0.16521,0.15611,0.14677,0.1396,0.13244,0.1266046044206433,0.12065
22-01-2026 10:50,25270.45,0.11997,0.1155048707251435,0.11448,0.11425,0.11599,0.11921754924358105,0.12413,0.12998000928861178,0.13665900441080858,0.1441,0.15263,0.16039763121657669,0.16839,0.17794,0.23618,0.2258919904414484,0.21531,0.20447,0.1937,0.18389,0.17382901558241426,0.16416177809528287,0.15472837737917108,0.14588,0.13804,0.13107102769306114,0.12492717467951811,0.11856
22-01-2026 10:55,25267.3,0.0946,0.09808,0.10061,0.10451,0.10876,0.11403,0.12045,0.12785379940546598,0.13522,0.14329,0.15206,0.16066,0.16887,0.17887,0.23925,0.22912,0.21895752787055392,0.20926,0.19930698978869565,0.19022,0.18099,0.17219,0.16324628004684966,0.15599,0.14955,0.1433,0.13964,0.13687
22-01-2026 11:00,25234.85,0.1185,0.11694,0.11547,0.11648,0.11914,0.12277,0.12787,0.13398,0.14143,0.14793,0.15618,0.1639400940992277,0.1716,0.1813,0.23335,0.22333,0.21319,0.20304,0.19266,0.18352,0.17395186766129303,0.16501,0.15589,0.148,0.14096128167380945,0.13366,0.12873,0.12323
22-01-2026 11:05,25223.35,0.12387,0.12094,0.11987,0.12010222244262234,0.12217965602485863,0.12569,0.13042,0.1363046734911651,0.14347,0.15015,0.15786625528986617,0.16614,0.17361,0.18285,0.23148,0.22185,0.21166,0.20118,0.19055,0.18182,0.17225,0.16310236521299334,0.15447,0.14595,0.13902181137332303,0.1321,0.12579,0.12123
22-01-2026 11:10,25234.6,0.11783,0.11612,0.11573676090963235,0.11679,0.11961,0.12341,0.1287900447021546,0.1344,0.14175,0.14874234395394495,0.15632,0.16431,0.17175,0.18097,0.2340193455880839,0.22345,0.21361,0.20313,0.19275,0.1835971989468434,0.1751,0.16645,0.1583431663815248,0.15068057880370236,0.14371,0.13697,0.13074102708106566,0.1250028316117036
22-01-2026 11:15,25230.3,0.11734,0.11619,0.11596,0.11705,0.11988199398790136,0.12398,0.12937828045397107,0.13488,0.14284,0.1501499165964408,0.15791357747130802,0.16565,0.17338068788111252,0.1811099262128143,0.23256,0.22262486529510936,0.21276,0.20203,0.19194,0.18227705161784288,0.1733,0.16454,0.15615,0.14857,0.14203,0.13552,0.13174,0.1269
22-01-2026 11:20,25224.65,0.137,0.13082,0.12749,0.12654,0.12668650269802018,0.12968,0.13375,0.1386353252806228,0.1452,0.15148,0.1587,0.16648,0.17362,0.18287,0.22973,0.21930189479805812,0.20875,0.19782,0.18693,0.17738,0.16773,0.15831,0.14919,0.14146415539611146,0.13373104409425488,0.12592,0.11974,0.11326
22-01-2026 11:25,25274.25,0.11029,0.1095,0.11047,0.1123,0.11503,0.11882,0.12465054869535636,0.13048908624580835,0.1372,0.14366,0.15165,0.1597,0.16749,0.17588286912304854,0.23683987524356062,0.2264433618550421,0.21593227321394182,0.20607,0.19547,0.18598,0.17682,0.16705620531126755,0.158463139559924,0.15095,0.1442,0.13826,0.13343,0.13062
22-01-2026 11:30,25237.65,0.12721,0.12374,0.12201,0.12194,0.12356,0.12649,0.13079482574929346,0.13617,0.14250295317563355,0.14986,0.15778,0.16548,0.17365,0.18226,0.2316,0.22112,0.21067,0.20008,0.18997,0.17995193126676462,0.16987,0.16085,0.15191,0.1438,0.13708,0.13062,0.1252,0.12044
22-01-2026 11:35,25252.75,0.11588,0.11479,0.11479,0.11611124769393656,0.11857,0.12203,0.12717,0.13343590348635428,0.1402,0.14765,0.15566,0.16411,0.17208,0.18127,0.23498,0.22361,0.2135,0.20258,0.19227038244963737,0.18266,0.17321,0.16413,0.15533,0.14776,0.14132,0.13517,0.13073,0.12644
22-01-2026 11:40,25230.6,0.11025449373372621,0.11095,0.1127,0.11542,0.11893,0.12346,0.12878,0.13507,0.14286,0.15035,0.1589,0.1671564618562099,0.17552,0.18424,0.23382,0.22297,0.21283,0.20268,0.1922854913626737,0.18294,0.1738,0.16513,0.15713,0.15002986818645045,0.14431,0.13938,0.1355,0.13284
22-01-2026 11:45,25200.8,0.13034,0.12707,0.12579,0.12618,0.12794,0.13121,0.13519,0.14066,0.14796,0.15439,0.16295,0.17075,0.17877,0.18704922266457918,0.22867,0.2183841791250819,0.20777,0.19708,0.18627,0.17701,0.16760744714666959,0.1585,0.14969,0.14189,0.13525,0.12864,0.12393099812976265,0.119
22-01-2026 11:50,25218.4,0.11875373212292611,0.11799,0.11825,0.12004,0.12293,0.12700274352508878,0.13162,0.13778,0.14525,0.15228,0.16036230515797728,0.1684352215321441,0.17647,0.18503,0.23193,0.22182,0.21127,0.20134,0.1911,0.18159,0.17246,0.163334882091421,0.15526,0.14788,0.14122064731791853,0.1358,0.13142,0.12799
22-01-2026 11:55,25201.6,0.12001,0.11932,0.11974,0.12163,0.12481,0.12881,0.13424,0.14034,0.1483,0.15507,0.16351,0.17177,0.1796,0.1887,0.23017,0.2196,0.20945721177600096,0.19954,0.18937,0.18024,0.17079,0.16267,0.15446,0.14755,0.14166,0.1361,0.1315841689192996,0.12873
22-01-2026 12:00,25184.35,0.13758,0.13244,0.12988,0.13034,0.13108019964649187,0.13424287369182816,0.13886,0.14457,0.15216,0.1590287538481654,0.16743,0.17523,0.1837103214104233,0.19241,0.22830126668383335,0.21731,0.20632,0.19602,0.18569,0.17590675009001625,0.16609,0.1571,0.14822,0.14008,0.13273,0.12559,0.12063,0.11536
22-01-2026 12:05,25218.75,0.13087,0.12668,0.12499,0.12484,0.12640692650139565,0.12957147202508745,0.1341,0.13956,0.1466475935954369,0.15396,0.16225,0.1701520272348204,0.17781,0.18703,0.2305,0.21984,0.20922,0.19904,0.18865,0.17889541206991974,0.16943,0.16058,0.15135,0.14328,0.13606,0.12929,0.12342,0.11846
22-01-2026 12:10,25226.35,0.12834,0.12438,0.12308,0.12349508696680912,0.1255,0.12883,0.13333455905859876,0.1386,0.14562,0.15271572380492737,0.16094,0.16851,0.17645,0.18564,0.23027,0.21899,0.2086364843466379,0.1981,0.18752,0.17778,0.16817,0.15913004846779358,0.15021,0.14225,0.13511,0.12849,0.12273,0.11839
22-01-2026 12:15,25221.55,0.13087,0.12662,0.12485,0.12467,0.12612,0.12894,0.13336,0.13905,0.14608,0.1531510176140851,0.16142,0.16924,0.1773566840818262,0.18582434558932567,0.22899372138934246,0.21801,0.2077272936164245,0.19688,0.18636,0.17645,0.16673,0.15777670929086968,0.14855,0.1402,0.13314,0.12629,0.12024,0.11566
22-01-2026 12:20,25272.95,0.10777,0.10918,0.11013,0.11252,0.11574,0.11971,0.12478,0.13169393299275287,0.13871468591636804,0.14593,0.15429,0.16213,0.17068,0.17912541926304917,0.23702,0.22579,0.21552,0.20511,0.19413,0.18511,0.17556,0.16716,0.15828,0.15104,0.1439841651109959,0.13843009286438857,0.13467,0.13125
22-01-2026 12:25,25240.05,0.13081,0.12554603570556694,0.12305,0.12343,0.12401,0.12723,0.13101,0.13657,0.14324,0.15053,0.15886,0.16678,0.17518,0.18403,0.2314,0.22078288491988354,0.21001,0.19899,0.18896014477445564,0.17866,0.16859,0.15934,0.15022,0.14242384559835564,0.13466201171287986,0.12828,0.12165,0.11719
22-01-2026 12:30,25251.1,0.13184,0.12588,0.12274,0.12196,0.12266,0.12521020308033973,0.12930173340418694,0.13464580010312965,0.14101,0.14825,0.1565,0.16431,0.17291034706512537,0.18126,0.23153,0.22096,0.20977,0.19965,0.1893658036764005,0.1792,0.16916440527495125,0.1598242355462587,0.15072,0.14231,0.1349,0.12783,0.12144,0.11632503136614089
22-01-2026 12:35,25259.05,0.11375,0.11285,0.11296,0.11425,0.11663,0.12023,0.12509,0.1311,0.13856,0.1464176088395718,0.15486,0.16339956838990793,0.17196,0.1812,0.23342124004823317,0.22293,0.21239,0.2021,0.19122,0.18161,0.17167254064274395,0.16285,0.15423,0.14655,0.14013,0.13408,0.12891,0.12525
22-01-2026 12:40,25236.55,0.12143,0.11888,0.11785,0.11858,0.12061,0.12433,0.1288,0.1348,0.14199,0.14964,0.15739565984372036,0.16577,0.17465,0.18377,0.23071,0.21957,0.20866,0.19816461314192568,0.18749,0.17785,0.16802,0.15876,0.15014,0.14232,0.1357,0.12925,0.12412,0.11937
22-01-2026 12:45,25253.05,0.1151976666726271,0.1137,0.11324,0.11404,0.11663,0.12043677951912564,0.12541603621385666,0.13136,0.1383453878871617,0.14597101782620125,0.1542873693050868,0.1630293709094755,0.17196608799112162,0.18119,0.23296,0.22186,0.21098,0.1998,0.18881,0.17943,0.16946,0.16021,0.15147,0.1434630475805679,0.1361,0.12986128774124356,0.12471,0.12011
22-01-2026 12:50,25254.0,0.10616,0.10634,0.10745,0.11055,0.11341,0.11806,0.12397,0.13098451382535675,0.13861,0.14621,0.15496980714316425,0.1637463588999312,0.17242,0.18251,0.23222,0.22122,0.21044,0.19967,0.18905422567012478,0.17902024477479822,0.16946,0.16058,0.15221,0.14482,0.13801,0.13224301220765836,0.1278,0.12496
22-01-2026 12:55,25215.15,0.11693,0.11559,0.11562,0.11762,0.12057,0.12475,0.13009,0.13645,0.14476,0.1523226782839222,0.16112,0.16993,0.17888455090183825,0.18816,0.22672,0.21609,0.20483,0.1943,0.1832,0.17413,0.16457890766212144,0.15541,0.14757,0.14025,0.13412,0.12866,0.12398,0.11992153070732531
22-01-2026 13:00,25215.7,0.12028,0.11817,0.11746,0.11863,0.12125,0.1251657795025785,0.13016,0.13671,0.14473,0.15251,0.16138,0.17026,0.17891,0.18906,0.2264,0.2154,0.20430318348625898,0.19346,0.1825,0.17286,0.1631303431538691,0.15348,0.14544,0.1378,0.13144,0.12547945876974403,0.1203,0.11621
22-01-2026 13:05,25210.35,0.11631,0.11517414655583554,0.11514312033383207,0.11698,0.12032,0.1246780856708067,0.13022,0.13689,0.14524,0.15312,0.16221,0.17072,0.1797,0.19028,0.22676504925794674,0.21559,0.20467,0.19358275990245466,0.18263,0.17306,0.1632805007503381,0.15394,0.1462,0.13844,0.13297,0.12712,0.12286348411790556,0.11964
22-01-2026 13:10,25206.6,0.11138,0.11167770438714016,0.11223,0.1147024793971275,0.11804,0.12279,0.12887,0.13615,0.14439100463403098,0.15277,0.16252,0.17164,0.18067,0.18991424036440624,0.22767,0.21638,0.20602,0.19486,0.18414684388265848,0.17393,0.16423,0.15523,0.14719,0.13983,0.13354,0.12783,0.12334,0.12059
22-01-2026 13:15,25186.75,0.1270435636957694,0.12416,0.12157,0.12197,0.12334891606699726,0.12712,0.13228,0.13881,0.14705,0.15477,0.16365,0.17236,0.18179,0.19077,0.22374,0.21337,0.20264,0.19149,0.18106726051315578,0.17076,0.16041,0.15123,0.14272853109718184,0.13474915002608645,0.12696,0.1203,0.11439,0.10863
22-01-2026 13:20,25195.0,0.11946059119390139,0.11774,0.117,0.11795029816219546,0.12077,0.12443,0.13025,0.13702,0.14521,0.15353727114606175,0.16253,0.17128,0.18032,0.19023,0.22537,0.21462358121241915,0.20384,0.19303,0.18168,0.17161,0.16195,0.1531,0.14463,0.13730428056887278,0.13042,0.12400812398847728,0.11923,0.11484
22-01-2026 13:25,25194.95,0.11545,0.11404,0.11425,0.11633,0.11942,0.12361,0.13005290043658677,0.13692,0.14568,0.15431854328126632,0.16349,0.17264821537207792,0.18163,0.19123,0.22589,0.21543,0.20496,0.19431,0.18359,0.17389,0.16421,0.15583,0.14765,0.14,0.13434,0.12824177052015276,0.12492,0.12115889563976386
22-01-2026 13:30,25171.75,0.1432,0.13615,0.1311,0.12962,0.13031,0.13214,0.13628190381713892,0.14217746223748257,0.14993,0.15715,0.16596,0.17461,0.184,0.19342,0.2221048151711959,0.21074,0.19981698160331227,0.1889839461138097,0.17787,0.16798,0.15783,0.14782,0.13902352648519226,0.12957,0.1217,0.11384,0.10646,0.101042403898477
22-01-2026 13:35,25225.85,0.10471,0.10688249985534963,0.10754,0.1109503900094839,0.11402,0.11976532402754128,0.12522,0.13245,0.14114789776889503,0.14965330977361413,0.15859,0.1672,0.17676689908750548,0.18541,0.2262227131908865,0.2158213379511708,0.20571,0.19599,0.18523,0.17619,0.16631332138620708,0.15805,0.149936648642043,0.14254006892212906,0.137,0.13167,0.12773,0.12513
22-01-2026 13:40,25195.9,0.12374,0.12068050850245055,0.11881692220921992,0.11976,0.12202672115195909,0.12616,0.13153,0.1382,0.14599401504996956,0.15395,0.16323,0.171581033041522,0.18046,0.1899,0.22344,0.21331,0.20239391990676645,0.19152,0.18116533219157438,0.17100705016479198,0.16098847711969366,0.15191,0.14299,0.13503,0.12823,0.12168057350261054,0.11572,0.111244910593881
22-01-2026 13:45,25188.3,0.1289013150924287,0.12541,0.12318,0.12313,0.12513,0.12814,0.13352381401510227,0.13966,0.14793,0.15542413574855063,0.16408,0.172364292850542,0.18112,0.19097,0.22203,0.21151,0.19995,0.18986,0.17852,0.16927,0.15900282107298908,0.14961,0.14032,0.13213,0.12488,0.11745,0.11126,0.10524
22-01-2026 13:50,25206.65,0.12973102564746342,0.12637,0.12402,0.12326,0.12433,0.12728,0.13213,0.13825,0.14571,0.15345,0.1624,0.1705878974032824,0.17913,0.18909,0.22524626942023027,0.21404,0.20291,0.19184,0.18065,0.17112,0.16077,0.1507,0.14105,0.13153,0.12403,0.11657,0.10964,0.10354
22-01-2026 13:55,25236.1,0.11656,0.11359,0.11293764265043035,0.11391560114269562,0.11625,0.12045,0.12573,0.1328233362252728,0.14055121179575183,0.14887,0.15822,0.16671,0.17661126016904757,0.18618,0.22795,0.21717,0.20582,0.19499,0.18373,0.17406,0.16392,0.15359813923137686,0.14435933498152373,0.13574,0.12821740601551385,0.12181,0.11645,0.11189
22-01-2026 14:00,25232.35,0.11278,0.11063327389532525,0.11044,0.11173336713653886,0.11445116394188033,0.11889,0.12442,0.13177,0.14082,0.14875,0.15824,0.16729,0.1762,0.18514531601412276,0.22836581622488866,0.216158421593587,0.20418,0.19241,0.18109,0.17073812834787863,0.16079,0.15092,0.1423,0.13419,0.12787,0.12171,0.11673614725925864,0.11263
22-01-2026 14:05,25228.35,0.10812180517101133,0.10708,0.10712,0.10975,0.11323,0.11804,0.12407,0.13184,0.1409,0.14891,0.15828150456941845,0.16756,0.17742012665795392,0.18734,0.22526947545411408,0.21401,0.2027366254460254,0.19156,0.1806815669601253,0.1704590600713702,0.16046,0.15106,0.14225,0.13464,0.12825,0.12236,0.1183,0.1145
22-01-2026 14:10,25212.7,0.10325,0.10382,0.10594,0.10885,0.11289,0.11798,0.12494,0.13326116595689091,0.14238,0.15053,0.16028,0.16979,0.17899,0.18902,0.22308,0.2124735557460362,0.20205,0.19124,0.1810677885049377,0.17176,0.16192,0.15288,0.14506,0.13776,0.13253,0.12725,0.12369,0.12072246566285524
22-01-2026 14:15,25178.75,0.12182,0.1185,0.11731,0.11826,0.12078,0.12452,0.13073,0.13801,0.14683,0.15506,0.16487,0.17383,0.18321,0.19239735420563714,0.22142930433391997,0.20979,0.19827,0.1869,0.17605,0.16626,0.15609,0.14672,0.13804340853316613,0.12978,0.12368,0.11768,0.11305976473726204,0.10892995707021035
22-01-2026 14:20,25194.65,0.11846,0.11485,0.11419812775875382,0.11535,0.11816,0.12339637945735459,0.12973315954156167,0.1371509657051688,0.14569,0.15396952004829542,0.16288632942042222,0.17242,0.18114,0.19248,0.21753214039160293,0.20707280623084115,0.19654406925699208,0.18601882909421652,0.17536,0.16566,0.1552798629519357,0.14546,0.13666,0.12849,0.12242,0.11597537814497937,0.11085,0.10634
22-01-2026 14:25,25206.4,0.13345,0.12568,0.1217,0.11997,0.12155,0.12397,0.12961,0.13628,0.14473,0.15238,0.16165,0.17013,0.17877,0.1876612412550237,0.22143,0.21092,0.19894,0.18769,0.1761009038781477,0.164818784416649,0.15369,0.14311,0.1339666817553622,0.125057259172824,0.11657,0.10903,0.10235,0.09526
22-01-2026 14:30,25236.6,0.14193,0.13211,0.12578,0.1224,0.12165853281480918,0.12348337778301324,0.12701,0.13316787176877629,0.14065,0.1477,0.15648,0.16456,0.1726,0.18102333324414183,0.22559188818089634,0.21403,0.20264,0.19115,0.1791,0.1683533200693058,0.15779,0.14667,0.1368,0.12692,0.11873,0.11061,0.1026,0.09509
22-01-2026 14:35,25267.55,0.13245,0.12446,0.11907,0.116484114164144,0.11656,0.11849,0.12255,0.12866,0.13621,0.14339,0.15211,0.15998,0.16808,0.17725,0.22783,0.21768,0.20577913417910654,0.19426,0.18242,0.17251,0.16169,0.15087,0.14137,0.13163,0.12335738761071748,0.11555,0.10842,0.10158
22-01-2026 14:40,25289.0,0.11998804232355131,0.11554,0.11173171669792706,0.11038,0.11062,0.11348,0.11844,0.12494,0.13286,0.14032954182611554,0.14849,0.1556,0.16394,0.17147396931326098,0.2306837028745014,0.21954,0.20935,0.19642,0.18545,0.17533,0.1644,0.15399,0.14452,0.13534,0.12744,0.12046,0.11392,0.10707
22-01-2026 14:45,25289.65,0.1265,0.11898,0.11442,0.11143,0.11179,0.11412,0.11793,0.12328,0.1315,0.13834232987194758,0.14695,0.15481,0.16299,0.17293,0.22661,0.2165,0.20505246504500213,0.19358,0.18106,0.17133,0.15961,0.14912,0.13972,0.13057,0.12292,0.11586,0.10908,0.10263
22-01-2026 14:50,25294.65,0.11257,0.10885,0.10644064251113607,0.10548685069206713,0.10646458924271765,0.10929,0.11406,0.12007,0.12843,0.13603,0.14455243788401564,0.15341,0.16192,0.17181,0.22732,0.21666,0.20698,0.19387,0.1822,0.17141,0.16049234913558455,0.1502685465531832,0.14075,0.13205,0.12467,0.11794,0.11225,0.1065
22-01-2026 14:55,25290.85,0.12505,0.1183,0.11366,0.11078,0.11049,0.11193,0.11479,0.12027,0.12826,0.13555475744858797,0.144,0.15238,0.16102,0.169769531250162,0.22431,0.21334,0.20302,0.19065,0.17886,0.16817725042583764,0.15749,0.1469,0.13782,0.12883,0.12193,0.1152,0.10890621037764701,0.10323
22-01-2026 15:00,25269.5,0.11006,0.10676,0.10425,0.10401,0.10568783065159108,0.10865,0.11289,0.11928,0.12814,0.13594,0.14531,0.15404,0.1630244604907291,0.17172,0.22366,0.21357,0.20234,0.18974,0.1781,0.16734191931455752,0.15686,0.14672,0.13788569838515147,0.12967,0.12325,0.11667431517640031,0.11208,0.10714
22-01-2026 15:05,25256.3,0.13972,0.12855293203794188,0.12153808660978344,0.11811,0.11560099410188918,0.11644,0.11855,0.12337,0.13109,0.13759,0.14609,0.1536,0.16076,0.17157,0.22269,0.21193,0.20212,0.18893,0.17636,0.16553,0.15355,0.14238,0.13331,0.12411,0.11681,0.1094,0.10242,0.09535
22-01-2026 15:10,25297.3,0.12411,0.11729,0.11174,0.10823,0.10749940694949242,0.10824,0.11119,0.11643,0.12445,0.13122619482044134,0.13938,0.14775,0.15498,0.16581,0.22689504237935287,0.21557,0.203845577469444,0.19217,0.18070634478480008,0.1699,0.15856,0.14748,0.13834,0.12938,0.12225,0.11514,0.10924,0.10427249475186678
22-01-2026 15:15,25297.45,0.13466,0.12452,0.1164182195111194,0.11152,0.10988,0.10975,0.11293329587634271,0.11750958253170243,0.12425,0.13058,0.13871446655150427,0.14721678867571267,0.15617,0.16649,0.22486640795467389,0.21324,0.20198,0.18929,0.17801901183694005,0.16658,0.1554,0.14371,0.13431233304517276,0.12415,0.11671,0.10891,0.10236,0.09474
22-01-2026 15:20,25308.25,0.137644341687154,0.12651,0.11843,0.11297,0.11042,0.10944,0.11139,0.11523,0.12287,0.12878,0.13797,0.1464,0.15628349305146794,0.16518,0.22618,0.21531,0.20509,0.19178,0.17973,0.16889,0.1573,0.14589,0.13596,0.12591,0.1175549887368936,0.10996,0.10303,0.09568
22-01-2026 15:25,25314.1,0.13073165181983393,0.11867641132674428,0.11396,0.10975,0.10781718545589135,0.10811,0.1098,0.11475319000527495,0.12094028892167272,0.12859,0.13684,0.14746,0.15832907471080987,0.16634,0.22573845327942443,0.21422,0.20312,0.19107,0.17871,0.16754429707147425,0.15573,0.14379,0.13299,0.12435404828305834,0.11524,0.10856,0.10267,0.09797248663660693
23-01-2026 09:15,25292.15,0.11931,0.11649,0.11509,0.11199825648245988,0.11418,0.11547,0.11955,0.12571,0.1332516174865682,0.14181496942763902,0.15243605516371772,0.16273736314333123,0.17459,0.18511136033883754,0.24477,0.23396,0.22297,0.21000310901030353,0.1974323656561249,0.18484605436253518,0.17365,0.16193,0.15213,0.14322,0.13578,0.13011,0.12536,0.12142
23-01-2026 09:20,25265.75,0.15631,0.14353,0.13315,0.12569564957168805,0.1228,0.12116,0.12231,0.12772,0.13584,0.14465,0.15411611072587925,0.16482,0.17470475840605834,0.18469,0.24396,0.23302807988914326,0.22085,0.2079,0.19492,0.18248,0.17000187044419354,0.15744,0.14538,0.13438,0.12516,0.11665,0.10902,0.10073
23-01-2026 09:25,25330.85,0.12813,0.12132,0.11486,0.11163,0.10964,0.10946,0.11183,0.11716,0.12565,0.1346299880497962,0.1447515914062571,0.15603,0.16670856398118483,0.17721,0.2533368741689794,0.24198,0.23026,0.21748,0.2051,0.19247,0.1795,0.16666,0.15364,0.1427,0.13305,0.12516,0.11848,0.11336944350424039
23-01-2026 09:30,25330.3,0.10755942923448618,0.10461,0.10332,0.10229,0.10288,0.10443,0.10828,0.11533,0.12474,0.1352,0.14612,0.15687575003126136,0.16717,0.17867,0.25374,0.241820155874138,0.2297085941131266,0.21749,0.2051,0.19356,0.1807531239983844,0.16883172871467667,0.1576712049808786,0.147503554748588,0.13837,0.13156,0.12593,0.12058
23-01-2026 09:35,25299.45,0.12453,0.11639,0.11166,0.10768197065563147,0.10737,0.10758,0.11121,0.11806,0.12835,0.1381556193687429,0.14951,0.16119,0.17159,0.18236,0.25024,0.23883085649474722,0.22677570040530362,0.21401,0.20141,0.18963,0.17651776435698752,0.16441,0.15234,0.14161,0.13315,0.12488,0.1189,0.11226
23-01-2026 09:40,25299.95,0.11211,0.10773,0.10514100426622663,0.10349569842452451,0.10436,0.1056,0.10957,0.11735,0.12747303500217289,0.13748,0.14949,0.16018,0.171,0.1817,0.25295,0.24189,0.22915,0.21597,0.20356,0.19183,0.17915,0.16708,0.15541,0.14557,0.13685,0.12948,0.12378,0.11808
23-01-2026 09:45,25269.0,0.13505,0.12568,0.11863,0.11398,0.11201,0.11176,0.11522,0.12257,0.13271,0.14258267312448608,0.15413,0.16573,0.1757151546347035,0.18534,0.24748,0.2358397995602411,0.22327,0.21054640009852502,0.19701,0.18483278342603163,0.17224,0.15981,0.14748,0.13673,0.12777067648685378,0.11935620088872805,0.11206,0.10445
23-01-2026 09:50,25300.7,0.10625238955493199,0.10369848065066677,0.10102,0.09972,0.10033,0.10372510017014006,0.10899438518647028,0.11544,0.12655,0.13711,0.14907,0.16072,0.16983,0.18175,0.25005,0.2385381072992959,0.22641,0.21445,0.2017961505681549,0.19005,0.1770582674270753,0.16533,0.15422,0.14411237378742828,0.13561,0.12812,0.12267,0.11716
23-01-2026 09:55,25284.3,0.11957918458709492,0.11467,0.10997,0.10683,0.10583,0.10762152575024884,0.11068,0.11894,0.1295,0.14041,0.15111,0.16240224312696644,0.17282,0.18339,0.24879715662103397,0.23659,0.22362,0.21121,0.1983756951868436,0.18583,0.17265,0.16037,0.14893,0.13825,0.12964821282019678,0.12193,0.11498142195840425,0.10906
23-01-2026 10:00,25294.9,0.11551,0.10871,0.10436,0.10219,0.10211,0.10379,0.10796,0.11658909098779457,0.12601057351230324,0.13664106608562043,0.14825,0.159416121596633,0.17017,0.18201,0.24879,0.23819,0.22575,0.21331,0.19948,0.18824,0.17501,0.16269,0.15122,0.14135211288405392,0.13134,0.12581,0.11644,0.11059
23-01-2026 10:05,25293.15,0.10517,0.10167,0.09968,0.0982,0.09925,0.10135,0.10671,0.11611,0.12728,0.13881,0.1500332793333334,0.16201,0.17172,0.18302,0.24959698478416015,0.23745,0.22507,0.21224077591077867,0.19887,0.18769,0.17481,0.16247,0.1510229761913424,0.14012,0.13151866549268237,0.12392,0.11809,0.11261
23-01-2026 10:10,25285.05,0.11052,0.10483778395713443,0.1024,0.10061,0.10086,0.10313,0.10837,0.11749,0.12893,0.13934,0.1512,0.16325,0.17293,0.18352,0.24864612806102787,0.2364,0.22378253304531626,0.2111,0.19732,0.18653,0.17298802939745528,0.16068,0.14939417631528915,0.13838,0.1298994069871764,0.12203,0.11586,0.10975
23-01-2026 10:15,25283.3,0.09813,0.0969,0.09643,0.09644,0.09796,0.10290033071117333,0.10741,0.11843522271739167,0.12893293242276951,0.1408,0.15197,0.16357,0.17459789207400941,0.18454,0.24748,0.23625,0.22383,0.2114,0.19799,0.18669,0.17432,0.16229,0.15133,0.1416142016857981,0.13319,0.12637,0.12096,0.1163
23-01-2026 10:20,25261.25,0.11266,0.10693,0.10368,0.10196,0.10212,0.1068263160492442,0.11282599850837004,0.11993,0.13215,0.14302743782322935,0.15483,0.16683,0.17642,0.18677188548016244,0.24452,0.23264,0.21969,0.20778,0.19476,0.18301,0.16998,0.15745,0.14593,0.13537,0.12714,0.11906,0.11292,0.10675
23-01-2026 10:25,25266.4,0.12923,0.12084,0.1125010226258668,0.10906,0.1068,0.10733,0.11143,0.12046,0.13070210818995814,0.14234,0.15368,0.1651,0.17515,0.18488,0.24678721755774224,0.23405,0.21999,0.20768,0.19478,0.1828,0.16928587627004557,0.15649,0.1444780050214051,0.13273,0.12314,0.1146,0.10689,0.10234798336642975
23-01-2026 10:30,25303.15,0.11532,0.10978,0.10509,0.10165,0.10087,0.10216,0.10624,0.11495,0.12659,0.13721,0.14878,0.15988,0.16944,0.17992,0.24986,0.23875,0.22534,0.21326087011444975,0.20076,0.1885,0.17469080719180236,0.16166,0.14965440761828347,0.13819,0.12852,0.12019,0.11289,0.10735422267086876
23-01-2026 10:35,25313.0,0.10599,0.10186,0.09907,0.09747,0.0975832258633665,0.0994,0.10381,0.11312,0.12386,0.13501,0.14694,0.15955,0.16936,0.18005,0.252,0.24023,0.22796704379402744,0.21537727785171645,0.20271207018712173,0.1897,0.17706,0.1639695399997022,0.15175,0.14111,0.13216,0.12330739764658531,0.11661,0.11076924774385008
23-01-2026 10:40,25297.7,0.11135,0.10472802030934594,0.10164,0.09885,0.09857,0.10014,0.10722048142446013,0.11392,0.12568,0.1366,0.14834,0.16081,0.17098,0.18154,0.24998,0.23817,0.22581002978274392,0.21299,0.20011,0.18782,0.17474,0.16203,0.1504488033856338,0.13919,0.1297916505412269,0.12116,0.11415,0.10767
23-01-2026 10:45,25297.35,0.09821,0.0961,0.09449,0.09374,0.09458,0.09708,0.10329,0.11387320477529692,0.12481,0.13631,0.14821149704951428,0.15986,0.16983,0.1801098006163025,0.25003,0.23822,0.22587,0.2134217285749544,0.20057,0.18858,0.17634,0.16313,0.15174,0.14097,0.13188,0.12401,0.11728,0.11211412788586747
23-01-2026 10:50,25284.35,0.10889,0.10308,0.09880629149049128,0.09792,0.09777,0.10129208808807844,0.10539,0.11485,0.12655,0.13792,0.14975734950547914,0.16132679238341227,0.1719284994489344,0.1813,0.24965,0.23742630834181136,0.22462,0.21215,0.19953,0.18702,0.17404,0.16081,0.14871,0.13728,0.12794,0.11977,0.11228,0.10575
23-01-2026 10:55,25278.2,0.11094,0.105,0.10087,0.09864,0.09843,0.10062,0.1063,0.11618,0.12824,0.1389,0.1505600729888142,0.16219,0.172,0.18298,0.24885835057948894,0.23687,0.22382,0.21133,0.19828,0.18614,0.17283,0.15906,0.14740070975548492,0.1357,0.12612,0.1174062675072017,0.1103,0.10344
23-01-2026 11:00,25279.7,0.09949,0.09668,0.09416030947083559,0.09447,0.09556,0.09858,0.10748029743962259,0.11571,0.12772,0.1391375368288264,0.15124,0.16314,0.1738,0.1836,0.24788,0.23718,0.2236,0.21164,0.19899,0.18645,0.17314,0.15991,0.14826,0.13761,0.12834,0.12056,0.11372,0.1082829475524863
23-01-2026 11:05,25270.35,0.11142,0.10533,0.10125,0.09914,0.0998579552378154,0.10319730008575927,0.10775,0.11755,0.12923,0.14062,0.15250025466323222,0.16401,0.17519,0.18578093614819927,0.24668,0.23478,0.22181,0.2094,0.19662791341689367,0.184,0.17078,0.15764,0.14516,0.13386,0.12443,0.1159,0.10893,0.10227
23-01-2026 11:10,25281.6,0.10635,0.10086533249684478,0.09802,0.09604,0.09709,0.09969,0.10605,0.11605,0.12821,0.13898,0.15062,0.16270361729744762,0.17368,0.1835,0.24835,0.23587,0.2233994115784109,0.2106517400720033,0.19733,0.18506,0.17165,0.1587,0.1462,0.13463,0.12497,0.11648,0.10931,0.10249
23-01-2026 11:15,25277.8,0.09535,0.09137602528673927,0.08948379953075333,0.09017992164192287,0.0938,0.0987835629594614,0.10508,0.1156,0.12818,0.1392,0.15124,0.16299323133697757,0.17365,0.18335,0.24587,0.23482,0.22086,0.20872,0.1962899920068118,0.18418,0.17177,0.15952,0.14744,0.13673,0.12725366865107324,0.11910251725068155,0.11301,0.10725
23-01-2026 11:20,25261.05,0.11031,0.10344,0.09958,0.09768,0.09885,0.10159,0.10799,0.11835,0.12926277156941868,0.14178,0.15327,0.16497904566130253,0.17543,0.18648,0.24568,0.23374,0.2202,0.20763561739738687,0.19441,0.18205,0.16885051286685923,0.15658,0.14398,0.13288,0.12298973537409143,0.11444,0.10707,0.10184119211970072
23-01-2026 11:25,25270.95,0.10492099392768447,0.10164,0.09754,0.09611,0.09717,0.10005,0.10829701483699365,0.11709,0.12867,0.14035,0.15238,0.16421,0.17510667140502814,0.18445,0.24540375319393493,0.23343980648412457,0.22117,0.20887,0.19554,0.1829,0.17018,0.15771,0.14458,0.13327,0.12294,0.11396400328361224,0.10649,0.09934
23-01-2026 11:30,25274.7,0.09177,0.08955,0.08944,0.08990602607168986,0.0926,0.09732,0.10643828765750189,0.11568,0.12739378277509425,0.13943,0.15142236554275332,0.16318,0.1746168840575802,0.18476,0.24712,0.23528,0.2218,0.20902,0.19618,0.18467,0.17181,0.15975,0.14731,0.13707652535492515,0.1278,0.11927180759796689,0.11252925701779816,0.10746
23-01-2026 11:35,25252.0,0.0935,0.09162,0.09042132395874374,0.09228,0.09519,0.10037,0.10855,0.11968,0.131301283364404,0.14375,0.15529,0.16707,0.17758,0.18871,0.24268,0.23094,0.21751,0.20479,0.19155,0.18014,0.16828,0.15635,0.14542,0.13578,0.12799,0.12054652385309325,0.11509,0.11053
23-01-2026 11:40,25221.8,0.10092,0.09778,0.09666,0.09701201205392027,0.10061,0.10582,0.11556,0.12721,0.13961,0.15203,0.16314,0.174296605503387,0.18383,0.19383086215247797,0.23925,0.22715909995365094,0.21433,0.20188,0.18882,0.17610546049273257,0.16385,0.15167,0.14043,0.13085,0.12271,0.11552085790131641,0.10956,0.10438
23-01-2026 11:45,25210.75,0.09618,0.09589882689353235,0.09747,0.09935,0.10373,0.10955,0.11906,0.13073,0.1424,0.15357615250295487,0.16531,0.17591,0.18694528545115913,0.19675,0.23574,0.22526,0.21174,0.1984,0.18638,0.17499,0.16393,0.15306,0.14354,0.13564,0.12815,0.12247,0.11882,0.11379
23-01-2026 11:50,25193.45,0.11117,0.1073,0.10418210155793606,0.1048496896554344,0.1085,0.11444863605731037,0.12208,0.13307,0.14486,0.1561,0.16703,0.17741,0.18736,0.19852,0.23272,0.22105,0.20822,0.19516175201971694,0.18169,0.16945,0.15821,0.14679678543065106,0.13596,0.12681,0.11883,0.11236,0.10684,0.10173
23-01-2026 11:55,25208.4,0.10773,0.10369,0.1022,0.10292,0.10575,0.11240884288510028,0.11979,0.1304,0.14257,0.15349,0.1649631187628519,0.17532,0.18533,0.19541041076100243,0.23561,0.22389,0.21046,0.19772,0.18489,0.17183,0.16035,0.14834,0.13744,0.12787,0.11963262987583541,0.11298,0.10728,0.10247707047661617
23-01-2026 12:00,25209.75,0.10776695207389064,0.10481,0.10303,0.10346,0.10637,0.11101,0.12055802172987437,0.13062538772642351,0.14275,0.15335,0.16428,0.1752,0.18646483345968287,0.19714,0.23589,0.22355,0.21098349844774333,0.198,0.18517,0.17207831581925662,0.15967,0.1473,0.13627,0.1266,0.11838945597641494,0.11104,0.10492,0.09911
23-01-2026 12:05,25207.8,0.09717,0.09574166909645093,0.0961653728134221,0.09955,0.10375,0.10947,0.11933,0.13061,0.14312,0.1545,0.16511,0.17556,0.18749215397652014,0.1982,0.23501,0.22209,0.20998,0.19729,0.18451,0.17225,0.1607,0.14862,0.13899963929362313,0.12999,0.12296,0.11696,0.11247,0.10886
23-01-2026 12:10,25190.3,0.10602,0.10311,0.10236,0.10405,0.10765,0.11472162113454112,0.12261,0.13353,0.14595,0.15725,0.16843662334523626,0.17872,0.18877,0.19865686384454648,0.23266,0.22021111630588205,0.2075551453362994,0.1943,0.18239,0.16962,0.15765,0.14576,0.13523,0.12612,0.11846,0.11226,0.10627330353936673,0.1021
23-01-2026 12:15,25193.1,0.12044,0.11324,0.1091,0.10737539182164979,0.11003,0.1141,0.12241,0.13313,0.14523,0.15570529750774836,0.16696,0.1780835338837062,0.18781,0.199,0.23385,0.22083,0.20803,0.19529,0.18201,0.16936,0.15689,0.14393,0.13247,0.12203,0.11306,0.10491,0.09748,0.09034
23-01-2026 12:20,25216.55,0.10382878875907152,0.10126191891378086,0.09993712102688414,0.09993,0.10351,0.10881,0.11843556001971119,0.12907,0.14159,0.15251331444841285,0.16402,0.17452,0.18521,0.19582,0.23652,0.22488,0.2115,0.19831,0.18558127227482954,0.17343,0.16068,0.14839,0.13724,0.12774,0.11932,0.11244,0.10652,0.10192
23-01-2026 12:25,25202.7,0.10902,0.10505,0.10247938797288929,0.10354,0.1062541923301776,0.11111,0.1202,0.13111,0.14351,0.15435,0.1652,0.1766,0.18771016720586875,0.19783,0.23468,0.22237,0.20902,0.19636,0.1836,0.1706698930182675,0.15822,0.14615766429997093,0.13487966637155394,0.12424,0.11559,0.10790200472715063,0.10184,0.09596
23-01-2026 12:30,25205.2,0.10924,0.10449,0.10241,0.10351,0.1062,0.11118,0.12027,0.13092901234450743,0.14318,0.15377909422354377,0.1653625294113725,0.17632,0.18762,0.19829,0.23424230362984255,0.22218,0.20888,0.19648667036533227,0.18378133011402764,0.17105,0.15802,0.14542977528027953,0.13319,0.12291,0.11407,0.10656,0.09979,0.09415
23-01-2026 12:35,25205.5,0.11402,0.10708543554146138,0.10454,0.10462,0.10685,0.1115,0.12027,0.13105,0.14285,0.15351443836478418,0.16493,0.17635,0.18638,0.19688,0.23527,0.22295,0.20959,0.19675149196970945,0.18372,0.17078,0.1574596161141752,0.14482,0.13307,0.12233,0.11291,0.10468,0.09735,0.09135526758719355
23-01-2026 12:40,25211.7,0.11514,0.10772930233039721,0.10518,0.10499,0.10666,0.11088,0.11947,0.12981,0.14194,0.15277,0.16456,0.17497,0.18622,0.19683,0.23403,0.22129,0.20819,0.19528,0.18287,0.17019,0.15677,0.14425963922663965,0.1321996987295459,0.12064,0.11144,0.10300592483344279,0.09605,0.08937
23-01-2026 12:45,25238.75,0.09531,0.09296,0.09274,0.09478,0.09861,0.10362,0.11331,0.12412516239619725,0.13567,0.14706,0.15868,0.17112,0.18118,0.19242,0.23514350519944088,0.2233900517359537,0.2115,0.19929,0.18696,0.1748,0.16178,0.14858,0.1378071082523116,0.12777,0.11935,0.1118,0.10566,0.10053
23-01-2026 12:50,25208.05,0.11818,0.10912165465268292,0.10589,0.10503,0.10689834802088231,0.11180840828309427,0.11886,0.12907,0.1394826505412821,0.15177,0.16278,0.17508,0.18618065725044775,0.19678,0.23372018609319906,0.22163,0.20784,0.19651,0.18341,0.17058,0.15683933766365252,0.14308,0.13085,0.11971,0.11049714504414426,0.10129,0.0937,0.0855
23-01-2026 12:55,25226.8,0.09191,0.09074,0.09157723617933426,0.09436,0.09921606847379508,0.10493,0.11597471088000169,0.12694,0.13837,0.15025,0.16205,0.17356,0.18485880652616696,0.19498,0.23641,0.22369,0.21182,0.20039,0.1866290144567454,0.17433,0.16074,0.14707,0.13576,0.12571,0.11721,0.10981,0.10391,0.09895
23-01-2026 13:00,25191.8,0.10732,0.10216,0.10054,0.10197,0.10559,0.1127786357354339,0.12128,0.13301,0.14357248333891057,0.15608,0.16683,0.17872,0.18873,0.19995,0.23239,0.22018,0.20746,0.19582,0.18204,0.16979,0.15628,0.14286,0.13142,0.1209,0.11199,0.1034622437592024,0.09654,0.08989
23-01-2026 13:05,25191.25,0.10340220508991763,0.10077,0.09948,0.10124,0.10514,0.11102,0.12143,0.13223697889141162,0.14478,0.15664,0.16748,0.17944,0.19018,0.20155,0.23147649313572516,0.21953,0.20747,0.19582,0.18203,0.17015,0.15659,0.14283,0.13138,0.12085,0.1118,0.10375,0.0965,0.09041
23-01-2026 13:10,25194.95,0.10157,0.09802,0.09731,0.09991,0.10395,0.1104,0.12100319494816737,0.13232,0.14345823369450833,0.15573,0.167,0.17842,0.18909,0.20112,0.23302,0.2218373556581044,0.2096992476796272,0.19673537559947177,0.18311,0.16964,0.15624,0.14236,0.13117,0.12066207328934998,0.11148,0.1041,0.09747,0.09299520545595606
23-01-2026 13:15,25171.1,0.09416,0.09409381331436178,0.0962,0.101,0.10761304914919251,0.11552,0.12639,0.13715906107117748,0.1489508650523306,0.1611,0.17255,0.18417,0.19448,0.20596,0.22808160065442745,0.21619,0.20472,0.19249,0.17956086328655457,0.16678,0.15381,0.14203,0.13153,0.12279,0.1152,0.10933,0.10496,0.10098
23-01-2026 13:20,25141.7,0.09918,0.10042,0.10271,0.10734,0.11295,0.12216064843590586,0.13196,0.14377,0.1549,0.16568,0.17739597576482774,0.18856,0.19941,0.20967093703283982,0.22429,0.21339,0.2011,0.18918,0.17603,0.16335,0.15068,0.1396,0.12972,0.12171695180531952,0.1147147262460153,0.10861,0.10422,0.09779
23-01-2026 13:25,25138.55,0.09959,0.09975,0.10241826692451482,0.10753,0.1139,0.12191,0.13279,0.14464,0.15683,0.16747,0.179,0.19071,0.20056,0.21212,0.22394,0.21174,0.20072,0.18757401630242868,0.17434,0.1622,0.14993,0.1387878920609071,0.12773,0.11936,0.11245,0.10677,0.10208573362764357,0.09899
23-01-2026 13:30,25095.3,0.10352,0.10563,0.10912743893299155,0.11503,0.12248,0.13186097703184377,0.1424,0.15439,0.16515318884143554,0.1774,0.18879,0.20028,0.21161,0.2223,0.22468,0.21272,0.20148,0.18886,0.17617,0.16462,0.15373,0.1436,0.13495,0.12751172322414991,0.12179559806790602,0.11829,0.1149533391044074,0.11441
23-01-2026 13:35,25072.05,0.10627,0.10742,0.11133,0.11663,0.12419044529169361,0.13282,0.14377,0.15568,0.16665832595353144,0.17828,0.19004621012616235,0.20123,0.21156,0.22193069255316855,0.22141,0.20906328576976105,0.19618,0.1839451021166975,0.1715,0.15941,0.14792,0.13777,0.12862,0.12121,0.11527,0.11050500456056295,0.10719,0.10371
23-01-2026 13:40,25076.35,0.1005,0.10382,0.10953,0.11588,0.12411,0.13430624863578194,0.14491427880824026,0.15623,0.16833,0.17852,0.19002,0.20117145707475845,0.21165,0.2226,0.2251,0.21314771672366503,0.20101,0.18915,0.17594,0.16462,0.15405,0.14446,0.13586601047787034,0.12982,0.12428,0.1205882987908359,0.11991,0.1204
23-01-2026 13:45,25053.0,0.11187,0.11268938184622647,0.11669,0.12201,0.12927,0.13836,0.14889,0.16014,0.17213,0.18292234711037517,0.1941,0.20561332498218335,0.21633,0.22737,0.21884,0.2068493485159843,0.19441781490672663,0.18173,0.16826,0.15582,0.14497,0.1354573077120024,0.12595107204932637,0.11786,0.11116,0.10602,0.10156497067129153,0.09759
23-01-2026 13:50,25055.05,0.11105,0.11255,0.11691,0.12263,0.12998,0.13922,0.14982,0.16105,0.17257,0.18399,0.1948,0.20664,0.21768333308297177,0.22849,0.22043,0.20712,0.19470340720991977,0.18212,0.16866,0.15651,0.14516,0.13497009383931644,0.12498,0.11719,0.11063,0.10486,0.10082,0.09750003815501991
23-01-2026 13:55,25054.0,0.11215,0.11334,0.1173,0.12213123978780377,0.12874,0.13810270968447555,0.14821922228227294,0.15952,0.17036,0.18221,0.19365,0.20479,0.21560876583485256,0.22625914194399152,0.21977,0.2081,0.19563,0.18322,0.1706,0.15865,0.14751,0.13711,0.1281,0.12067,0.11411,0.10903,0.1056,0.10223
23-01-2026 14:00,25054.2,0.11441,0.11410229661285333,0.1166632804396096,0.12158434119571637,0.12875,0.13712,0.1472095177019988,0.15833,0.1693,0.18057,0.19126,0.20207,0.21334,0.22331,0.21929,0.20717,0.19529,0.18134,0.16890066029052206,0.15644066265957343,0.14443,0.1335,0.12424,0.1165,0.10991,0.10398,0.09874,0.09436
23-01-2026 14:05,25065.1,0.11171,0.11208,0.11495,0.11976,0.1261,0.13483,0.14508,0.15631,0.16766,0.17854,0.18921,0.2009841690594191,0.21187,0.22187,0.22034,0.20887,0.19703,0.18391,0.1707835847500849,0.15778,0.14614,0.13499,0.12562,0.11815,0.11117268608905984,0.10558,0.10159,0.09656
23-01-2026 14:10,25058.25,0.11362,0.11404,0.11716,0.1215,0.12778,0.13652,0.1464251713059852,0.15781,0.16918,0.1801,0.19032,0.20165,0.21305919648474184,0.22438,0.22067,0.20895594701577985,0.19652,0.18292,0.16945,0.15701,0.14502,0.13361,0.12347,0.11525,0.10969,0.10308,0.09849,0.09298
23-01-2026 14:15,25090.65,0.09978,0.10291,0.10779448646735626,0.11374,0.12098,0.12996,0.1401,0.15103,0.16303,0.17347,0.18454,0.19525,0.20694989689714757,0.21772,0.22608,0.2139,0.20107,0.18844,0.17504,0.16301,0.15186,0.14089,0.13175,0.12436,0.11926,0.11535,0.11236010563307458,0.11247
23-01-2026 14:20,25059.65,0.10638,0.10812,0.11210212553769809,0.11766,0.1251214873529638,0.13389,0.14450944609064859,0.15581,0.16723,0.17783,0.18819,0.19926,0.20931610111630283,0.21918503552491125,0.22341,0.21041,0.19825,0.18483882740532545,0.17186,0.15965,0.14814,0.13705,0.12795,0.12066,0.11481582847298452,0.11106,0.10765,0.10473
23-01-2026 14:25,25049.75,0.11491383875356903,0.11518,0.11749,0.12119,0.12738,0.13461,0.1447,0.15513,0.16647,0.17606,0.18782531150863876,0.1988461684102026,0.20982297234581332,0.22056,0.2197,0.20694,0.19409,0.1802,0.166992459867276,0.15341,0.14171677308121983,0.1303173724501826,0.11907,0.11017,0.10294,0.09634,0.08975,0.08191
23-01-2026 14:30,25077.85,0.11012,0.11027,0.11321,0.11741,0.12437,0.13318956844152893,0.14348,0.15363,0.16489,0.1743,0.18512,0.19678,0.20853,0.2183,0.22389,0.21011,0.19796,0.1842,0.17068,0.15744,0.14487,0.13241,0.12266836741363171,0.11309,0.10574,0.09974,0.0941,0.08855
23-01-2026 14:35,25087.05,0.1078,0.10743,0.10964777506296629,0.11406,0.12083291258178235,0.129,0.13846150652098202,0.14879691012407023,0.15985680620370152,0.17109,0.18275,0.19454436161734162,0.20595,0.21554,0.22344,0.21125077336401632,0.19846,0.18482,0.17106,0.15737,0.14542,0.13399027594196614,0.12292,0.11524602865650323,0.10799,0.10227,0.09782,0.0929
23-01-2026 14:40,25094.55,0.10306790828978873,0.1053,0.10947,0.11466,0.12255,0.13135601462822938,0.14131916771605818,0.15227,0.16277,0.17191,0.18385,0.19511,0.20600322446320715,0.2169,0.22589,0.2131817403211921,0.20016,0.18735,0.17383,0.16066087766410247,0.1480517217207807,0.13695,0.12586,0.11704,0.11101,0.10538,0.10206898636184103,0.0993214770858726
23-01-2026 14:45,25081.45,0.10176,0.10398,0.10837746755437243,0.11413,0.12282096204582159,0.13217,0.14255,0.15294,0.16298051149099516,0.17305,0.18502976384001654,0.19652,0.20829,0.21885,0.2247,0.20978,0.19875,0.18541,0.17329,0.1604,0.14852912259830542,0.13823,0.12811,0.12034666271749966,0.11468,0.11013,0.10692,0.10509900864660278
23-01-2026 14:50,25059.3,0.11486554501990913,0.1143176207377392,0.11717,0.12120127547783978,0.12789,0.13662,0.14639,0.15629,0.16695,0.17648,0.18874,0.19922,0.21018,0.22051,0.21817714269240238,0.20545,0.19303,0.18035,0.16728,0.15404,0.14196,0.1304425697222755,0.11889,0.10969,0.10347782699413482,0.09703,0.0915,0.08374
23-01-2026 14:55,25096.0,0.10373231881646718,0.10472,0.1084,0.11268,0.11992,0.12927,0.13943,0.14981608796940488,0.16087,0.17099,0.18334270291381713,0.19457,0.20503,0.21545,0.22446,0.2110599702466218,0.19757,0.18516,0.17236,0.15908,0.14636286554624298,0.13503,0.12398,0.11532,0.10926,0.10437,0.10001,0.09741
23-01-2026 15:00,25071.15,0.10632,0.10791,0.11251,0.11727,0.12556,0.13521,0.14652,0.15761,0.16824,0.17934,0.1912,0.20287,0.21389,0.22422,0.22224,0.21019942481457138,0.19792,0.18477363640311342,0.17151,0.15879178535781924,0.14663,0.13499,0.12542367791739437,0.11609,0.11005,0.10618,0.10368,0.1
23-01-2026 15:05,25059.0,0.1009,0.10433,0.10951,0.11488,0.12411,0.13455,0.14715,0.15877,0.17062,0.1813,0.19338728631092236,0.20477,0.21637,0.22744,0.2193,0.207564975678241,0.19568,0.18348,0.17207,0.16041,0.15012,0.13935,0.13024,0.12326,0.11829515509370245,0.11648,0.11517,0.11593
23-01-2026 15:10,25045.6,0.11068,0.1118468333800555,0.11676,0.1215,0.13029,0.13946794449851055,0.15104,0.16104,0.17246,0.1839456069976541,0.19529397265553836,0.20649742188321346,0.21719,0.22664,0.21788402284242728,0.20548,0.1930685993522581,0.18023,0.16754320316202642,0.15451,0.14377,0.13176,0.12280205492739481,0.11352,0.10779,0.10344,0.09947931761383545,0.09623
23-01-2026 15:15,25061.1,0.10403,0.10756,0.11216,0.11735,0.12658,0.1366,0.14719,0.15763,0.16971,0.18027,0.19149,0.20296,0.21502,0.22596,0.22229,0.20842,0.19569,0.18168289373495236,0.1683132660869519,0.15498,0.14334,0.13215,0.12057,0.11286,0.10961,0.1063,0.10286875122316412,0.1021
23-01-2026 15:20,25040.65,0.1146,0.11616,0.11943356540672606,0.1252964212516674,0.13309,0.1423293368889538,0.15303,0.16298142789520234,0.17486,0.18481,0.19655681583226361,0.20832,0.2181,0.22899,0.2184574854971978,0.2058868610665165,0.19313,0.17961,0.1662,0.15292,0.14013,0.12789,0.11618,0.10749,0.10309423925488725,0.0991,0.09488,0.08909
23-01-2026 15:25,25049.65,0.10887,0.11147,0.11604,0.12176,0.13109,0.1404751770703535,0.15154,0.16182,0.17314,0.18434,0.19727,0.20814,0.2205,0.22986,0.21958,0.20286,0.19008,0.17715,0.16433,0.15096,0.13995,0.12751181572594314,0.11742676385499513,0.10726,0.10175,0.09947,0.09448,0.08977
27-01-2026 09:15,25113.05,0.27499,0.30202,0.32281,0.35058,0.38461,0.42786,0.47824,0.52453,0.57367,0.62043,0.6731490244431372,0.70998,0.7567305749565377,0.829399889685601,0.80455,0.75263,0.70349,0.64961,0.59775,0.55382,0.51257,0.48379,0.46589,0.46533,0.47357,0.49258,0.51278,0.54893
27-01-2026 09:20,24981.3,0.37173,0.38093,0.40070836963816336,0.43001164412077175,0.468283428307132,0.5112606974569394,0.55918,0.60764,0.6609,0.70752,0.76109,0.80431,0.84893,0.9138768121279572,0.722,0.67056,0.63579,0.57755,0.52942,0.47801,0.4362623576571387,0.39554,0.37825,0.3773,0.38901,0.3935232221815073,0.41378,0.42232988153177625
27-01-2026 09:25,24940.7,0.41215,0.41457,0.42548,0.45579058495031327,0.4958,0.53823,0.58329,0.6339459732752074,0.6864,0.73837,0.78617,0.83239,0.877,0.9311048063286994,0.70051,0.6560271173823052,0.60735,0.55241,0.5018,0.4528,0.40457,0.36324,0.34561627533542766,0.32686,0.31923,0.31138,0.2881,0.2826970646978277
27-01-2026 09:30,24944.4,0.43418,0.43019,0.43603765739503364,0.45789,0.4931935355621739,0.53966,0.5820036799013197,0.63551,0.68635,0.7369045772914883,0.79262,0.83608,0.8807219970240511,0.92433,0.69697,0.65541,0.61709,0.56144,0.51004,0.45156,0.40835468023986754,0.35395,0.31876,0.30027,0.2778877841760687,0.2555077907160054,0.23261,0.15552
27-01-2026 09:35,25018.3,0.4495,0.42747,0.41019,0.42032,0.45178,0.48537410993401064,0.52925,0.57595,0.62223,0.67629,0.726108028057449,0.77034,0.81264,0.85271,0.7481955676333917,0.69537,0.64737,0.60076,0.54814,0.4962,0.44574,0.40342167483582997,0.35472,0.32039,0.29276,0.26448,0.22211,0.12637
27-01-2026 09:40,25090.85,0.4547,0.4137,0.39014,0.38476,0.40993,0.44455,0.48925,0.53745,0.58193,0.63655,0.68678,0.73576,0.76941,0.81462,0.79603,0.74443,0.69617,0.64951,0.60292,0.55029,0.49947,0.45308,0.40468,0.36501,0.333,0.30009,0.26344,0.2039
27-01-2026 09:45,25142.05,0.36816,0.34955,0.3373,0.34272,0.369294314173768,0.40126,0.44811,0.49461,0.54701,0.59015,0.6466778336428582,0.6975652774414743,0.74219,0.78754,0.8166810633087904,0.77235,0.7248746905064912,0.6754,0.63383,0.58196,0.52995,0.48317791913267416,0.43571,0.40108,0.3768,0.35236,0.3200460805478924,0.29136
27-01-2026 09:50,25142.45,0.34662,0.32683,0.31992,0.32756,0.35831,0.39611,0.44871,0.50094,0.54737,0.59426,0.65191,0.7002858341213746,0.74216,0.78114,0.816460722261194,0.77273,0.72082,0.67648,0.6278256509022319,0.58085,0.53176,0.48237,0.4405,0.40779,0.37951032189078077,0.3581181383095623,0.34076,0.30921
27-01-2026 09:55,25130.4,0.32119,0.31184,0.31403,0.32672,0.36179,0.4046530998633509,0.45679,0.51181,0.5607454886061629,0.61344,0.6647988883341225,0.71226,0.75959,0.7934,0.80994,0.7601,0.72919,0.6766571642627621,0.6264,0.56905,0.516,0.46864,0.42882,0.4038921608202383,0.38201902298517604,0.37073,0.3502972053277969,0.33788
27-01-2026 10:00,25139.8,0.32443,0.30393134643420794,0.3057156348478244,0.32502,0.3594064533582061,0.40375,0.45450030377027806,0.51008,0.56064,0.6148569609384537,0.66324,0.70756,0.754123434270064,0.7950245699907293,0.83447,0.78289,0.73611789222013,0.68513,0.633,0.58504,0.52821,0.47811,0.431,0.39817,0.37604,0.35656,0.33606,0.31098
27-01-2026 10:05,25125.85,0.30215,0.29677,0.30128,0.32297,0.36228,0.40899,0.46656,0.51932,0.57315,0.62148,0.67629,0.72081,0.7662243742312238,0.80129,0.8291377473907112,0.781800352990836,0.73296,0.6838646844547718,0.63328,0.57812,0.52108,0.47288,0.43083,0.40016,0.38385,0.37058,0.35888,0.33865
27-01-2026 10:10,25088.75,0.4075,0.36673573641147805,0.35823,0.36103,0.3887216995872703,0.42782,0.48428,0.53178,0.58393,0.63445,0.68859,0.73067,0.7829,0.82034,0.81291,0.76659,0.71267,0.66199,0.6092103871697618,0.55399,0.49687,0.44858,0.39699,0.36248,0.33467,0.3021322896959472,0.27156,0.21831
27-01-2026 10:15,25129.65,0.43897,0.39066,0.36472,0.36018,0.38258,0.41304,0.4595130737546074,0.51171,0.56872,0.61118,0.66561,0.71362,0.75313,0.79688,0.84848,0.7956,0.74158,0.69533,0.63808,0.58309,0.53429,0.47852,0.43107,0.38655,0.35069,0.31475,0.27834,0.22729
27-01-2026 10:20,25170.2,0.32589,0.30563,0.3003048815691123,0.31025,0.34257,0.38807,0.43845286338169653,0.49493,0.553,0.59737,0.65279,0.69651,0.74989,0.78886,0.87099,0.8279298750689982,0.78094,0.73318,0.67496,0.62221,0.56933,0.5152235883518566,0.46549125571465677,0.42046,0.38746904518993514,0.36053,0.32835346575838664,0.30288
27-01-2026 10:25,25164.05,0.25371,0.26218,0.27617,0.30173,0.34283,0.39283,0.4492,0.50273,0.5580458689013856,0.60586,0.67118,0.717289511272786,0.7629241854281446,0.79871,0.87468,0.82807,0.77342,0.72691,0.67296,0.61698,0.5619,0.51093,0.4661166362617941,0.42822,0.40896,0.38328482827730903,0.38081,0.37269
27-01-2026 10:30,25123.35,0.3273,0.31534,0.3159256921379326,0.33808,0.37590469926094855,0.42491,0.48153,0.528901842417141,0.58658,0.63961,0.6943069604018028,0.7464,0.79521,0.83545,0.85189,0.79916,0.75078,0.7002381657542844,0.64601,0.59014,0.54071,0.49048,0.43891,0.39674,0.3704707061613581,0.33773,0.31402,0.28019
27-01-2026 10:35,25122.35,0.27272723462786574,0.285693644981429,0.3076,0.33586,0.37908,0.4319900764036907,0.48624,0.54057,0.58795,0.64561,0.7025,0.74763,0.79619,0.82755,0.8585,0.80533,0.75652,0.70959,0.65084,0.5943049806474251,0.5394173243322926,0.49179,0.4435,0.40453,0.38167380286241537,0.35626,0.33601,0.31486
27-01-2026 10:40,25095.65,0.28462596141063656,0.27705,0.30858,0.34517,0.39676,0.4547759813570294,0.5135,0.57223,0.62559,0.6779246794366317,0.7279977064642564,0.7755,0.82494,0.87277,0.82604,0.77517,0.73559,0.66826,0.62248,0.56794,0.5110419680690647,0.46905,0.42666,0.41728,0.41798,0.42719,0.44604,0.47381
27-01-2026 10:45,25027.6,0.33335,0.33817,0.35486,0.39308363745420066,0.44222,0.49912,0.5557,0.61343,0.66951,0.72857,0.7773486084145074,0.82268,0.8697835437467308,0.91224,0.81134,0.75038,0.7045173311711731,0.64989,0.59084,0.53037,0.47477,0.42695,0.37786,0.35741843017555225,0.33006,0.3181555366353144,0.2975,0.26889
27-01-2026 10:50,25020.95,0.2998019221321488,0.3311,0.37013077685096313,0.41388,0.46816,0.5220447828815491,0.58347,0.63393,0.67963,0.74791,0.8027,0.8509,0.89024,0.94593,0.82915,0.7709887108235722,0.7133021659905153,0.65159,0.59194,0.5382,0.48057,0.4304,0.39683418587827274,0.36854,0.36669,0.37527,0.37290181784341686,0.40869
27-01-2026 10:55,24997.0,0.3272,0.349989198801647,0.3868470821857104,0.4288,0.48236000939740387,0.53983,0.59563,0.64794,0.70518,0.76982,0.81506,0.8733,0.9251531837162564,0.97544,0.80799,0.7578673745124548,0.70166,0.64264,0.58219,0.52396,0.4666888609432521,0.41534,0.37268,0.35504,0.35497,0.34646641522755683,0.35242256162546326,0.3853
27-01-2026 11:00,24984.95,0.33738565346822325,0.35819098953265815,0.3962274417259469,0.44337,0.49355,0.55304,0.60914,0.66918,0.7194,0.7846,0.83519,0.8888698031297851,0.94099,0.99173,0.8366728958752936,0.7716151122828385,0.70616,0.63595,0.57545,0.5144945891025716,0.45921,0.40189,0.34996,0.32186,0.31013,0.29312,0.26525,0.201
27-01-2026 11:05,25008.55,0.35938,0.3689925842050237,0.39529,0.43643,0.48808,0.5416902323088845,0.60524,0.65624,0.71909,0.77679,0.83301,0.88779,0.93527,0.98664,0.8196921041518445,0.76668,0.72755,0.6659302915931625,0.6019824484749908,0.53754,0.47948,0.42233,0.36786,0.33818,0.32588,0.3073550583684578,0.31009,0.29008
27-01-2026 11:10,25017.35,0.35447,0.3655429672739802,0.3917,0.43508015813837875,0.48639,0.54371,0.5990094430784597,0.66031,0.71616,0.78283,0.83535,0.90092,0.94465,0.9968350226166934,0.84323,0.78659,0.74005,0.66858,0.6090408534215715,0.55235,0.48503932072538175,0.42763,0.37099,0.33704,0.32149,0.2996430435658912,0.29971,0.27694
27-01-2026 11:15,25024.0,0.36044,0.36747,0.38888,0.42815,0.48191,0.53609,0.59681,0.65096,0.70102,0.77263,0.82914,0.88409,0.9361558324440334,0.9822,0.84713,0.79103,0.74571,0.67934,0.61259,0.5492684803967782,0.48546,0.42832,0.37381,0.33669,0.31376,0.29753,0.28893314256241454,0.2798593840067517
27-01-2026 11:20,25044.9,0.32104,0.33979832558010015,0.36439,0.41123,0.46217,0.52086,0.58499,0.63522,0.69429,0.7595015115648494,0.81298,0.87951,0.92713,0.96345,0.85907,0.8038,0.75361,0.68763,0.63226,0.56455,0.51188,0.45302,0.39312,0.36313,0.34214,0.33306,0.32606,0.31835
27-01-2026 11:25,25036.65,0.36696,0.36749,0.38782,0.42691,0.47002890506981254,0.52892,0.58582,0.63827,0.6913,0.76463,0.8207,0.88782,0.93488,0.9896398805200848,0.8615398291942925,0.80684,0.7554043885530579,0.69546,0.6388110711327442,0.57808,0.5149,0.45444,0.39294,0.34485,0.31554,0.2875353039261362,0.26278,0.209
27-01-2026 11:30,25078.55,0.30177,0.31892,0.34583,0.39147,0.44185495752856163,0.50143,0.55908,0.6155284545856322,0.67088,0.73376,0.797817721303535,0.85717,0.91064,0.95374,0.89745,0.84137,0.79065,0.72989,0.6688993963758749,0.61261,0.54192,0.4866,0.42664,0.38602,0.36245,0.34457,0.33544,0.3219878890051775
27-01-2026 11:35,25074.65,0.3296553358320696,0.34012,0.35804,0.39528,0.436,0.49221,0.55529,0.60544,0.66896,0.73161,0.79348,0.84687,0.91508,0.94711,0.90452,0.83873,0.7945810355916489,0.73505,0.67733,0.61641,0.54493,0.48589,0.42361,0.37293,0.33543,0.3027411604584121,0.28242,0.25141
27-01-2026 11:40,25088.45,0.51292,0.44935,0.42746,0.43359,0.45344,0.48777,0.54722,0.59689,0.6485884195301188,0.70847,0.76042,0.8172009259862321,0.86804,0.91268,0.9266654684249448,0.86574,0.8136263526772186,0.75212,0.68852,0.62328,0.56051,0.5012,0.43625,0.38682,0.3401,0.29952,0.25544,0.17427
27-01-2026 11:45,25159.6,0.26014,0.2794,0.30133,0.33437,0.37354,0.43836,0.49435,0.54956,0.60709,0.6751791305284033,0.73216,0.78416,0.8331761262576697,0.86457,0.97798,0.9111,0.85324,0.79336,0.7316,0.6588463780622963,0.595790837370543,0.5374545538810551,0.48941,0.44602,0.42422,0.41054,0.40549,0.41203
27-01-2026 11:50,25103.25,0.3271,0.32609,0.3415,0.37589,0.41313,0.46949019111246376,0.53389,0.59395,0.6468134957573387,0.69661,0.77721,0.81837,0.87825,0.92405,0.94209,0.87488,0.81721,0.76497,0.69521,0.63118,0.56521,0.50148,0.44941,0.4157247487791922,0.38774,0.3682948973860252,0.36494,0.34715
27-01-2026 11:55,25084.4,0.37993671395274314,0.37526,0.37915647313137024,0.4052,0.43891,0.49008,0.55875,0.60674,0.66333,0.71693,0.79863,0.85098,0.91214,0.9695437115707084,0.95193,0.8914481576177778,0.8275986765997979,0.76111,0.69042,0.61931,0.556423660554233,0.49539940028481444,0.43434,0.39001,0.36077066864323226,0.33146,0.30429,0.26015
27-01-2026 12:00,25100.25,0.3932,0.37693,0.37919,0.4031726727009026,0.44151,0.49354,0.5541,0.60307,0.65156,0.7150587612686713,0.77765,0.82725,0.8845926393676128,0.9362779972754324,0.9623,0.88186,0.82452,0.77303,0.7002849259016709,0.6346836182897044,0.571,0.511043216005235,0.45472,0.40448,0.37113,0.34364,0.31813,0.3128273825492224
27-01-2026 12:05,25122.5,0.35913,0.347,0.35271,0.37884,0.42015,0.47865,0.53933,0.5905666123087989,0.65344,0.69809,0.78273,0.82285,0.89728,0.9550675725695319,0.98853,0.90705,0.84928,0.78884,0.72602,0.6541,0.59385,0.5312682421351965,0.47451,0.42945749025079144,0.39439,0.37132,0.3522,0.3465780792274321
27-01-2026 12:10,25117.85,0.37709,0.3605,0.36361,0.38941,0.42902,0.48289775003579105,0.55495,0.59802,0.66477,0.72079,0.78509,0.84864,0.9055672943492458,0.95972,0.98491,0.90182,0.84542,0.79545,0.73937,0.6659,0.6025289836223234,0.54119,0.47988,0.42957,0.39059,0.36109,0.33405,0.3012
27-01-2026 12:15,25117.6,0.30765,0.31365,0.33785,0.38075,0.438,0.49899,0.56222,0.62062,0.6750519440031348,0.73016,0.7925401634773741,0.84696,0.9233,0.97212,1.01025,0.92673,0.85601,0.81432,0.7486,0.67419,0.61091,0.55146566320595,0.4973658407253667,0.44767,0.41968,0.39999,0.38464,0.37378
27-01-2026 12:20,25109.2,0.39454,0.36531629637479873,0.37656,0.40138,0.44949348752957824,0.51201,0.57587,0.62761,0.68817,0.73425,0.81144,0.8637,0.94107,0.99043,1.00465,0.93314,0.8786344378506323,0.819,0.752425689941541,0.6835,0.62307,0.55271,0.48838,0.42912,0.37872,0.33881,0.298800503480013,0.24873
27-01-2026 12:25,25134.2,0.27995,0.29513,0.3335709165753294,0.37419,0.42935,0.4948,0.56462,0.6196092500187125,0.67951,0.73799,0.81575,0.85823,0.94879,0.98686,1.03517,0.94871,0.90214,0.8364733469123343,0.77268,0.72383,0.63977,0.58404,0.51233,0.4642154451945957,0.42482,0.40127,0.38577,0.37778
27-01-2026 12:30,25098.2,0.34532,0.3392152530021942,0.36118,0.4013,0.45691,0.52494,0.59417,0.66049,0.71503,0.76211,0.84146,0.89501,0.98724,1.00813,1.0379,0.95103,0.88906,0.83341,0.76474,0.70024,0.62633,0.56307,0.49249,0.4407,0.39862,0.36573,0.33397,0.29361
27-01-2026 12:35,25099.65,0.32818,0.3356,0.36352,0.41336,0.47017,0.53637,0.5966682355888084,0.66877,0.72412,0.7958812043810187,0.86377,0.92022,1.00022,1.03866,1.04009,0.97827,0.90271,0.8425616242946293,0.77667,0.71739,0.6388344040048486,0.57224,0.51253,0.45385,0.41578,0.38273558207188585,0.3681,0.3722913000794435
27-01-2026 12:40,25084.95,0.3367067061750226,0.35756,0.3851,0.43265,0.48939,0.55081,0.61517,0.6809084257046819,0.7477600026636357,0.81686,0.87549,0.9386418926662128,0.99762,1.04657,1.04478,0.96906,0.90513,0.84759,0.7748508303093484,0.71012,0.62832,0.55539,0.49525,0.4378830835787747,0.39399666849929726,0.36234743042910134,0.34137,0.3637578038968552
27-01-2026 12:45,25083.9,0.30540976063062625,0.33588,0.38006,0.43751,0.49765,0.5648281620951443,0.63201,0.6973031991120994,0.76706,0.82994,0.8931954841274012,0.94517,1.0283,1.06306,1.05972,0.98286,0.91795,0.85952,0.78761,0.7134,0.6369,0.56286,0.50176,0.45209,0.42086,0.40056,0.38685,0.38058
27-01-2026 12:50,25065.25,0.3993,0.39715,0.42182,0.46947,0.52555,0.59988,0.66958,0.72280794346935,0.78377,0.85703,0.9208348818803355,0.98798,1.04271,1.10000897290878,1.07631,0.96973,0.90591,0.83859,0.75874,0.69506,0.62552,0.54605,0.48093994249304384,0.41217,0.36272,0.31743,0.265720049498945,0.2164197917867309
27-01-2026 12:55,25094.45,0.33154,0.3502,0.3889,0.44807836007005986,0.5114380119455997,0.58448,0.6469295983416763,0.71484,0.77353,0.84815,0.9173996088159038,0.98176,1.05306,1.10751,1.10123,1.0301492242068653,0.9577260531764902,0.88526,0.80352,0.7374,0.65314,0.57953,0.5093,0.44418,0.40057,0.36528,0.34277,0.3115
27-01-2026 13:00,25087.35,0.32893,0.348,0.3987962243653914,0.45282,0.52299,0.58998,0.66662,0.72416,0.7991666374732525,0.86777,0.94264,1.00345,1.07589,1.13114,1.11403,1.03344,0.95265,0.8853402450520642,0.81111,0.74373,0.66463,0.5879961082651861,0.51132,0.45443,0.408,0.37208,0.33849,0.30072
27-01-2026 13:05,25077.3,0.37491,0.387,0.42388,0.47872,0.5369,0.61433,0.69302,0.74483,0.82368,0.87877,0.93987,1.01338,1.08612,1.13901,1.10891,1.0392484848278987,0.96104,0.90142,0.80672,0.74013,0.66738,0.5850121649593348,0.50256,0.44235,0.393323515469504,0.34786,0.30785,0.25246
27-01-2026 13:10,25078.6,0.38621,0.39523,0.43152,0.48027,0.54075,0.6185,0.6834,0.75694,0.82697,0.90538,0.98283,1.04564,1.12058,1.15819,1.12954,1.0471,0.96446,0.90732,0.8273376370975285,0.76234,0.68031,0.6096222686007984,0.5363212471747031,0.47132875644248023,0.40577,0.35911,0.31882,0.25628
27-01-2026 13:15,25088.55,0.38271962797637404,0.41003,0.44149,0.48748,0.54588,0.62644,0.70165,0.76234,0.83383,0.88793,0.99268,1.0561074130553605,1.13316,1.14869,1.15813,1.07422,0.99013,0.9322,0.83392,0.77672,0.6885351745533382,0.61558,0.53137,0.46989,0.41386,0.36185,0.31003315476010546,0.26639
27-01-2026 13:20,25085.9,0.43553,0.43431,0.45449,0.49675,0.55424,0.625843847408546,0.71032,0.776094440386212,0.86254,0.92093,1.00047,1.0453,1.15693,1.19614,1.15829,1.07399,1.015478482298351,0.94771,0.8640204866457556,0.78017,0.70546,0.61252,0.5380966506121936,0.4614,0.39462,0.3421222787793257,0.3026,0.23747
27-01-2026 13:25,25098.05,0.46141,0.45251,0.46505,0.50455,0.56244,0.6298594104599279,0.71329,0.78384,0.86895,0.94142,1.01001,1.09028,1.1697,1.21001,1.1747479898307385,1.10515,1.05253,0.97691,0.89784,0.81566,0.73052,0.64864,0.56142,0.47273,0.40676,0.34945,0.30219,0.2762368169974539
27-01-2026 13:30,25112.65,0.36831,0.38375,0.43018008596899887,0.48536,0.55493,0.63535,0.71437,0.79586,0.87378,0.94799,1.03188,1.1027609766210866,1.16419,1.22291,1.22766,1.15967,1.08677,1.008301761589288,0.92938,0.842703594194995,0.75914,0.68207,0.58743,0.5117,0.44197,0.39028,0.35284,0.34738327869683616
27-01-2026 13:35,25095.5,0.28249,0.35375973734797905,0.42153,0.49482,0.5808514568664105,0.65956,0.7536,0.8196,0.9061737600191984,0.98382,1.062190209434093,1.1397216317343615,1.211959393429728,1.28497,1.21494,1.1585653090082104,1.09508,1.00257,0.93371,0.8414499668924602,0.7587146130940727,0.68561,0.6122265739429407,0.56349,0.5197824436148746,0.52212,0.53098,0.59249
27-01-2026 13:40,25049.05,0.37743,0.42277,0.49073,0.5709366547945842,0.66038,0.74594,0.82367,0.90134,0.97221,1.06132,1.1209,1.1981555199710638,1.27192,1.33216,1.20272,1.13539,1.06165,0.99634,0.92155,0.83142,0.73084,0.64204,0.55651,0.4863,0.42132,0.39112,0.36411,0.33202
27-01-2026 13:45,25044.1,0.42625,0.46033922404079497,0.51533,0.59021,0.6597923038399182,0.7381064784746056,0.8201512451003683,0.903727146122417,0.9851152250412935,1.06364,1.15186,1.2249170448206503,1.2930278483415036,1.34114,1.2386748144996078,1.1604257086448857,1.0821,1.007183785051367,0.91634,0.83709,0.73498,0.63898,0.55494,0.4809274476216524,0.39944,0.35232,0.30672,0.22099
27-01-2026 13:50,25054.3,0.37171,0.42344,0.49546,0.57747,0.67696,0.75746,0.85059,0.94007,1.0022,1.08021,1.1763390765836694,1.26015,1.34868,1.39246,1.314,1.232717965775393,1.15066,1.06292,0.9819,0.88599,0.77972,0.67892,0.58948,0.50801,0.4399426616133074,0.39785,0.3542360331861623,0.34367
27-01-2026 13:55,25040.65,0.38421,0.43769,0.5200849356836297,0.6083,0.70442,0.7930628239969669,0.89528,0.97861,1.05464,1.13671,1.21434,1.30604,1.37665,1.44131,1.3146606202542965,1.23488,1.1683124419770001,1.0858018676047112,0.99334,0.8916007972803087,0.7884888762969884,0.68166,0.5851464600569468,0.48888,0.40466,0.351238964837289,0.29989,0.20917
27-01-2026 14:00,25042.35,0.32664,0.4114,0.50478,0.60881,0.70982,0.80406,0.89113,0.96993,1.0818,1.15066,1.22752,1.3206,1.41273,1.50397,1.3736504520673616,1.28946,1.18482,1.0946,1.01173,0.9046949667659572,0.8088,0.7008208035469679,0.6073,0.52322,0.44833,0.41858,0.4124793948506936,0.4497043344168711
27-01-2026 14:05,25010.6,0.39868,0.48123,0.5739646850828206,0.67489,0.78007,0.8703258880570063,0.9656985605381074,1.0674,1.15967,1.2399010829573998,1.323540139394848,1.41135,1.4914360074958046,1.57916,1.35802,1.27511,1.1963968445935727,1.10648,0.99522,0.89362,0.78825,0.67908,0.56582,0.47476,0.40804877044540927,0.32586,0.27633,0.12281
27-01-2026 14:10,25041.35,0.37357,0.45821,0.55878,0.6635221196328231,0.77277,0.86212,0.94634,1.05464,1.153264310400176,1.25296,1.330468294566895,1.40178,1.49949,1.56997,1.40252,1.3218863817790845,1.2308284955880915,1.14421,1.0163,0.91977,0.8388,0.72874,0.6107091418075068,0.51409,0.41328,0.3543,0.31415,0.25836
27-01-2026 14:15,25034.25,0.3695,0.45459,0.56798,0.67166,0.7785960603846156,0.89058,0.9889735765939717,1.08509,1.19427,1.31635,1.37374,1.49623,1.55624,1.62888,1.44116,1.35926,1.2764240303867793,1.18998,1.05823,0.9419,0.8396561604726698,0.73568,0.62576,0.52151,0.41642,0.35959273056137453,0.31669,0.27147
27-01-2026 14:20,25028.4,0.40083,0.48493,0.59172,0.6930607714480238,0.79921,0.89922,1.0028,1.10091,1.1955102769287458,1.2953881738803226,1.38358,1.51294,1.61732,1.6371721403922344,1.48547,1.33764,1.3076,1.1840778550505624,1.07166,0.96811,0.8591,0.75421,0.6467,0.5403,0.44549,0.3874,0.34854,0.28994
27-01-2026 14:25,25022.0,0.42522,0.51321,0.62323,0.7317,0.84639,0.9480003098692171,1.04852,1.1661,1.26484,1.37808,1.46805,1.55096,1.65772,1.76347,1.4644934759409687,1.3668674022732246,1.2750563903519634,1.22728,1.1154260774739626,1.002919045943833,0.88354,0.76492,0.64858,0.5281,0.418650280256474,0.3137090173799477,0.21896852419510723,0.11719
27-01-2026 14:30,25040.85,0.39181,0.50066,0.62518,0.75971,0.88623,0.99624,1.1264,1.2432,1.34177,1.46343,1.56662,1.66481,1.7647315069947582,1.87057,1.57868,1.49654,1.4159515519628945,1.32053,1.1977900456910189,1.07647,0.944,0.8212,0.6865835356031906,0.57136,0.45098,0.36207,0.30341,0.31039937858964467
27-01-2026 14:35,25042.95,0.54896,0.57786,0.66313,0.76466,0.89905,1.00651,1.09641,1.22306,1.34797,1.50913,1.5939342249653419,1.68869,1.77649,1.8546,1.65134,1.52633,1.463110419138517,1.38194,1.2510892687890935,1.12711,0.98879,0.87119,0.74329,0.60591,0.46679,0.3466179552747914,0.22857868453065075,0.10484
27-01-2026 14:40,25097.55,0.33389,0.42508,0.55551,0.67826,0.78645,0.92303,1.03769,1.16763,1.23569,1.42219,1.5261023436414574,1.63715,1.7469721423373779,1.83068,1.7994,1.6687,1.5733594493505207,1.47385,1.33685,1.22119,1.06074,0.93888,0.84334,0.69108,0.5465869604852442,0.40992,0.31756,0.26193
27-01-2026 14:45,25108.1,0.37525,0.42842,0.551880114128169,0.68849,0.8273,0.97349,1.11692,1.23827,1.32278,1.48454,1.58344,1.71158,1.8303540698409435,1.9435636820661613,1.91042,1.71363,1.6289804611688052,1.53578,1.409028649045361,1.27885,1.15422,1.00505,0.88216,0.7270168364463804,0.58912,0.43418,0.30565,0.20319
27-01-2026 14:50,25122.3,0.30839724850420625,0.4328,0.55658,0.70672,0.84021,0.9529,1.12283,1.2343862038929512,1.34638,1.48257,1.61719,1.79522,1.88216,1.94677,2.0189821802157315,1.89989,1.7702158372930608,1.64927,1.5304036762274555,1.37749,1.24586,1.08792,0.94426,0.78047,0.6260354994374463,0.47032,0.31555,0.16639
27-01-2026 14:55,25143.55,0.35345,0.38729,0.52999,0.6770784361970492,0.82563,1.0072,1.1428500468746996,1.2937,1.40702,1.55288,1.69702,1.7779,1.887178142080347,1.94457,2.145237893930025,2.06243,1.9618230071338036,1.86546,1.7262,1.55776,1.38835,1.2177,1.08865,0.90835,0.7371104166270378,0.58392,0.39964,0.24166
27-01-2026 15:00,25118.0,0.22867,0.42577,0.5911754682292444,0.76229,0.93694,1.07719,1.24115,1.40258,1.56178,1.66008,1.71452,2.02809,2.10815,2.13811,2.27781,2.11407,1.9501,1.8497370522704712,1.72376,1.54954,1.37437,1.19798,1.01998,0.8635752070969271,0.6876,0.51939,0.32525,0.14865159093078484
27-01-2026 15:05,25134.65,0.20763,0.42034,0.58577,0.74767,0.96576,1.10655,1.2084,1.45281,1.62229,1.78968,1.85084,2.04453938044427,2.16189,2.31529,2.60916,2.34411,2.159355864484452,1.9923282934650062,1.8275841083570101,1.68275,1.44213,1.29767798453728,1.11695,0.95237,0.75249,0.56259,0.35433,0.11644
27-01-2026 15:10,25154.95,0.16803,0.40933,0.6158752976093337,0.82645,0.9887045323565614,1.12661,1.3611838583545763,1.58429,1.7555045978646409,1.96159,2.03204,2.3302,2.38021,2.55189,2.71129,2.5383195359651176,2.382362504163482,2.13747,2.13017,1.85502,1.65228,1.44843,1.2431,0.97402,0.82574,0.604046143938487,0.40968,0.17324
27-01-2026 15:15,25174.85,0.14225,0.42629,0.6745,0.81392,1.03772,1.33488,1.47205,1.735602723685013,1.961039395608451,2.22048,2.30421,2.50644,2.7029197665810702,2.90515,3.17201,2.95157,2.88296,2.51011,2.4194,2.06703,1.84445,1.62086,1.39592,1.16917,1.00123,0.75534,0.5065764344539915,0.23712
27-01-2026 15:20,25198.1,0.0168,0.39816,0.69406,0.9574084251817125,1.20671,1.47601,1.84647,2.00071,2.330429571950771,2.6557,2.76165,3.053133517414712,3.3093193015471445,3.69076,3.9284820213602063,3.6951092191190824,3.40433,3.13418,2.86358,2.59234,2.32024,2.04698,1.77218,1.4953,1.21558,0.9474556965126008,0.68798,0.3404
27-01-2026 15:25,25242.4,0.03726,0.35816,0.73157,1.13908,1.53259,1.91634,2.29252,2.66246,3.02705,3.371728757597725,3.74259,3.9668758746053183,4.212508722925615,4.769575024892393,5.592444778258188,5.38476,4.97453,4.59339,4.21172,3.82927,3.44575,3.06078,2.6739,2.28444,1.89151,1.4511771749264442,1.08871,0.6625146164644744
