id,value
07-01-2026 09:15||NIFTY27JAN2624100PE,0.1632897076552084
07-01-2026 09:15||NIFTY27JAN2625500CE,0.1173159239991769
07-01-2026 09:15||NIFTY27JAN2625800CE,0.1007326217442158
07-01-2026 09:20||NIFTY27JAN2624000PE,0.1702782308913257
07-01-2026 09:20||NIFTY27JAN2624200PE,0.1595148388244903
07-01-2026 09:20||NIFTY27JAN2624800PE,0.1282860926737374
07-01-2026 09:20||NIFTY27JAN2625000PE,0.118527423406518
07-01-2026 09:20||NIFTY27JAN2625300CE,0.1034613123477083
07-01-2026 09:20||NIFTY27JAN2625400CE,0.110994088788711
07-01-2026 09:20||NIFTY27JAN2625800CE,0.1067144429379858
07-01-2026 09:20||NIFTY27JAN2625900CE,0.1034078326795723
07-01-2026 09:25||NIFTY27JAN2624300PE,0.1542545017196923
07-01-2026 09:25||NIFTY27JAN2625100PE,0.1144622385626868
07-01-2026 09:25||NIFTY27JAN2625300CE,0.0958180002744757
07-01-2026 09:25||NIFTY27JAN2626500CE,0.0851824229373812
07-01-2026 09:30||NIFTY27JAN2623900PE,0.1768327951672772
07-01-2026 09:30||NIFTY27JAN2624300PE,0.1528778615538109
07-01-2026 09:30||NIFTY27JAN2625900CE,0.1013595749076665
07-01-2026 09:30||NIFTY27JAN2626400CE,0.0892741961866691
07-01-2026 09:35||NIFTY27JAN2623900PE,0.1771844971330811
07-01-2026 09:35||NIFTY27JAN2624600PE,0.137305904916339
07-01-2026 09:35||NIFTY27JAN2625100PE,0.1130995582706593
07-01-2026 09:35||NIFTY27JAN2625900CE,0.1027313776973371
07-01-2026 09:35||NIFTY27JAN2626100CE,0.0959078018067695
07-01-2026 09:40||NIFTY27JAN2625100PE,0.1145681048833282
07-01-2026 09:40||NIFTY27JAN2625600CE,0.0881503616385156
07-01-2026 09:40||NIFTY27JAN2625800CE,0.0878558325687852
07-01-2026 09:40||NIFTY27JAN2625900CE,0.0864108521220681
07-01-2026 09:40||NIFTY27JAN2626200CE,0.0837184947109406
07-01-2026 09:45||NIFTY27JAN2625000PE,0.1159204140325251
07-01-2026 09:45||NIFTY27JAN2625200CE,0.1192592250618912
07-01-2026 09:45||NIFTY27JAN2625900CE,0.0995733865659614
07-01-2026 09:45||NIFTY27JAN2626400CE,0.0889579455207169
07-01-2026 09:50||NIFTY27JAN2623800PE,0.1805894689368041
07-01-2026 09:50||NIFTY27JAN2624500PE,0.1410392311718689
07-01-2026 09:50||NIFTY27JAN2624900PE,0.1209345110023502
07-01-2026 09:50||NIFTY27JAN2625200CE,0.1259518647671129
07-01-2026 09:50||NIFTY27JAN2625500CE,0.1078142836761539
07-01-2026 09:50||NIFTY27JAN2625600CE,0.1055093951492031
07-01-2026 09:50||NIFTY27JAN2626400CE,0.0882632504623029
07-01-2026 09:55||NIFTY27JAN2624300PE,0.1517333147679251
07-01-2026 09:55||NIFTY27JAN2624700PE,0.13058390220128
07-01-2026 09:55||NIFTY27JAN2625000PE,0.1153034373326126
07-01-2026 09:55||NIFTY27JAN2625500CE,0.1247450457411442
07-01-2026 09:55||NIFTY27JAN2625800CE,0.1109266508382511
07-01-2026 09:55||NIFTY27JAN2625900CE,0.1070385979255885
07-01-2026 10:00||NIFTY27JAN2624600PE,0.1374570390387876
07-01-2026 10:00||NIFTY27JAN2625000PE,0.1173667422719722
07-01-2026 10:00||NIFTY27JAN2625900CE,0.1004860756513849
07-01-2026 10:00||NIFTY27JAN2626100CE,0.0947113396316975
07-01-2026 10:00||NIFTY27JAN2626500CE,0.091530623172899
07-01-2026 10:05||NIFTY27JAN2625200CE,0.0968881591004579
07-01-2026 10:05||NIFTY27JAN2625500CE,0.1131161689224508
07-01-2026 10:05||NIFTY27JAN2626300CE,0.0932935586132284
07-01-2026 10:10||NIFTY27JAN2623800PE,0.1848328354701006
07-01-2026 10:10||NIFTY27JAN2623900PE,0.1786709243994917
07-01-2026 10:10||NIFTY27JAN2624200PE,0.1607975155927735
07-01-2026 10:10||NIFTY27JAN2625500CE,0.1024370815619917
07-01-2026 10:10||NIFTY27JAN2625600CE,0.102907594633239
07-01-2026 10:10||NIFTY27JAN2625700CE,0.1043360277608492
07-01-2026 10:10||NIFTY27JAN2625900CE,0.1023564613635832
07-01-2026 10:10||NIFTY27JAN2626000CE,0.1002135362433799
07-01-2026 10:15||NIFTY27JAN2623900PE,0.1785452578847307
07-01-2026 10:15||NIFTY27JAN2625700CE,0.0927144783301189
07-01-2026 10:15||NIFTY27JAN2626100CE,0.0877003206364642
07-01-2026 10:15||NIFTY27JAN2626200CE,0.0865766786369005
07-01-2026 10:15||NIFTY27JAN2626500CE,0.0850893294951812
07-01-2026 10:20||NIFTY27JAN2624000PE,0.1723945514017633
07-01-2026 10:20||NIFTY27JAN2624200PE,0.1615445248846173
07-01-2026 10:20||NIFTY27JAN2624300PE,0.1560378661504596
07-01-2026 10:20||NIFTY27JAN2624500PE,0.1451446610719121
07-01-2026 10:20||NIFTY27JAN2625500CE,0.1113811456196324
07-01-2026 10:20||NIFTY27JAN2625700CE,0.102915761385788
07-01-2026 10:20||NIFTY27JAN2626100CE,0.0907248792397455
07-01-2026 10:25||NIFTY27JAN2624000PE,0.170770590757959
07-01-2026 10:25||NIFTY27JAN2624100PE,0.165417026674474
07-01-2026 10:25||NIFTY27JAN2625600CE,0.0946491101305422
07-01-2026 10:25||NIFTY27JAN2625700CE,0.0932743718975755
07-01-2026 10:25||NIFTY27JAN2626100CE,0.0899357635547205
07-01-2026 10:30||NIFTY27JAN2624200PE,0.159518838597814
07-01-2026 10:30||NIFTY27JAN2625100PE,0.1117349547549412
07-01-2026 10:30||NIFTY27JAN2625500CE,0.1158521870097954
07-01-2026 10:30||NIFTY27JAN2625600CE,0.1104902786482077
07-01-2026 10:30||NIFTY27JAN2626000CE,0.0959544211506571
07-01-2026 10:30||NIFTY27JAN2626200CE,0.0918576018325419
07-01-2026 10:30||NIFTY27JAN2626300CE,0.0900101247640802
07-01-2026 10:35||NIFTY27JAN2623800PE,0.1818966730293754
07-01-2026 10:35||NIFTY27JAN2624200PE,0.1593216512828642
07-01-2026 10:35||NIFTY27JAN2624500PE,0.1425302055625671
07-01-2026 10:35||NIFTY27JAN2625000PE,0.1163511207085297
07-01-2026 10:35||NIFTY27JAN2625400CE,0.12247397649865
07-01-2026 10:35||NIFTY27JAN2625500CE,0.1148459017053402
07-01-2026 10:35||NIFTY27JAN2626100CE,0.0951376747339077
07-01-2026 10:35||NIFTY27JAN2626300CE,0.091231605687435
07-01-2026 10:40||NIFTY27JAN2623900PE,0.1773352894860809
07-01-2026 10:40||NIFTY27JAN2624900PE,0.1222395886392628
07-01-2026 10:40||NIFTY27JAN2625100PE,0.1120921385392568
07-01-2026 10:40||NIFTY27JAN2625200CE,0.1320741438207588
07-01-2026 10:40||NIFTY27JAN2625400CE,0.1165803954148564
07-01-2026 10:40||NIFTY27JAN2625600CE,0.1062980648853716
07-01-2026 10:40||NIFTY27JAN2625800CE,0.0997848976292176
07-01-2026 10:40||NIFTY27JAN2626100CE,0.0927355245126635
07-01-2026 10:40||NIFTY27JAN2626300CE,0.0889184070180637
07-01-2026 10:45||NIFTY27JAN2624000PE,0.1709569762872531
07-01-2026 10:45||NIFTY27JAN2625100PE,0.1121589346947234
07-01-2026 10:45||NIFTY27JAN2625300CE,0.1202768569897874
07-01-2026 10:45||NIFTY27JAN2626000CE,0.0948006561482476
07-01-2026 10:45||NIFTY27JAN2626400CE,0.0872287324571778
07-01-2026 10:50||NIFTY27JAN2623900PE,0.1765955226385987
07-01-2026 10:50||NIFTY27JAN2624200PE,0.159990091171727
07-01-2026 10:50||NIFTY27JAN2625600CE,0.1105409482001989
07-01-2026 10:50||NIFTY27JAN2625800CE,0.103554321680671
07-01-2026 10:55||NIFTY27JAN2624300PE,0.1557173475433556
07-01-2026 10:55||NIFTY27JAN2624900PE,0.1235339453668338
07-01-2026 10:55||NIFTY27JAN2625500CE,0.1020893763921379
07-01-2026 11:00||NIFTY27JAN2624200PE,0.1609299214632053
07-01-2026 11:00||NIFTY27JAN2626500CE,0.088317832278328
07-01-2026 11:05||NIFTY27JAN2624300PE,0.1564787338822373
07-01-2026 11:05||NIFTY27JAN2624600PE,0.1403676997196866
07-01-2026 11:05||NIFTY27JAN2624800PE,0.1298729591019957
07-01-2026 11:05||NIFTY27JAN2625200CE,0.0889948734752878
07-01-2026 11:05||NIFTY27JAN2626000CE,0.0950291564460497
07-01-2026 11:05||NIFTY27JAN2626200CE,0.0899806525560684
07-01-2026 11:10||NIFTY27JAN2624400PE,0.1498963720617999
07-01-2026 11:10||NIFTY27JAN2624800PE,0.1290290914138161
07-01-2026 11:10||NIFTY27JAN2625200CE,0.109947508227573
07-01-2026 11:10||NIFTY27JAN2625500CE,0.1127865842977814
07-01-2026 11:10||NIFTY27JAN2625700CE,0.1023819123276586
07-01-2026 11:10||NIFTY27JAN2625900CE,0.0948577840877942
07-01-2026 11:10||NIFTY27JAN2626300CE,0.0868841803762392
07-01-2026 11:15||NIFTY27JAN2624000PE,0.1710832092436839
07-01-2026 11:15||NIFTY27JAN2624800PE,0.1274621797725462
07-01-2026 11:15||NIFTY27JAN2625400CE,0.1181734928331832
07-01-2026 11:15||NIFTY27JAN2626100CE,0.0955255130786854
07-01-2026 11:15||NIFTY27JAN2626300CE,0.091254477274397
07-01-2026 11:20||NIFTY27JAN2623800PE,0.1818655551964008
07-01-2026 11:20||NIFTY27JAN2624200PE,0.1600780949749531
07-01-2026 11:20||NIFTY27JAN2624900PE,0.1222056699758303
07-01-2026 11:20||NIFTY27JAN2625300CE,0.1294818853343818
07-01-2026 11:20||NIFTY27JAN2625700CE,0.1003880783078258
07-01-2026 11:20||NIFTY27JAN2626000CE,0.0924401456376574
07-01-2026 11:25||NIFTY27JAN2623800PE,0.1810520302696225
07-01-2026 11:25||NIFTY27JAN2624400PE,0.1481464418670854
07-01-2026 11:25||NIFTY27JAN2624800PE,0.1266396930703308
07-01-2026 11:25||NIFTY27JAN2625300CE,0.1383673108713063
07-01-2026 11:25||NIFTY27JAN2625700CE,0.105430836387199
07-01-2026 11:25||NIFTY27JAN2625800CE,0.1008571489049273
07-01-2026 11:25||NIFTY27JAN2625900CE,0.0974693342144013
07-01-2026 11:25||NIFTY27JAN2626000CE,0.0952439988694536
07-01-2026 11:25||NIFTY27JAN2626200CE,0.0915636798905361
07-01-2026 11:30||NIFTY27JAN2624300PE,0.154295154295136
07-01-2026 11:30||NIFTY27JAN2624400PE,0.1487162746005212
07-01-2026 11:35||NIFTY27JAN2624900PE,0.1225023961798388
07-01-2026 11:35||NIFTY27JAN2626300CE,0.0877339783170769
07-01-2026 11:40||NIFTY27JAN2624000PE,0.1710980293117218
07-01-2026 11:40||NIFTY27JAN2624500PE,0.1431061312669755
07-01-2026 11:40||NIFTY27JAN2625200CE,0.1293773527444174
07-01-2026 11:40||NIFTY27JAN2625900CE,0.1002899197270476
07-01-2026 11:45||NIFTY27JAN2624000PE,0.1703774981649447
07-01-2026 11:45||NIFTY27JAN2625000PE,0.1158272414890895
07-01-2026 11:45||NIFTY27JAN2625500CE,0.1139473814196444
07-01-2026 11:45||NIFTY27JAN2625600CE,0.1099260944451912
07-01-2026 11:45||NIFTY27JAN2626400CE,0.0886802324639841
07-01-2026 11:50||NIFTY27JAN2624000PE,0.1702729946902305
07-01-2026 11:50||NIFTY27JAN2624600PE,0.137139787407729
07-01-2026 11:50||NIFTY27JAN2625700CE,0.1010861519917722
07-01-2026 11:50||NIFTY27JAN2626400CE,0.0858812546630003
07-01-2026 11:55||NIFTY27JAN2623900PE,0.1756598265130772
07-01-2026 11:55||NIFTY27JAN2625200CE,0.1556153839578591
07-01-2026 11:55||NIFTY27JAN2625400CE,0.1232562298834237
07-01-2026 11:55||NIFTY27JAN2626100CE,0.0928169404654924
07-01-2026 11:55||NIFTY27JAN2626300CE,0.0891492835628567
07-01-2026 12:00||NIFTY27JAN2624300PE,0.1523494287702227
07-01-2026 12:00||NIFTY27JAN2624500PE,0.1412131309022847
07-01-2026 12:00||NIFTY27JAN2625500CE,0.1122990947485641
07-01-2026 12:00||NIFTY27JAN2625600CE,0.10672777015034
07-01-2026 12:00||NIFTY27JAN2626400CE,0.0875278211282224
07-01-2026 12:05||NIFTY27JAN2624200PE,0.1577635175774174
07-01-2026 12:05||NIFTY27JAN2624300PE,0.1520679884903081
07-01-2026 12:05||NIFTY27JAN2625300CE,0.1453378375958216
07-01-2026 12:05||NIFTY27JAN2625900CE,0.1003107165335259
07-01-2026 12:05||NIFTY27JAN2626000CE,0.0975499629797688
07-01-2026 12:05||NIFTY27JAN2626300CE,0.0909808608554272
07-01-2026 12:05||NIFTY27JAN2626400CE,0.0893089905469509
07-01-2026 12:10||NIFTY27JAN2624000PE,0.1684345048528458
07-01-2026 12:10||NIFTY27JAN2625200CE,0.1689810516172224
07-01-2026 12:10||NIFTY27JAN2625600CE,0.1138949698515954
07-01-2026 12:10||NIFTY27JAN2626500CE,0.0895308527727737
07-01-2026 12:15||NIFTY27JAN2624300PE,0.1513881975795717
07-01-2026 12:15||NIFTY27JAN2625000PE,0.1150061956125763
07-01-2026 12:15||NIFTY27JAN2625100PE,0.1101996247276703
07-01-2026 12:15||NIFTY27JAN2625300CE,0.1473158621318813
07-01-2026 12:15||NIFTY27JAN2625500CE,0.1191796547066636
07-01-2026 12:15||NIFTY27JAN2625600CE,0.1124331170130826
07-01-2026 12:20||NIFTY27JAN2624000PE,0.1682899937119221
07-01-2026 12:20||NIFTY27JAN2624400PE,0.1457777907208794
07-01-2026 12:20||NIFTY27JAN2625100PE,0.1104859690392638
07-01-2026 12:20||NIFTY27JAN2626100CE,0.0959081527544644
07-01-2026 12:25||NIFTY27JAN2624400PE,0.1460976012669002
07-01-2026 12:25||NIFTY27JAN2624600PE,0.1356997880599788
07-01-2026 12:25||NIFTY27JAN2624700PE,0.1306669774466337
07-01-2026 12:25||NIFTY27JAN2625300CE,0.1346473551057629
07-01-2026 12:25||NIFTY27JAN2626300CE,0.0903148441317466
07-01-2026 12:30||NIFTY27JAN2623800PE,0.1793857191698994
07-01-2026 12:30||NIFTY27JAN2624000PE,0.1680540273891979
07-01-2026 12:30||NIFTY27JAN2624100PE,0.1624354597635993
07-01-2026 12:30||NIFTY27JAN2624500PE,0.1412026283264082
07-01-2026 12:30||NIFTY27JAN2624600PE,0.1359267901865601
07-01-2026 12:30||NIFTY27JAN2625200CE,0.1386276293023773
07-01-2026 12:30||NIFTY27JAN2626300CE,0.0915053183843325
07-01-2026 12:35||NIFTY27JAN2625100PE,0.1106486675064861
07-01-2026 12:35||NIFTY27JAN2625300CE,0.1287052454855874
07-01-2026 12:35||NIFTY27JAN2625400CE,0.1212557794641316
07-01-2026 12:35||NIFTY27JAN2626300CE,0.091124596605167
07-01-2026 12:35||NIFTY27JAN2626500CE,0.0883591987021226
07-01-2026 12:40||NIFTY27JAN2625100PE,0.1114279062766099
07-01-2026 12:40||NIFTY27JAN2625700CE,0.0995967251658915
07-01-2026 12:45||NIFTY27JAN2623800PE,0.1774709179861564
07-01-2026 12:45||NIFTY27JAN2624000PE,0.1665634770798183
07-01-2026 12:45||NIFTY27JAN2624900PE,0.119328511658498
07-01-2026 12:45||NIFTY27JAN2625000PE,0.114393354125606
07-01-2026 12:45||NIFTY27JAN2625800CE,0.1022843461307183
07-01-2026 12:45||NIFTY27JAN2626400CE,0.0876937935381964
07-01-2026 12:50||NIFTY27JAN2624400PE,0.1451491887334048
07-01-2026 12:50||NIFTY27JAN2624700PE,0.129176925724252
07-01-2026 12:50||NIFTY27JAN2625100PE,0.1092435052366941
07-01-2026 12:50||NIFTY27JAN2626300CE,0.0905206821160247
07-01-2026 12:55||NIFTY27JAN2623800PE,0.1789240068379195
07-01-2026 12:55||NIFTY27JAN2623900PE,0.1733310799711083
07-01-2026 12:55||NIFTY27JAN2625100PE,0.1093485845009945
07-01-2026 12:55||NIFTY27JAN2625200CE,0.1316445347598232
07-01-2026 12:55||NIFTY27JAN2625300CE,0.1273675985747075
07-01-2026 13:00||NIFTY27JAN2624000PE,0.1685644950359718
07-01-2026 13:00||NIFTY27JAN2624400PE,0.1458549973527913
07-01-2026 13:00||NIFTY27JAN2624600PE,0.1348737523488417
07-01-2026 13:00||NIFTY27JAN2625300CE,0.1291819052468342
07-01-2026 13:00||NIFTY27JAN2625800CE,0.1050849578075207
07-01-2026 13:05||NIFTY27JAN2623900PE,0.1741553783997879
07-01-2026 13:05||NIFTY27JAN2624700PE,0.1298437108106247
07-01-2026 13:05||NIFTY27JAN2625200CE,0.1224239233198512
07-01-2026 13:05||NIFTY27JAN2625400CE,0.1179401966394597
07-01-2026 13:05||NIFTY27JAN2626100CE,0.0935759091849093
07-01-2026 13:10||NIFTY27JAN2624400PE,0.1460005894051507
07-01-2026 13:10||NIFTY27JAN2624700PE,0.1302464137316866
07-01-2026 13:10||NIFTY27JAN2625400CE,0.1175330243622011
07-01-2026 13:10||NIFTY27JAN2625900CE,0.0976812929917806
07-01-2026 13:10||NIFTY27JAN2626400CE,0.0867130648191725
07-01-2026 13:15||NIFTY27JAN2624600PE,0.1349645525772503
07-01-2026 13:15||NIFTY27JAN2625400CE,0.119448675261166
07-01-2026 13:15||NIFTY27JAN2625500CE,0.1157214663413309
07-01-2026 13:15||NIFTY27JAN2625700CE,0.108213349839994
07-01-2026 13:15||NIFTY27JAN2625800CE,0.1041377651457064
07-01-2026 13:15||NIFTY27JAN2626400CE,0.0877972654974913
07-01-2026 13:20||NIFTY27JAN2624000PE,0.1675433020504502
07-01-2026 13:20||NIFTY27JAN2624500PE,0.1401559475327096
07-01-2026 13:20||NIFTY27JAN2624800PE,0.1245410106542665
07-01-2026 13:20||NIFTY27JAN2624900PE,0.1194314586111008
07-01-2026 13:20||NIFTY27JAN2625000PE,0.1143531128478895
07-01-2026 13:20||NIFTY27JAN2626300CE,0.0875222103060216
07-01-2026 13:25||NIFTY27JAN2624200PE,0.1555014922656646
07-01-2026 13:25||NIFTY27JAN2624600PE,0.1333367813747465
07-01-2026 13:25||NIFTY27JAN2624700PE,0.1280696915054574
07-01-2026 13:25||NIFTY27JAN2625100PE,0.1085904720834513
07-01-2026 13:25||NIFTY27JAN2626300CE,0.0912603739353305
07-01-2026 13:25||NIFTY27JAN2626400CE,0.0904450582662582
07-01-2026 13:25||NIFTY27JAN2626500CE,0.0897663290662993
07-01-2026 13:30||NIFTY27JAN2624000PE,0.1663206088847572
07-01-2026 13:30||NIFTY27JAN2624400PE,0.1441452518542906
07-01-2026 13:30||NIFTY27JAN2624600PE,0.1331557012111088
07-01-2026 13:30||NIFTY27JAN2624900PE,0.1175064185196359
07-01-2026 13:30||NIFTY27JAN2625300CE,0.1388334099630724
07-01-2026 13:30||NIFTY27JAN2625700CE,0.1095406827235693
07-01-2026 13:30||NIFTY27JAN2625800CE,0.1043944317932681
07-01-2026 13:30||NIFTY27JAN2626500CE,0.0883164144420902
07-01-2026 13:35||NIFTY27JAN2623900PE,0.1726006185316183
07-01-2026 13:35||NIFTY27JAN2624200PE,0.1555012020476747
07-01-2026 13:35||NIFTY27JAN2624300PE,0.1499133736376207
07-01-2026 13:35||NIFTY27JAN2625100PE,0.1073243486475157
07-01-2026 13:35||NIFTY27JAN2625200CE,0.1704290806152132
07-01-2026 13:35||NIFTY27JAN2625300CE,0.1492215641552787
07-01-2026 13:40||NIFTY27JAN2624300PE,0.1496979584232501
07-01-2026 13:40||NIFTY27JAN2625000PE,0.112548289472233
07-01-2026 13:40||NIFTY27JAN2625700CE,0.110214804130705
07-01-2026 13:40||NIFTY27JAN2626100CE,0.0945895216085701
07-01-2026 13:45||NIFTY27JAN2623900PE,0.1724372562960101
07-01-2026 13:45||NIFTY27JAN2624200PE,0.1549932238148905
07-01-2026 13:45||NIFTY27JAN2624600PE,0.1328190736074383
07-01-2026 13:45||NIFTY27JAN2625200CE,0.1439057731568178
07-01-2026 13:45||NIFTY27JAN2625400CE,0.1307996231655683
07-01-2026 13:50||NIFTY27JAN2623800PE,0.1785855434645527
07-01-2026 13:50||NIFTY27JAN2623900PE,0.1726999343149323
07-01-2026 13:50||NIFTY27JAN2624100PE,0.1612623136044794
07-01-2026 13:55||NIFTY27JAN2624400PE,0.1442778824233847
07-01-2026 13:55||NIFTY27JAN2625100PE,0.1082341835810302
07-01-2026 13:55||NIFTY27JAN2625300CE,0.1334547256237762
07-01-2026 13:55||NIFTY27JAN2625800CE,0.1070000063117157
07-01-2026 13:55||NIFTY27JAN2626400CE,0.0892931831292301
07-01-2026 14:00||NIFTY27JAN2623800PE,0.1776816423795853
07-01-2026 14:00||NIFTY27JAN2623900PE,0.1721762072677017
07-01-2026 14:00||NIFTY27JAN2625400CE,0.1203100408843248
07-01-2026 14:00||NIFTY27JAN2625500CE,0.1152274229981495
07-01-2026 14:00||NIFTY27JAN2625900CE,0.1013785279641479
07-01-2026 14:00||NIFTY27JAN2626200CE,0.0928004982493761
07-01-2026 14:05||NIFTY27JAN2624000PE,0.1671099679648711
07-01-2026 14:05||NIFTY27JAN2624200PE,0.1563241612881306
07-01-2026 14:05||NIFTY27JAN2624400PE,0.1452180979176404
07-01-2026 14:05||NIFTY27JAN2625900CE,0.0992851647399056
07-01-2026 14:05||NIFTY27JAN2626000CE,0.0962064561814176
07-01-2026 14:05||NIFTY27JAN2626300CE,0.0886745133426378
07-01-2026 14:10||NIFTY27JAN2623800PE,0.1771724013911995
07-01-2026 14:10||NIFTY27JAN2624000PE,0.1671730252870667
07-01-2026 14:10||NIFTY27JAN2624700PE,0.129688123460393
07-01-2026 14:10||NIFTY27JAN2626100CE,0.0914063299740141
07-01-2026 14:10||NIFTY27JAN2626200CE,0.0893574811689561
07-01-2026 14:10||NIFTY27JAN2626400CE,0.0861332793148401
07-01-2026 14:15||NIFTY27JAN2625200CE,0.1252338801064259
07-01-2026 14:15||NIFTY27JAN2625600CE,0.1067735563003797
07-01-2026 14:15||NIFTY27JAN2625900CE,0.0959962540818018
07-01-2026 14:15||NIFTY27JAN2626200CE,0.0891592686808587
07-01-2026 14:20||NIFTY27JAN2623800PE,0.1765408319510473
07-01-2026 14:20||NIFTY27JAN2624500PE,0.1395654595362093
07-01-2026 14:20||NIFTY27JAN2625400CE,0.1190589075487812
07-01-2026 14:20||NIFTY27JAN2625700CE,0.1050462458380336
07-01-2026 14:20||NIFTY27JAN2626300CE,0.0878479643304845
07-01-2026 14:25||NIFTY27JAN2623900PE,0.1725250883646791
07-01-2026 14:25||NIFTY27JAN2625400CE,0.1192197215849696
07-01-2026 14:25||NIFTY27JAN2625700CE,0.1065043195099155
07-01-2026 14:25||NIFTY27JAN2625900CE,0.0992485981593718
07-01-2026 14:25||NIFTY27JAN2626300CE,0.0891131509272109
07-01-2026 14:30||NIFTY27JAN2624800PE,0.1238829398816611
07-01-2026 14:30||NIFTY27JAN2625100PE,0.1101840227250599
07-01-2026 14:30||NIFTY27JAN2625300CE,0.1172751952556487
07-01-2026 14:30||NIFTY27JAN2626300CE,0.0862723797603088
07-01-2026 14:35||NIFTY27JAN2624000PE,0.1666866977298051
07-01-2026 14:35||NIFTY27JAN2624100PE,0.1616973636632713
07-01-2026 14:35||NIFTY27JAN2624400PE,0.1454544397797936
07-01-2026 14:35||NIFTY27JAN2624700PE,0.1290212679213771
07-01-2026 14:35||NIFTY27JAN2625000PE,0.1131487046634919
07-01-2026 14:35||NIFTY27JAN2626400CE,0.0892277955928496
07-01-2026 14:35||NIFTY27JAN2626500CE,0.088209058170832
07-01-2026 14:40||NIFTY27JAN2623800PE,0.1780296813030775
07-01-2026 14:40||NIFTY27JAN2624100PE,0.1631419559934125
07-01-2026 14:40||NIFTY27JAN2625100PE,0.1083523947266081
07-01-2026 14:40||NIFTY27JAN2625400CE,0.1207854326727228
07-01-2026 14:40||NIFTY27JAN2626200CE,0.091763247486268
07-01-2026 14:45||NIFTY27JAN2623800PE,0.1786023020414263
07-01-2026 14:45||NIFTY27JAN2624000PE,0.16885055639826
07-01-2026 14:45||NIFTY27JAN2624200PE,0.1579701372207945
07-01-2026 14:45||NIFTY27JAN2624500PE,0.1407507646110565
07-01-2026 14:45||NIFTY27JAN2624900PE,0.1194336454576058
07-01-2026 14:50||NIFTY27JAN2623900PE,0.1728641911534097
07-01-2026 14:50||NIFTY27JAN2624900PE,0.1183712524526877
07-01-2026 14:50||NIFTY27JAN2625600CE,0.1177761124129701
07-01-2026 14:50||NIFTY27JAN2626400CE,0.0903819117508653
07-01-2026 14:50||NIFTY27JAN2626500CE,0.0895902113552706
07-01-2026 14:55||NIFTY27JAN2624100PE,0.1639847291161511
07-01-2026 14:55||NIFTY27JAN2624300PE,0.1526910238923546
07-01-2026 14:55||NIFTY27JAN2624600PE,0.135517954086836
07-01-2026 14:55||NIFTY27JAN2625900CE,0.0978753880670447
07-01-2026 14:55||NIFTY27JAN2626300CE,0.0882987619250198
07-01-2026 15:00||NIFTY27JAN2623900PE,0.1743337479849486
07-01-2026 15:00||NIFTY27JAN2625100PE,0.1112039709070153
07-01-2026 15:00||NIFTY27JAN2625700CE,0.1012989520295125
07-01-2026 15:00||NIFTY27JAN2626000CE,0.0926297892518427
07-01-2026 15:00||NIFTY27JAN2626400CE,0.0857457597290241
07-01-2026 15:05||NIFTY27JAN2624200PE,0.1590121059222161
07-01-2026 15:05||NIFTY27JAN2624500PE,0.1418934348685172
07-01-2026 15:05||NIFTY27JAN2625400CE,0.1110892819261195
07-01-2026 15:05||NIFTY27JAN2626000CE,0.0923316660601468
07-01-2026 15:05||NIFTY27JAN2626400CE,0.0851983539093226
07-01-2026 15:10||NIFTY27JAN2623800PE,0.1796758278784303
07-01-2026 15:10||NIFTY27JAN2624000PE,0.1703125467133056
07-01-2026 15:10||NIFTY27JAN2624400PE,0.1488740000616437
07-01-2026 15:10||NIFTY27JAN2624500PE,0.1431939164039674
07-01-2026 15:10||NIFTY27JAN2626500CE,0.0824873107717375
07-01-2026 15:15||NIFTY27JAN2624200PE,0.1602012129169265
07-01-2026 15:15||NIFTY27JAN2624900PE,0.1218281751294787
07-01-2026 15:15||NIFTY27JAN2625100PE,0.1123321842333857
07-01-2026 15:15||NIFTY27JAN2625600CE,0.0961129342313686
07-01-2026 15:20||NIFTY27JAN2624100PE,0.1652112888479067
07-01-2026 15:20||NIFTY27JAN2625900CE,0.0919962042862192
07-01-2026 15:20||NIFTY27JAN2626300CE,0.0859469976528807
07-01-2026 15:25||NIFTY27JAN2624700PE,0.1314946811769658
07-01-2026 15:25||NIFTY27JAN2625500CE,0.1092102894591557
07-01-2026 15:25||NIFTY27JAN2626100CE,0.0900070431894404
07-01-2026 15:25||NIFTY27JAN2626400CE,0.0864859130889871
07-01-2026 15:25||NIFTY27JAN2626500CE,0.086016081645252
08-01-2026 09:15||NIFTY27JAN2624100PE,0.1615685517247223
08-01-2026 09:15||NIFTY27JAN2624300PE,0.153767586521777
08-01-2026 09:15||NIFTY27JAN2625100PE,0.1099132612237787
08-01-2026 09:15||NIFTY27JAN2625300CE,0.1281013480476706
08-01-2026 09:15||NIFTY27JAN2626300CE,0.0869479397958871
08-01-2026 09:20||NIFTY27JAN2623800PE,0.1834504925912801
08-01-2026 09:20||NIFTY27JAN2624100PE,0.163346606034222
08-01-2026 09:20||NIFTY27JAN2624800PE,0.1258087714400778
08-01-2026 09:20||NIFTY27JAN2624900PE,0.1206328233905507
08-01-2026 09:20||NIFTY27JAN2625300CE,0.1038756382290972
08-01-2026 09:20||NIFTY27JAN2625900CE,0.087544045932647
08-01-2026 09:20||NIFTY27JAN2626000CE,0.0860811048897586
08-01-2026 09:20||NIFTY27JAN2626400CE,0.0857398847678422
08-01-2026 09:20||NIFTY27JAN2626500CE,0.0854057319408343
08-01-2026 09:25||NIFTY27JAN2623900PE,0.1772115412982677
08-01-2026 09:25||NIFTY27JAN2624100PE,0.1635789250565109
08-01-2026 09:25||NIFTY27JAN2624200PE,0.1585083182428475
08-01-2026 09:25||NIFTY27JAN2625300CE,0.1102889201416341
08-01-2026 09:25||NIFTY27JAN2626200CE,0.0839549296710074
08-01-2026 09:25||NIFTY27JAN2626400CE,0.0830468349333582
08-01-2026 09:30||NIFTY27JAN2624100PE,0.1623809575034748
08-01-2026 09:30||NIFTY27JAN2624700PE,0.1287440877021327
08-01-2026 09:30||NIFTY27JAN2624800PE,0.1237869077240056
08-01-2026 09:30||NIFTY27JAN2624900PE,0.11874371890525
08-01-2026 09:30||NIFTY27JAN2625000PE,0.1136349861715102
08-01-2026 09:30||NIFTY27JAN2626200CE,0.0877007269516914
08-01-2026 09:30||NIFTY27JAN2626300CE,0.0868716020184492
08-01-2026 09:35||NIFTY27JAN2623900PE,0.1735171410116432
08-01-2026 09:35||NIFTY27JAN2624100PE,0.162575509596476
08-01-2026 09:35||NIFTY27JAN2624400PE,0.1452563076876096
08-01-2026 09:35||NIFTY27JAN2625300CE,0.1303060014433513
08-01-2026 09:35||NIFTY27JAN2625400CE,0.1241319005980522
08-01-2026 09:35||NIFTY27JAN2626100CE,0.0957039085079429
08-01-2026 09:35||NIFTY27JAN2626200CE,0.0933243008075494
08-01-2026 09:35||NIFTY27JAN2626500CE,0.0889659149861307
08-01-2026 09:40||NIFTY27JAN2623800PE,0.1819247092429911
08-01-2026 09:40||NIFTY27JAN2624800PE,0.1252330703412511
08-01-2026 09:40||NIFTY27JAN2624900PE,0.1199902318819506
08-01-2026 09:40||NIFTY27JAN2625000PE,0.1148427941873984
08-01-2026 09:40||NIFTY27JAN2625200CE,0.0868606814740854
08-01-2026 09:40||NIFTY27JAN2625700CE,0.0984564955600711
08-01-2026 09:40||NIFTY27JAN2626200CE,0.0859496991870413
08-01-2026 09:40||NIFTY27JAN2626400CE,0.0842136872243744
08-01-2026 09:45||NIFTY27JAN2624200PE,0.1590698400166156
08-01-2026 09:45||NIFTY27JAN2624600PE,0.1353290918695959
08-01-2026 09:45||NIFTY27JAN2625400CE,0.1027571502281349
08-01-2026 09:45||NIFTY27JAN2625900CE,0.0935976407711118
08-01-2026 09:45||NIFTY27JAN2626500CE,0.0871389096874806
08-01-2026 09:50||NIFTY27JAN2624400PE,0.1463649313308689
08-01-2026 09:50||NIFTY27JAN2625100PE,0.1100057594467279
08-01-2026 09:50||NIFTY27JAN2625500CE,0.1176585961750551
08-01-2026 09:50||NIFTY27JAN2625600CE,0.1130889728086177
08-01-2026 09:50||NIFTY27JAN2626400CE,0.0886891118260262
08-01-2026 09:55||NIFTY27JAN2624200PE,0.1602088583655439
08-01-2026 09:55||NIFTY27JAN2624600PE,0.1368978633470503
08-01-2026 09:55||NIFTY27JAN2625000PE,0.1169860623019661
08-01-2026 09:55||NIFTY27JAN2625100PE,0.1134077664589023
08-01-2026 09:55||NIFTY27JAN2625300CE,0.1149658929509679
08-01-2026 09:55||NIFTY27JAN2626000CE,0.0902328481698977
08-01-2026 09:55||NIFTY27JAN2626200CE,0.0871793903890152
08-01-2026 10:00||NIFTY27JAN2624600PE,0.1363714362609618
08-01-2026 10:00||NIFTY27JAN2625900CE,0.0884723378959769
08-01-2026 10:00||NIFTY27JAN2626100CE,0.0860275619094594
08-01-2026 10:00||NIFTY27JAN2626200CE,0.0848564328572662
08-01-2026 10:05||NIFTY27JAN2624800PE,0.124968883028245
08-01-2026 10:05||NIFTY27JAN2625500CE,0.1010208491798727
08-01-2026 10:05||NIFTY27JAN2625800CE,0.0910059075793096
08-01-2026 10:05||NIFTY27JAN2626000CE,0.0876844472613942
08-01-2026 10:05||NIFTY27JAN2626500CE,0.0840401763904925
08-01-2026 10:10||NIFTY27JAN2624100PE,0.1632709832306158
08-01-2026 10:10||NIFTY27JAN2625000PE,0.1129649165220317
08-01-2026 10:10||NIFTY27JAN2625100PE,0.1077072261715269
08-01-2026 10:10||NIFTY27JAN2625200CE,0.1658211692844844
08-01-2026 10:10||NIFTY27JAN2625600CE,0.1051057799709322
08-01-2026 10:10||NIFTY27JAN2625800CE,0.0991068742423
08-01-2026 10:10||NIFTY27JAN2626400CE,0.0861888944822782
08-01-2026 10:15||NIFTY27JAN2625100PE,0.1100527284432872
08-01-2026 10:15||NIFTY27JAN2625700CE,0.0930762750054576
08-01-2026 10:15||NIFTY27JAN2625800CE,0.0898559355799573
08-01-2026 10:15||NIFTY27JAN2626500CE,0.0845029472882288
08-01-2026 10:20||NIFTY27JAN2625200CE,0.1202278632812857
08-01-2026 10:20||NIFTY27JAN2626400CE,0.0863636833798845
08-01-2026 10:25||NIFTY27JAN2623900PE,0.174258558545285
08-01-2026 10:25||NIFTY27JAN2624000PE,0.1689053567878383
08-01-2026 10:25||NIFTY27JAN2624400PE,0.1455293065449515
08-01-2026 10:25||NIFTY27JAN2624800PE,0.1233697553682675
08-01-2026 10:25||NIFTY27JAN2625000PE,0.1135342305741611
08-01-2026 10:25||NIFTY27JAN2625100PE,0.1092474895278945
08-01-2026 10:25||NIFTY27JAN2625200CE,0.1257367372667034
08-01-2026 10:25||NIFTY27JAN2625500CE,0.1102833384657654
08-01-2026 10:25||NIFTY27JAN2625600CE,0.1061292347343137
08-01-2026 10:25||NIFTY27JAN2625700CE,0.102669653144686
08-01-2026 10:25||NIFTY27JAN2626100CE,0.0919956457857364
08-01-2026 10:25||NIFTY27JAN2626500CE,0.0868709318918185
08-01-2026 10:30||NIFTY27JAN2623800PE,0.1790370063344173
08-01-2026 10:30||NIFTY27JAN2624000PE,0.1689958338338093
08-01-2026 10:30||NIFTY27JAN2624400PE,0.1458473103244681
08-01-2026 10:30||NIFTY27JAN2624500PE,0.1401706331392796
08-01-2026 10:30||NIFTY27JAN2626000CE,0.0943088818079598
08-01-2026 10:30||NIFTY27JAN2626400CE,0.0879851904176684
08-01-2026 10:30||NIFTY27JAN2626500CE,0.0869469163245706
08-01-2026 10:35||NIFTY27JAN2624000PE,0.1697055891342327
08-01-2026 10:35||NIFTY27JAN2624200PE,0.1583309094448374
08-01-2026 10:35||NIFTY27JAN2625800CE,0.0946753732794618
08-01-2026 10:35||NIFTY27JAN2626300CE,0.0868602380587656
08-01-2026 10:35||NIFTY27JAN2626500CE,0.085632145389865
08-01-2026 10:40||NIFTY27JAN2624000PE,0.16772151726811
08-01-2026 10:40||NIFTY27JAN2624300PE,0.1507856499214103
08-01-2026 10:40||NIFTY27JAN2625000PE,0.1128590728859033
08-01-2026 10:40||NIFTY27JAN2625500CE,0.1140710487425818
08-01-2026 10:40||NIFTY27JAN2625900CE,0.0963418009198035
08-01-2026 10:40||NIFTY27JAN2626100CE,0.0916286370587533
08-01-2026 10:40||NIFTY27JAN2626300CE,0.0885500846478315
08-01-2026 10:40||NIFTY27JAN2626400CE,0.0872375914601681
08-01-2026 10:45||NIFTY27JAN2623900PE,0.1738238796444197
08-01-2026 10:45||NIFTY27JAN2624200PE,0.1571348742907224
08-01-2026 10:45||NIFTY27JAN2625200CE,0.1275003514299524
08-01-2026 10:45||NIFTY27JAN2625300CE,0.1213818576808525
08-01-2026 10:45||NIFTY27JAN2625600CE,0.1037411136279533
08-01-2026 10:45||NIFTY27JAN2626400CE,0.0878135503849619
08-01-2026 10:45||NIFTY27JAN2626500CE,0.0880075844469366
08-01-2026 10:50||NIFTY27JAN2623900PE,0.1733189092105402
08-01-2026 10:50||NIFTY27JAN2625500CE,0.1050153085819582
08-01-2026 10:50||NIFTY27JAN2625800CE,0.0951128369470534
08-01-2026 10:50||NIFTY27JAN2626100CE,0.0906104185162248
08-01-2026 10:50||NIFTY27JAN2626500CE,0.0867222846260778
08-01-2026 10:55||NIFTY27JAN2624000PE,0.1673136169207561
08-01-2026 10:55||NIFTY27JAN2624700PE,0.1286520084448427
08-01-2026 10:55||NIFTY27JAN2624800PE,0.1232189035229671
08-01-2026 10:55||NIFTY27JAN2625100PE,0.1091495548820189
08-01-2026 10:55||NIFTY27JAN2625400CE,0.1180956634594691
08-01-2026 10:55||NIFTY27JAN2625600CE,0.1045246026123617
08-01-2026 11:00||NIFTY27JAN2623800PE,0.1791503482665017
08-01-2026 11:00||NIFTY27JAN2623900PE,0.173465516701614
08-01-2026 11:00||NIFTY27JAN2624000PE,0.1677238777122644
08-01-2026 11:00||NIFTY27JAN2624300PE,0.1506519800237635
08-01-2026 11:00||NIFTY27JAN2624600PE,0.1342624449785763
08-01-2026 11:00||NIFTY27JAN2625000PE,0.1147713105980687
08-01-2026 11:00||NIFTY27JAN2625100PE,0.1103744801070402
08-01-2026 11:00||NIFTY27JAN2626200CE,0.0901208934306996
08-01-2026 11:00||NIFTY27JAN2626500CE,0.0872263063004422
08-01-2026 11:05||NIFTY27JAN2623800PE,0.1817446805549907
08-01-2026 11:05||NIFTY27JAN2624200PE,0.1555130525467943
08-01-2026 11:05||NIFTY27JAN2624400PE,0.1446506386051881
08-01-2026 11:05||NIFTY27JAN2624800PE,0.1241785444621418
08-01-2026 11:05||NIFTY27JAN2625400CE,0.1195538045513949
08-01-2026 11:05||NIFTY27JAN2626000CE,0.0940587712109052
08-01-2026 11:05||NIFTY27JAN2626200CE,0.0908969120999536
08-01-2026 11:05||NIFTY27JAN2626300CE,0.089525152808653
08-01-2026 11:10||NIFTY27JAN2624000PE,0.1671809298083204
08-01-2026 11:10||NIFTY27JAN2624200PE,0.1555922657512932
08-01-2026 11:10||NIFTY27JAN2624400PE,0.1450417174649278
08-01-2026 11:10||NIFTY27JAN2624600PE,0.1351726198540315
08-01-2026 11:10||NIFTY27JAN2624700PE,0.1302242131116919
08-01-2026 11:10||NIFTY27JAN2625200CE,0.1536463656712776
08-01-2026 11:10||NIFTY27JAN2625600CE,0.1028804326369809
08-01-2026 11:10||NIFTY27JAN2625900CE,0.0950843355652997
08-01-2026 11:10||NIFTY27JAN2626000CE,0.0930853138127661
08-01-2026 11:15||NIFTY27JAN2624100PE,0.1646443485892796
08-01-2026 11:15||NIFTY27JAN2624200PE,0.1587358275282251
08-01-2026 11:15||NIFTY27JAN2624900PE,0.1210825205102795
08-01-2026 11:15||NIFTY27JAN2625200CE,0.1424107066056455
08-01-2026 11:15||NIFTY27JAN2626200CE,0.0902436982080346
08-01-2026 11:15||NIFTY27JAN2626400CE,0.0881283312817026
08-01-2026 11:20||NIFTY27JAN2624300PE,0.1542600861945481
08-01-2026 11:20||NIFTY27JAN2625700CE,0.0958571266963077
08-01-2026 11:20||NIFTY27JAN2626400CE,0.0906236150772356
08-01-2026 11:20||NIFTY27JAN2626500CE,0.0902241448423069
08-01-2026 11:25||NIFTY27JAN2623800PE,0.1788602074071743
08-01-2026 11:25||NIFTY27JAN2624300PE,0.1538183633982617
08-01-2026 11:25||NIFTY27JAN2624400PE,0.1479427123043919
08-01-2026 11:25||NIFTY27JAN2624700PE,0.13086352125519
08-01-2026 11:25||NIFTY27JAN2625400CE,0.1265984257327022
08-01-2026 11:25||NIFTY27JAN2626200CE,0.0941322696653951
08-01-2026 11:30||NIFTY27JAN2623800PE,0.180238895704741
08-01-2026 11:30||NIFTY27JAN2624100PE,0.1650868369673682
08-01-2026 11:30||NIFTY27JAN2624200PE,0.1592549227748622
08-01-2026 11:30||NIFTY27JAN2625200CE,0.1690463043550751
08-01-2026 11:30||NIFTY27JAN2625400CE,0.1289897819904996
08-01-2026 11:30||NIFTY27JAN2625500CE,0.1184530655666922
08-01-2026 11:30||NIFTY27JAN2625800CE,0.1014154845003278
08-01-2026 11:30||NIFTY27JAN2626000CE,0.0966037279935672
08-01-2026 11:30||NIFTY27JAN2626100CE,0.094999559898123
08-01-2026 11:35||NIFTY27JAN2623800PE,0.1806379085633365
08-01-2026 11:35||NIFTY27JAN2624100PE,0.1642558992184055
08-01-2026 11:35||NIFTY27JAN2624400PE,0.1464669927998282
08-01-2026 11:35||NIFTY27JAN2624500PE,0.1408376095692972
08-01-2026 11:35||NIFTY27JAN2624700PE,0.1300102672796968
08-01-2026 11:35||NIFTY27JAN2624900PE,0.1196520649680869
08-01-2026 11:35||NIFTY27JAN2625200CE,0.1293715550999848
08-01-2026 11:35||NIFTY27JAN2625300CE,0.1252783142093373
08-01-2026 11:35||NIFTY27JAN2626500CE,0.0910227490970686
08-01-2026 11:40||NIFTY27JAN2624100PE,0.1652866813765144
08-01-2026 11:40||NIFTY27JAN2624200PE,0.1593527879881522
08-01-2026 11:40||NIFTY27JAN2624400PE,0.1472472878491395
08-01-2026 11:40||NIFTY27JAN2624900PE,0.1202517627811901
08-01-2026 11:40||NIFTY27JAN2625600CE,0.1039913467203148
08-01-2026 11:40||NIFTY27JAN2625800CE,0.0988305775735259
08-01-2026 11:45||NIFTY27JAN2624200PE,0.1583649120907904
08-01-2026 11:45||NIFTY27JAN2625500CE,0.109316712507326
08-01-2026 11:45||NIFTY27JAN2625900CE,0.0956436770970189
08-01-2026 11:45||NIFTY27JAN2626100CE,0.0923257044292445
08-01-2026 11:50||NIFTY27JAN2623800PE,0.1805758743144707
08-01-2026 11:50||NIFTY27JAN2625700CE,0.1056998192887591
08-01-2026 11:50||NIFTY27JAN2625800CE,0.1023951685333756
08-01-2026 11:50||NIFTY27JAN2626500CE,0.0895008839254559
08-01-2026 11:55||NIFTY27JAN2624200PE,0.1587256564923141
08-01-2026 11:55||NIFTY27JAN2624700PE,0.13118585334206
08-01-2026 11:55||NIFTY27JAN2625100PE,0.1131148139266302
08-01-2026 11:55||NIFTY27JAN2625400CE,0.1075289982350879
08-01-2026 11:55||NIFTY27JAN2625600CE,0.1002031779334825
08-01-2026 11:55||NIFTY27JAN2625800CE,0.0952862734587479
08-01-2026 12:00||NIFTY27JAN2624500PE,0.1415363610204408
08-01-2026 12:00||NIFTY27JAN2624700PE,0.1320318956899449
08-01-2026 12:00||NIFTY27JAN2625000PE,0.117576020761279
08-01-2026 12:00||NIFTY27JAN2625500CE,0.1056647265128654
08-01-2026 12:00||NIFTY27JAN2626300CE,0.0920059338904043
08-01-2026 12:05||NIFTY27JAN2624000PE,0.1702056302360832
08-01-2026 12:05||NIFTY27JAN2624200PE,0.1566963848519819
08-01-2026 12:05||NIFTY27JAN2624500PE,0.1386250135067429
08-01-2026 12:05||NIFTY27JAN2624900PE,0.1197286746290953
08-01-2026 12:05||NIFTY27JAN2625300CE,0.1362515850679165
08-01-2026 12:05||NIFTY27JAN2625800CE,0.109544996431663
08-01-2026 12:05||NIFTY27JAN2625900CE,0.1066179846036234
08-01-2026 12:05||NIFTY27JAN2626400CE,0.097565925214175
08-01-2026 12:10||NIFTY27JAN2624000PE,0.1703489515645583
08-01-2026 12:10||NIFTY27JAN2624400PE,0.1462318042061258
08-01-2026 12:15||NIFTY27JAN2624100PE,0.1666457283381794
08-01-2026 12:15||NIFTY27JAN2624400PE,0.1491879534830446
08-01-2026 12:15||NIFTY27JAN2625200CE,0.1279831794727482
08-01-2026 12:15||NIFTY27JAN2625400CE,0.117458035379465
08-01-2026 12:15||NIFTY27JAN2625500CE,0.1125636821706265
08-01-2026 12:15||NIFTY27JAN2625700CE,0.1047554358006482
08-01-2026 12:20||NIFTY27JAN2624800PE,0.1282885500371969
08-01-2026 12:20||NIFTY27JAN2625800CE,0.104562151632571
08-01-2026 12:20||NIFTY27JAN2626300CE,0.0953190728296841
08-01-2026 12:25||NIFTY27JAN2624100PE,0.168748172819398
08-01-2026 12:25||NIFTY27JAN2624400PE,0.1512191907864493
08-01-2026 12:25||NIFTY27JAN2624900PE,0.1228207206501551
08-01-2026 12:25||NIFTY27JAN2625700CE,0.1072310311940576
08-01-2026 12:25||NIFTY27JAN2626000CE,0.0993614442031097
08-01-2026 12:30||NIFTY27JAN2624200PE,0.1640323696700084
08-01-2026 12:30||NIFTY27JAN2624300PE,0.1579643910770768
08-01-2026 12:30||NIFTY27JAN2625100PE,0.1164440660396572
08-01-2026 12:30||NIFTY27JAN2625700CE,0.1026905275437083
08-01-2026 12:30||NIFTY27JAN2626000CE,0.0959253328174055
08-01-2026 12:35||NIFTY27JAN2624800PE,0.1267468532868756
08-01-2026 12:35||NIFTY27JAN2625000PE,0.1167910170443738
08-01-2026 12:35||NIFTY27JAN2625400CE,0.1273830613633644
08-01-2026 12:35||NIFTY27JAN2625500CE,0.1209621563429451
08-01-2026 12:35||NIFTY27JAN2625800CE,0.1072668149273095
08-01-2026 12:35||NIFTY27JAN2626100CE,0.0996856266139895
08-01-2026 12:35||NIFTY27JAN2626200CE,0.0978077533758564
08-01-2026 12:40||NIFTY27JAN2624100PE,0.1677379166389741
08-01-2026 12:40||NIFTY27JAN2624400PE,0.1504109761161209
08-01-2026 12:40||NIFTY27JAN2624800PE,0.1266107785346043
08-01-2026 12:40||NIFTY27JAN2625000PE,0.1167685917920346
08-01-2026 12:40||NIFTY27JAN2625200CE,0.1397836578108272
08-01-2026 12:40||NIFTY27JAN2626000CE,0.1011358140067702
08-01-2026 12:45||NIFTY27JAN2624400PE,0.1509473574923859
08-01-2026 12:45||NIFTY27JAN2624600PE,0.1389933540571919
08-01-2026 12:45||NIFTY27JAN2625000PE,0.117873055573097
08-01-2026 12:45||NIFTY27JAN2625300CE,0.1254099311978638
08-01-2026 12:45||NIFTY27JAN2625800CE,0.1036019712255508
08-01-2026 12:45||NIFTY27JAN2626200CE,0.0965660842689873
08-01-2026 12:45||NIFTY27JAN2626300CE,0.0952236631849023
08-01-2026 12:50||NIFTY27JAN2623800PE,0.1833887066330458
08-01-2026 12:50||NIFTY27JAN2624900PE,0.1216260457485874
08-01-2026 12:50||NIFTY27JAN2625600CE,0.1136926539510159
08-01-2026 12:50||NIFTY27JAN2626300CE,0.096776163754845
08-01-2026 12:50||NIFTY27JAN2626400CE,0.0957727568288975
08-01-2026 12:55||NIFTY27JAN2624200PE,0.1627190387416488
08-01-2026 12:55||NIFTY27JAN2624300PE,0.1564193975826038
08-01-2026 12:55||NIFTY27JAN2624400PE,0.1500215196028741
08-01-2026 12:55||NIFTY27JAN2626100CE,0.0989632958322156
08-01-2026 13:00||NIFTY27JAN2624200PE,0.1623793945875198
08-01-2026 13:00||NIFTY27JAN2624500PE,0.1436348060410024
08-01-2026 13:00||NIFTY27JAN2624600PE,0.1375251186375378
08-01-2026 13:00||NIFTY27JAN2624700PE,0.1318267741696175
08-01-2026 13:00||NIFTY27JAN2625000PE,0.1178881972723023
08-01-2026 13:00||NIFTY27JAN2625100PE,0.1151338891061581
08-01-2026 13:00||NIFTY27JAN2625400CE,0.1286557099712846
08-01-2026 13:00||NIFTY27JAN2625800CE,0.1084080601060321
08-01-2026 13:05||NIFTY27JAN2623800PE,0.1852421385325647
08-01-2026 13:05||NIFTY27JAN2624600PE,0.1388300861062215
08-01-2026 13:05||NIFTY27JAN2625700CE,0.1077204582758528
08-01-2026 13:05||NIFTY27JAN2625800CE,0.1042185163989269
08-01-2026 13:05||NIFTY27JAN2626000CE,0.0999863034958733
08-01-2026 13:05||NIFTY27JAN2626100CE,0.0982153347925487
08-01-2026 13:05||NIFTY27JAN2626200CE,0.0963996213912885
08-01-2026 13:05||NIFTY27JAN2626300CE,0.0948021736052259
08-01-2026 13:10||NIFTY27JAN2624100PE,0.1681615388902722
08-01-2026 13:10||NIFTY27JAN2624900PE,0.1210658689478682
08-01-2026 13:10||NIFTY27JAN2625400CE,0.1218440832047633
08-01-2026 13:10||NIFTY27JAN2625700CE,0.1084255792274146
08-01-2026 13:10||NIFTY27JAN2625800CE,0.1053814810649546
08-01-2026 13:10||NIFTY27JAN2626100CE,0.0990342842414038
08-01-2026 13:10||NIFTY27JAN2626200CE,0.0971982507184602
08-01-2026 13:15||NIFTY27JAN2624300PE,0.1575919818385923
08-01-2026 13:15||NIFTY27JAN2625000PE,0.1166773654276511
08-01-2026 13:15||NIFTY27JAN2625900CE,0.1007327676656411
08-01-2026 13:15||NIFTY27JAN2626300CE,0.0945153830085485
08-01-2026 13:20||NIFTY27JAN2623800PE,0.1847684537983677
08-01-2026 13:20||NIFTY27JAN2624000PE,0.1741541624188213
08-01-2026 13:20||NIFTY27JAN2624400PE,0.1507809931900297
08-01-2026 13:20||NIFTY27JAN2625000PE,0.1166450483221394
08-01-2026 13:20||NIFTY27JAN2625300CE,0.1302717580367862
08-01-2026 13:20||NIFTY27JAN2625400CE,0.1221977091511288
08-01-2026 13:20||NIFTY27JAN2626200CE,0.0959513524843486
08-01-2026 13:25||NIFTY27JAN2624600PE,0.1393874002851544
08-01-2026 13:25||NIFTY27JAN2624900PE,0.1231459229652212
08-01-2026 13:25||NIFTY27JAN2625400CE,0.109608148451728
08-01-2026 13:25||NIFTY27JAN2625500CE,0.1048766764585219
08-01-2026 13:25||NIFTY27JAN2625900CE,0.0977557754065866
08-01-2026 13:25||NIFTY27JAN2626000CE,0.0962707576087915
08-01-2026 13:25||NIFTY27JAN2626100CE,0.0950512902179165
08-01-2026 13:30||NIFTY27JAN2624300PE,0.1545907528469354
08-01-2026 13:30||NIFTY27JAN2624400PE,0.1483443138851663
08-01-2026 13:30||NIFTY27JAN2625600CE,0.1138955526672383
08-01-2026 13:30||NIFTY27JAN2625700CE,0.1105323402738455
08-01-2026 13:30||NIFTY27JAN2626100CE,0.1006485108766167
08-01-2026 13:30||NIFTY27JAN2626500CE,0.0969665452865087
08-01-2026 13:35||NIFTY27JAN2624600PE,0.1367937055169399
08-01-2026 13:35||NIFTY27JAN2624700PE,0.1309287561070019
08-01-2026 13:35||NIFTY27JAN2624800PE,0.125704563769477
08-01-2026 13:35||NIFTY27JAN2624900PE,0.1206105843315522
08-01-2026 13:40||NIFTY27JAN2624100PE,0.1668589728469055
08-01-2026 13:40||NIFTY27JAN2624800PE,0.1247562176988049
08-01-2026 13:40||NIFTY27JAN2624900PE,0.1195903086216177
08-01-2026 13:40||NIFTY27JAN2625300CE,0.1258829764511599
08-01-2026 13:40||NIFTY27JAN2625600CE,0.1127834286482173
08-01-2026 13:40||NIFTY27JAN2625700CE,0.1090671838728454
08-01-2026 13:40||NIFTY27JAN2626000CE,0.1007615165382517
08-01-2026 13:40||NIFTY27JAN2626200CE,0.097281928891594
08-01-2026 13:40||NIFTY27JAN2626300CE,0.0958192305570097
08-01-2026 13:45||NIFTY27JAN2624600PE,0.1363919940797655
08-01-2026 13:45||NIFTY27JAN2624700PE,0.1305318885896438
08-01-2026 13:45||NIFTY27JAN2625100PE,0.1106374041230033
08-01-2026 13:45||NIFTY27JAN2625600CE,0.1137951312528608
08-01-2026 13:45||NIFTY27JAN2625700CE,0.1104751210185433
08-01-2026 13:50||NIFTY27JAN2624600PE,0.1357116253555824
08-01-2026 13:50||NIFTY27JAN2625500CE,0.1180391070824059
08-01-2026 13:55||NIFTY27JAN2624200PE,0.1613769270001777
08-01-2026 13:55||NIFTY27JAN2624600PE,0.1359533229532477
08-01-2026 13:55||NIFTY27JAN2625000PE,0.1140866412813344
08-01-2026 13:55||NIFTY27JAN2625200CE,0.1320580640714569
08-01-2026 13:55||NIFTY27JAN2625700CE,0.1065142117723182
08-01-2026 14:00||NIFTY27JAN2623800PE,0.1856021086366595
08-01-2026 14:00||NIFTY27JAN2623900PE,0.1796638930077494
08-01-2026 14:00||NIFTY27JAN2625300CE,0.1107280949496619
08-01-2026 14:00||NIFTY27JAN2625400CE,0.1106336296422006
08-01-2026 14:00||NIFTY27JAN2625900CE,0.0980124641390115
08-01-2026 14:00||NIFTY27JAN2626000CE,0.0959712166045539
08-01-2026 14:00||NIFTY27JAN2626100CE,0.0943645313623025
08-01-2026 14:00||NIFTY27JAN2626200CE,0.0931966794417995
08-01-2026 14:00||NIFTY27JAN2626300CE,0.0920635174556553
08-01-2026 14:05||NIFTY27JAN2623900PE,0.178686821407576
08-01-2026 14:05||NIFTY27JAN2624500PE,0.1422285760161422
08-01-2026 14:05||NIFTY27JAN2625300CE,0.1139143319392322
08-01-2026 14:05||NIFTY27JAN2626000CE,0.0962602415338484
08-01-2026 14:05||NIFTY27JAN2626200CE,0.0932660228531208
08-01-2026 14:05||NIFTY27JAN2626300CE,0.0918576787080165
08-01-2026 14:05||NIFTY27JAN2626500CE,0.0900776271991199
08-01-2026 14:10||NIFTY27JAN2624800PE,0.1241761986384155
08-01-2026 14:10||NIFTY27JAN2625000PE,0.1139496786442146
08-01-2026 14:10||NIFTY27JAN2625200CE,0.1263470343524982
08-01-2026 14:10||NIFTY27JAN2625300CE,0.1237136260287335
08-01-2026 14:10||NIFTY27JAN2625700CE,0.1102102764976593
08-01-2026 14:15||NIFTY27JAN2623800PE,0.1836459686284341
08-01-2026 14:15||NIFTY27JAN2624200PE,0.1603763310933277
08-01-2026 14:15||NIFTY27JAN2624300PE,0.1540779764867212
08-01-2026 14:15||NIFTY27JAN2625000PE,0.1131400910698407
08-01-2026 14:15||NIFTY27JAN2625200CE,0.1257183256797369
08-01-2026 14:15||NIFTY27JAN2625600CE,0.1136733832182591
08-01-2026 14:15||NIFTY27JAN2626100CE,0.0967291343613735
08-01-2026 14:15||NIFTY27JAN2626400CE,0.0921170859947073
08-01-2026 14:20||NIFTY27JAN2624500PE,0.1412753143472107
08-01-2026 14:20||NIFTY27JAN2625000PE,0.1133644092289771
08-01-2026 14:20||NIFTY27JAN2625700CE,0.1035186975526923
08-01-2026 14:20||NIFTY27JAN2626400CE,0.089764319905606
08-01-2026 14:25||NIFTY27JAN2624600PE,0.1360206139179922
08-01-2026 14:25||NIFTY27JAN2624800PE,0.1245035789071713
08-01-2026 14:25||NIFTY27JAN2625200CE,0.132894842643106
08-01-2026 14:25||NIFTY27JAN2625600CE,0.107178411617591
08-01-2026 14:25||NIFTY27JAN2625900CE,0.0966287492910988
08-01-2026 14:25||NIFTY27JAN2626000CE,0.0950546533146524
08-01-2026 14:30||NIFTY27JAN2624500PE,0.14010317558187
08-01-2026 14:30||NIFTY27JAN2626200CE,0.0979538249568109
08-01-2026 14:30||NIFTY27JAN2626400CE,0.0950394290216254
08-01-2026 14:30||NIFTY27JAN2626500CE,0.0942167603934228
08-01-2026 14:35||NIFTY27JAN2624200PE,0.1600706801020307
08-01-2026 14:35||NIFTY27JAN2624800PE,0.1232622401993876
08-01-2026 14:35||NIFTY27JAN2625100PE,0.110906425201661
08-01-2026 14:35||NIFTY27JAN2626100CE,0.0949106423489262
08-01-2026 14:40||NIFTY27JAN2624200PE,0.1595453052001669
08-01-2026 14:40||NIFTY27JAN2624600PE,0.1348978253762448
08-01-2026 14:40||NIFTY27JAN2625000PE,0.1128960772374147
08-01-2026 14:40||NIFTY27JAN2625300CE,0.1202861275959785
08-01-2026 14:40||NIFTY27JAN2625400CE,0.1166086998271517
08-01-2026 14:40||NIFTY27JAN2625500CE,0.1125523486805703
08-01-2026 14:40||NIFTY27JAN2626200CE,0.0930286546205527
08-01-2026 14:40||NIFTY27JAN2626300CE,0.0914179837982807
08-01-2026 14:45||NIFTY27JAN2624000PE,0.1703312154579927
08-01-2026 14:45||NIFTY27JAN2624700PE,0.1285912211116003
08-01-2026 14:45||NIFTY27JAN2625000PE,0.1122473176748113
08-01-2026 14:45||NIFTY27JAN2625300CE,0.1224407181153282
08-01-2026 14:45||NIFTY27JAN2625700CE,0.1061219750593037
08-01-2026 14:50||NIFTY27JAN2624100PE,0.1654265049520287
08-01-2026 14:50||NIFTY27JAN2624300PE,0.153602180537353
08-01-2026 14:50||NIFTY27JAN2625100PE,0.1108115758131585
08-01-2026 14:50||NIFTY27JAN2625400CE,0.1133132069890355
08-01-2026 14:50||NIFTY27JAN2625500CE,0.1081486367977693
08-01-2026 14:50||NIFTY27JAN2626000CE,0.0931486714135189
08-01-2026 14:50||NIFTY27JAN2626200CE,0.0904492981925478
08-01-2026 14:55||NIFTY27JAN2626300CE,0.0908608026054223
08-01-2026 15:00||NIFTY27JAN2623900PE,0.1745752375565233
08-01-2026 15:00||NIFTY27JAN2624000PE,0.1686804000221327
08-01-2026 15:00||NIFTY27JAN2624900PE,0.1174087236113395
08-01-2026 15:00||NIFTY27JAN2625100PE,0.1092740831072243
08-01-2026 15:00||NIFTY27JAN2625200CE,0.1466766507829261
08-01-2026 15:00||NIFTY27JAN2625600CE,0.096760550654034
08-01-2026 15:00||NIFTY27JAN2625700CE,0.0948206329619601
08-01-2026 15:00||NIFTY27JAN2626300CE,0.088806696769829
08-01-2026 15:00||NIFTY27JAN2626400CE,0.0883305840587449
08-01-2026 15:05||NIFTY27JAN2624400PE,0.1426130206009516
08-01-2026 15:05||NIFTY27JAN2624800PE,0.1195763947343817
08-01-2026 15:05||NIFTY27JAN2624900PE,0.1145624868054714
08-01-2026 15:05||NIFTY27JAN2626000CE,0.0976773677962098
08-01-2026 15:05||NIFTY27JAN2626100CE,0.0953352740298818
08-01-2026 15:05||NIFTY27JAN2626200CE,0.0942892427649308
08-01-2026 15:10||NIFTY27JAN2624000PE,0.1669104659182349
08-01-2026 15:10||NIFTY27JAN2624200PE,0.155222717673974
08-01-2026 15:10||NIFTY27JAN2624600PE,0.1312908846470598
08-01-2026 15:10||NIFTY27JAN2625100PE,0.1068598044458058
08-01-2026 15:10||NIFTY27JAN2625700CE,0.1041303895720016
08-01-2026 15:10||NIFTY27JAN2626100CE,0.0939292847387342
08-01-2026 15:10||NIFTY27JAN2626300CE,0.092253011128991
08-01-2026 15:10||NIFTY27JAN2626500CE,0.0901074660745689
08-01-2026 15:15||NIFTY27JAN2624800PE,0.1200176699043843
08-01-2026 15:15||NIFTY27JAN2625100PE,0.1076217111979102
08-01-2026 15:15||NIFTY27JAN2625500CE,0.109601731078821
08-01-2026 15:15||NIFTY27JAN2626100CE,0.0933062939958381
08-01-2026 15:20||NIFTY27JAN2624000PE,0.1673082709108671
08-01-2026 15:20||NIFTY27JAN2624500PE,0.1369455674883752
08-01-2026 15:20||NIFTY27JAN2624800PE,0.1203050407330666
08-01-2026 15:20||NIFTY27JAN2625000PE,0.1108932626443766
08-01-2026 15:20||NIFTY27JAN2625600CE,0.1038524205491124
08-01-2026 15:20||NIFTY27JAN2626100CE,0.0929486739502843
08-01-2026 15:20||NIFTY27JAN2626400CE,0.0898470545069875
08-01-2026 15:20||NIFTY27JAN2626500CE,0.0892162810945316
08-01-2026 15:25||NIFTY27JAN2623800PE,0.1806771009923274
08-01-2026 15:25||NIFTY27JAN2624100PE,0.1596315384538893
08-01-2026 15:25||NIFTY27JAN2624300PE,0.1489187527797658
08-01-2026 15:25||NIFTY27JAN2624600PE,0.1321920853226632
08-01-2026 15:25||NIFTY27JAN2625100PE,0.1078140662537195
08-01-2026 15:25||NIFTY27JAN2625800CE,0.0955609452497889
08-01-2026 15:25||NIFTY27JAN2626100CE,0.0934749849075684
09-01-2026 09:15||NIFTY27JAN2624400PE,0.1451860933272409
09-01-2026 09:15||NIFTY27JAN2625000PE,0.1113233978571845
09-01-2026 09:15||NIFTY27JAN2625400CE,0.1211538877531668
09-01-2026 09:15||NIFTY27JAN2625500CE,0.1159685328666997
09-01-2026 09:15||NIFTY27JAN2625800CE,0.1054210680425302
09-01-2026 09:15||NIFTY27JAN2626300CE,0.0932748722355349
09-01-2026 09:20||NIFTY27JAN2624100PE,0.1641048411220159
09-01-2026 09:20||NIFTY27JAN2624200PE,0.1581566013151297
09-01-2026 09:20||NIFTY27JAN2624800PE,0.1243031384476592
09-01-2026 09:20||NIFTY27JAN2625000PE,0.1149347889066791
09-01-2026 09:20||NIFTY27JAN2625300CE,0.112074566062988
09-01-2026 09:25||NIFTY27JAN2624100PE,0.1603348975887099
09-01-2026 09:25||NIFTY27JAN2625000PE,0.1117603757079302
09-01-2026 09:25||NIFTY27JAN2625400CE,0.1182952534578075
09-01-2026 09:25||NIFTY27JAN2626100CE,0.0934740890568631
09-01-2026 09:30||NIFTY27JAN2624300PE,0.1486528439778051
09-01-2026 09:30||NIFTY27JAN2624500PE,0.1372007465984327
09-01-2026 09:30||NIFTY27JAN2624600PE,0.131649526807057
09-01-2026 09:30||NIFTY27JAN2625300CE,0.1150964592266505
09-01-2026 09:30||NIFTY27JAN2625400CE,0.1119861518935035
09-01-2026 09:30||NIFTY27JAN2626100CE,0.0929759028036212
09-01-2026 09:30||NIFTY27JAN2626400CE,0.0905008340575519
09-01-2026 09:35||NIFTY27JAN2624800PE,0.1195269735976553
09-01-2026 09:35||NIFTY27JAN2626000CE,0.0979620159963543
09-01-2026 09:35||NIFTY27JAN2626200CE,0.0944305989031013
09-01-2026 09:40||NIFTY27JAN2625500CE,0.1399838103662926
09-01-2026 09:40||NIFTY27JAN2625600CE,0.1328944202380984
09-01-2026 09:40||NIFTY27JAN2625700CE,0.1261489806425055
09-01-2026 09:40||NIFTY27JAN2625900CE,0.1142465289960301
09-01-2026 09:45||NIFTY27JAN2624000PE,0.1649869586752279
09-01-2026 09:45||NIFTY27JAN2624300PE,0.147395914811016
09-01-2026 09:45||NIFTY27JAN2624400PE,0.1412269190260724
09-01-2026 09:45||NIFTY27JAN2624700PE,0.1236979089124409
09-01-2026 09:45||NIFTY27JAN2624900PE,0.1133727349955653
09-01-2026 09:45||NIFTY27JAN2625600CE,0.1267793368373227
09-01-2026 09:45||NIFTY27JAN2625900CE,0.1081366011245147
09-01-2026 09:50||NIFTY27JAN2624100PE,0.1597852377509012
09-01-2026 09:50||NIFTY27JAN2624400PE,0.1421508853096303
09-01-2026 09:50||NIFTY27JAN2624600PE,0.1303266511140981
09-01-2026 09:50||NIFTY27JAN2624700PE,0.1246835874256256
09-01-2026 09:50||NIFTY27JAN2624900PE,0.1144588358435158
09-01-2026 09:50||NIFTY27JAN2625300CE,0.1381402227251547
09-01-2026 09:50||NIFTY27JAN2625600CE,0.1186871418898471
09-01-2026 09:50||NIFTY27JAN2626000CE,0.1026934979917391
09-01-2026 09:50||NIFTY27JAN2626100CE,0.0998438487753378
09-01-2026 09:50||NIFTY27JAN2626400CE,0.0946788207500911
09-01-2026 09:55||NIFTY27JAN2623800PE,0.1775832137207609
09-01-2026 09:55||NIFTY27JAN2624800PE,0.1200984628620223
09-01-2026 09:55||NIFTY27JAN2624900PE,0.1150538215944922
09-01-2026 09:55||NIFTY27JAN2625000PE,0.1107083096508147
09-01-2026 09:55||NIFTY27JAN2625200CE,0.1365446459688303
09-01-2026 10:00||NIFTY27JAN2624100PE,0.1619980746495925
09-01-2026 10:00||NIFTY27JAN2624300PE,0.1499757980499771
09-01-2026 10:00||NIFTY27JAN2625100PE,0.1085404119522675
09-01-2026 10:00||NIFTY27JAN2625500CE,0.1055549592960858
09-01-2026 10:00||NIFTY27JAN2626100CE,0.0928561291069164
09-01-2026 10:05||NIFTY27JAN2624500PE,0.1362319442215449
09-01-2026 10:05||NIFTY27JAN2624800PE,0.1196325052284729
09-01-2026 10:05||NIFTY27JAN2625600CE,0.1203912936117713
09-01-2026 10:05||NIFTY27JAN2626100CE,0.0984821953032868
09-01-2026 10:10||NIFTY27JAN2624400PE,0.1432102811553845
09-01-2026 10:10||NIFTY27JAN2626300CE,0.091295640105019
09-01-2026 10:10||NIFTY27JAN2626400CE,0.0905761589866144
09-01-2026 10:15||NIFTY27JAN2625100PE,0.1074589625537378
09-01-2026 10:15||NIFTY27JAN2625600CE,0.1083110612100782
09-01-2026 10:15||NIFTY27JAN2626200CE,0.0921166320964741
09-01-2026 10:15||NIFTY27JAN2626300CE,0.0911856196657217
09-01-2026 10:20||NIFTY27JAN2623900PE,0.1733854736887434
09-01-2026 10:20||NIFTY27JAN2624000PE,0.1673336334169118
09-01-2026 10:20||NIFTY27JAN2625200CE,0.1444481376836175
09-01-2026 10:20||NIFTY27JAN2625700CE,0.1127111955794459
09-01-2026 10:25||NIFTY27JAN2624200PE,0.155123105885098
09-01-2026 10:25||NIFTY27JAN2625000PE,0.109609000592091
09-01-2026 10:25||NIFTY27JAN2625600CE,0.1201940626744642
09-01-2026 10:25||NIFTY27JAN2626200CE,0.0967602349400023
09-01-2026 10:25||NIFTY27JAN2626500CE,0.0925042735717666
09-01-2026 10:30||NIFTY27JAN2624300PE,0.150161537464548
09-01-2026 10:30||NIFTY27JAN2624900PE,0.1166726573385542
09-01-2026 10:35||NIFTY27JAN2624300PE,0.1489102274498464
09-01-2026 10:35||NIFTY27JAN2624800PE,0.1200813062820318
09-01-2026 10:35||NIFTY27JAN2626300CE,0.0914366925015142
09-01-2026 10:40||NIFTY27JAN2624000PE,0.1663737370948454
09-01-2026 10:40||NIFTY27JAN2624700PE,0.1247716262752558
09-01-2026 10:40||NIFTY27JAN2625000PE,0.1095652487903225
09-01-2026 10:40||NIFTY27JAN2625500CE,0.1160860119333198
09-01-2026 10:40||NIFTY27JAN2626000CE,0.0972593092252172
09-01-2026 10:40||NIFTY27JAN2626100CE,0.0953524316840004
09-01-2026 10:40||NIFTY27JAN2626400CE,0.0920490237108924
09-01-2026 10:40||NIFTY27JAN2626500CE,0.091722013273258
09-01-2026 10:45||NIFTY27JAN2624400PE,0.1424868155903626
09-01-2026 10:45||NIFTY27JAN2625000PE,0.1096628000371397
09-01-2026 10:45||NIFTY27JAN2625200CE,0.1336357030994944
09-01-2026 10:45||NIFTY27JAN2625400CE,0.119840304242295
09-01-2026 10:45||NIFTY27JAN2625500CE,0.1136611342235858
09-01-2026 10:45||NIFTY27JAN2626300CE,0.0907090622962399
09-01-2026 10:50||NIFTY27JAN2624100PE,0.1608974278106136
09-01-2026 10:50||NIFTY27JAN2625800CE,0.0951292248934045
09-01-2026 10:50||NIFTY27JAN2625900CE,0.0929773304712206
09-01-2026 10:50||NIFTY27JAN2626000CE,0.091376914602422
09-01-2026 10:50||NIFTY27JAN2626400CE,0.090987636461943
09-01-2026 10:50||NIFTY27JAN2626500CE,0.0926869614461396
09-01-2026 10:55||NIFTY27JAN2623800PE,0.1761534950896199
09-01-2026 10:55||NIFTY27JAN2624700PE,0.1242204435300641
09-01-2026 10:55||NIFTY27JAN2624900PE,0.1143638095955677
09-01-2026 10:55||NIFTY27JAN2626300CE,0.0912344216149564
09-01-2026 11:00||NIFTY27JAN2624900PE,0.112687558208791
09-01-2026 11:00||NIFTY27JAN2625000PE,0.1081083588221321
09-01-2026 11:00||NIFTY27JAN2625200CE,0.1907768648976583
09-01-2026 11:00||NIFTY27JAN2625700CE,0.0998052882384289
09-01-2026 11:00||NIFTY27JAN2625800CE,0.0975173772497918
09-01-2026 11:05||NIFTY27JAN2624000PE,0.1639457862946798
09-01-2026 11:05||NIFTY27JAN2624400PE,0.1391813426746495
09-01-2026 11:05||NIFTY27JAN2625100PE,0.1053540909622559
09-01-2026 11:05||NIFTY27JAN2625300CE,0.1252825695315644
09-01-2026 11:05||NIFTY27JAN2625500CE,0.1132709051321235
09-01-2026 11:05||NIFTY27JAN2625700CE,0.1047228608550034
09-01-2026 11:10||NIFTY27JAN2623900PE,0.1703279505005164
09-01-2026 11:10||NIFTY27JAN2624700PE,0.1234329255418666
09-01-2026 11:10||NIFTY27JAN2625100PE,0.1065979663234173
09-01-2026 11:10||NIFTY27JAN2625200CE,0.1207456411406661
09-01-2026 11:10||NIFTY27JAN2625500CE,0.1060972686978895
09-01-2026 11:10||NIFTY27JAN2625800CE,0.095330714425158
09-01-2026 11:15||NIFTY27JAN2624200PE,0.1520048970120117
09-01-2026 11:15||NIFTY27JAN2624600PE,0.1283135912701511
09-01-2026 11:15||NIFTY27JAN2625700CE,0.1016607862972152
09-01-2026 11:15||NIFTY27JAN2626400CE,0.0916178118322855
09-01-2026 11:20||NIFTY27JAN2625200CE,0.1327260315969153
09-01-2026 11:20||NIFTY27JAN2625500CE,0.1101033224532073
09-01-2026 11:25||NIFTY27JAN2624600PE,0.1275207600091884
09-01-2026 11:25||NIFTY27JAN2625100PE,0.1044261684661055
09-01-2026 11:25||NIFTY27JAN2625600CE,0.1088485665248796
09-01-2026 11:30||NIFTY27JAN2624000PE,0.1630865258101628
09-01-2026 11:30||NIFTY27JAN2624100PE,0.1575054365197115
09-01-2026 11:30||NIFTY27JAN2624500PE,0.1342416878498479
09-01-2026 11:30||NIFTY27JAN2624600PE,0.1284898344831191
09-01-2026 11:30||NIFTY27JAN2624900PE,0.1129054218094429
09-01-2026 11:30||NIFTY27JAN2625000PE,0.108408387363277
09-01-2026 11:30||NIFTY27JAN2625300CE,0.1210340956113558
09-01-2026 11:30||NIFTY27JAN2626200CE,0.0901002937251616
09-01-2026 11:35||NIFTY27JAN2624100PE,0.1577085747610835
09-01-2026 11:35||NIFTY27JAN2624600PE,0.1278719523999857
09-01-2026 11:35||NIFTY27JAN2625200CE,0.1217985356709166
09-01-2026 11:35||NIFTY27JAN2625300CE,0.1170527902287338
09-01-2026 11:35||NIFTY27JAN2625700CE,0.1009550222776099
09-01-2026 11:35||NIFTY27JAN2625800CE,0.0981360325361848
09-01-2026 11:40||NIFTY27JAN2624600PE,0.1275851375517377
09-01-2026 11:40||NIFTY27JAN2624700PE,0.1224609664777777
09-01-2026 11:40||NIFTY27JAN2625000PE,0.1084911421133085
09-01-2026 11:40||NIFTY27JAN2625300CE,0.1181518326710146
09-01-2026 11:40||NIFTY27JAN2625800CE,0.0980650231971553
09-01-2026 11:40||NIFTY27JAN2625900CE,0.0960383099234865
09-01-2026 11:45||NIFTY27JAN2625900CE,0.0967736656477274
09-01-2026 11:45||NIFTY27JAN2626000CE,0.0951461668669138
09-01-2026 11:45||NIFTY27JAN2626200CE,0.0932063337332756
09-01-2026 11:45||NIFTY27JAN2626500CE,0.0924592641821216
09-01-2026 11:50||NIFTY27JAN2625000PE,0.108461216907027
09-01-2026 11:50||NIFTY27JAN2625200CE,0.1191878600180006
09-01-2026 11:50||NIFTY27JAN2625400CE,0.1126299972803579
09-01-2026 11:50||NIFTY27JAN2625500CE,0.1093425784364912
09-01-2026 11:50||NIFTY27JAN2626000CE,0.0965152030378134
09-01-2026 11:50||NIFTY27JAN2626500CE,0.0936818995763171
09-01-2026 11:55||NIFTY27JAN2624200PE,0.1518937257022463
09-01-2026 11:55||NIFTY27JAN2624300PE,0.1451203774142963
09-01-2026 11:55||NIFTY27JAN2624500PE,0.1327736474736932
09-01-2026 11:55||NIFTY27JAN2624900PE,0.1134073266664541
09-01-2026 11:55||NIFTY27JAN2625400CE,0.1145705971887569
09-01-2026 11:55||NIFTY27JAN2625600CE,0.1060637208761884
09-01-2026 11:55||NIFTY27JAN2625800CE,0.1001082269075939
09-01-2026 11:55||NIFTY27JAN2626300CE,0.093590687104688
09-01-2026 12:00||NIFTY27JAN2623800PE,0.174359288442204
09-01-2026 12:00||NIFTY27JAN2624400PE,0.1382746681516756
09-01-2026 12:00||NIFTY27JAN2624800PE,0.1154644196273728
09-01-2026 12:00||NIFTY27JAN2625600CE,0.1106299674980647
09-01-2026 12:00||NIFTY27JAN2625800CE,0.1036928735308443
09-01-2026 12:00||NIFTY27JAN2626300CE,0.0949558511360363
09-01-2026 12:05||NIFTY27JAN2624600PE,0.1277911478128583
09-01-2026 12:05||NIFTY27JAN2625500CE,0.109517008390399
09-01-2026 12:05||NIFTY27JAN2626000CE,0.0954531820290938
09-01-2026 12:05||NIFTY27JAN2626500CE,0.0929277448866287
09-01-2026 12:10||NIFTY27JAN2624200PE,0.1522610980618686
09-01-2026 12:10||NIFTY27JAN2624300PE,0.1459047828460003
09-01-2026 12:10||NIFTY27JAN2625500CE,0.1063730930450284
09-01-2026 12:10||NIFTY27JAN2625900CE,0.0961444902423648
09-01-2026 12:10||NIFTY27JAN2626300CE,0.0931753469248927
09-01-2026 12:15||NIFTY27JAN2623800PE,0.1757633194839123
09-01-2026 12:15||NIFTY27JAN2624100PE,0.156984961233174
09-01-2026 12:15||NIFTY27JAN2624200PE,0.1504253015780609
09-01-2026 12:15||NIFTY27JAN2624300PE,0.1439613124721678
09-01-2026 12:15||NIFTY27JAN2625400CE,0.108202015432038
09-01-2026 12:15||NIFTY27JAN2625500CE,0.1050834775893584
09-01-2026 12:15||NIFTY27JAN2625800CE,0.0992144962818857
09-01-2026 12:15||NIFTY27JAN2625900CE,0.0972299462685114
09-01-2026 12:15||NIFTY27JAN2626200CE,0.0944579440171452
09-01-2026 12:15||NIFTY27JAN2626300CE,0.0938123664370181
09-01-2026 12:15||NIFTY27JAN2626400CE,0.0932514565527022
09-01-2026 12:15||NIFTY27JAN2626500CE,0.092815951720614
09-01-2026 12:20||NIFTY27JAN2624000PE,0.1628271922605516
09-01-2026 12:20||NIFTY27JAN2624700PE,0.1209073078018557
09-01-2026 12:20||NIFTY27JAN2624800PE,0.1160490966152585
09-01-2026 12:20||NIFTY27JAN2625000PE,0.1073763033316894
09-01-2026 12:25||NIFTY27JAN2624200PE,0.1506338637072443
09-01-2026 12:25||NIFTY27JAN2624400PE,0.1384111365733536
09-01-2026 12:25||NIFTY27JAN2624600PE,0.1269426778725975
09-01-2026 12:25||NIFTY27JAN2625000PE,0.1085611932073116
09-01-2026 12:30||NIFTY27JAN2623800PE,0.1706996334137815
09-01-2026 12:30||NIFTY27JAN2624400PE,0.138100679038347
09-01-2026 12:30||NIFTY27JAN2624900PE,0.1121290395526118
09-01-2026 12:30||NIFTY27JAN2626400CE,0.0946205088141678
09-01-2026 12:35||NIFTY27JAN2624100PE,0.1588298165682556
09-01-2026 12:35||NIFTY27JAN2624300PE,0.1463577215272891
09-01-2026 12:35||NIFTY27JAN2624700PE,0.123984616360426
09-01-2026 12:35||NIFTY27JAN2624900PE,0.1154194978817935
09-01-2026 12:35||NIFTY27JAN2625700CE,0.0976252045345052
09-01-2026 12:35||NIFTY27JAN2626400CE,0.095931131073444
09-01-2026 12:40||NIFTY27JAN2624100PE,0.158500392005254
09-01-2026 12:40||NIFTY27JAN2625800CE,0.0988130134301054
09-01-2026 12:40||NIFTY27JAN2626100CE,0.0958564760737745
09-01-2026 12:45||NIFTY27JAN2623900PE,0.1705523974521426
09-01-2026 12:45||NIFTY27JAN2624100PE,0.1584942335996232
09-01-2026 12:45||NIFTY27JAN2624200PE,0.151968050200273
09-01-2026 12:45||NIFTY27JAN2625100PE,0.1080046221803339
09-01-2026 12:45||NIFTY27JAN2625300CE,0.1061855131638493
09-01-2026 12:45||NIFTY27JAN2625800CE,0.0971564177289321
09-01-2026 12:45||NIFTY27JAN2625900CE,0.0960893309926667
09-01-2026 12:45||NIFTY27JAN2626000CE,0.0954473254514981
09-01-2026 12:45||NIFTY27JAN2626400CE,0.0983022094818029
09-01-2026 12:50||NIFTY27JAN2623800PE,0.1780275760777225
09-01-2026 12:50||NIFTY27JAN2624100PE,0.1559497809471824
09-01-2026 12:50||NIFTY27JAN2625300CE,0.1209835690159124
09-01-2026 12:50||NIFTY27JAN2625500CE,0.1106504377458044
09-01-2026 12:50||NIFTY27JAN2626200CE,0.097726690120312
09-01-2026 12:55||NIFTY27JAN2624100PE,0.1582218988825919
09-01-2026 12:55||NIFTY27JAN2624500PE,0.1326604974512043
09-01-2026 12:55||NIFTY27JAN2624800PE,0.1171769128303849
09-01-2026 12:55||NIFTY27JAN2625600CE,0.1041360891503592
09-01-2026 12:55||NIFTY27JAN2625700CE,0.1016357991555818
09-01-2026 13:00||NIFTY27JAN2624200PE,0.1513702045960614
09-01-2026 13:00||NIFTY27JAN2624900PE,0.113455834784535
09-01-2026 13:00||NIFTY27JAN2625200CE,0.1164608326980265
09-01-2026 13:00||NIFTY27JAN2625600CE,0.1040467299019295
09-01-2026 13:00||NIFTY27JAN2625800CE,0.0995150537313426
09-01-2026 13:00||NIFTY27JAN2626400CE,0.0980059583372157
09-01-2026 13:05||NIFTY27JAN2623900PE,0.1703018286713204
09-01-2026 13:05||NIFTY27JAN2624100PE,0.1583515410699598
09-01-2026 13:05||NIFTY27JAN2624300PE,0.1455169954105908
09-01-2026 13:05||NIFTY27JAN2624400PE,0.1391521750621734
09-01-2026 13:05||NIFTY27JAN2624700PE,0.1213230678389448
09-01-2026 13:05||NIFTY27JAN2624800PE,0.1161627901717734
09-01-2026 13:05||NIFTY27JAN2624900PE,0.1115415100894636
09-01-2026 13:05||NIFTY27JAN2625000PE,0.1077319863827576
09-01-2026 13:05||NIFTY27JAN2626000CE,0.0978836371394656
09-01-2026 13:05||NIFTY27JAN2626400CE,0.0988991318068788
09-01-2026 13:05||NIFTY27JAN2626500CE,0.1004650026458683
09-01-2026 13:10||NIFTY27JAN2624000PE,0.1639543659438548
09-01-2026 13:10||NIFTY27JAN2624100PE,0.1579179010425801
09-01-2026 13:10||NIFTY27JAN2624300PE,0.1455704739043823
09-01-2026 13:10||NIFTY27JAN2625200CE,0.1221401851428897
09-01-2026 13:10||NIFTY27JAN2625900CE,0.0991817981420616
09-01-2026 13:10||NIFTY27JAN2626100CE,0.097237725736809
09-01-2026 13:10||NIFTY27JAN2626400CE,0.0985537719850052
09-01-2026 13:15||NIFTY27JAN2624100PE,0.1579572912793869
09-01-2026 13:15||NIFTY27JAN2624400PE,0.1389344061765497
09-01-2026 13:15||NIFTY27JAN2625000PE,0.1085399124336208
09-01-2026 13:15||NIFTY27JAN2625300CE,0.1162371752336078
09-01-2026 13:15||NIFTY27JAN2625700CE,0.1035467169272344
09-01-2026 13:15||NIFTY27JAN2625800CE,0.1014445964407947
09-01-2026 13:15||NIFTY27JAN2625900CE,0.0997687600501565
09-01-2026 13:15||NIFTY27JAN2626100CE,0.0976410835322286
09-01-2026 13:15||NIFTY27JAN2626200CE,0.0973045976443123
09-01-2026 13:20||NIFTY27JAN2624100PE,0.1580113860160313
09-01-2026 13:20||NIFTY27JAN2625000PE,0.108570996604823
09-01-2026 13:20||NIFTY27JAN2625200CE,0.1201970197705439
09-01-2026 13:20||NIFTY27JAN2625600CE,0.1036425246404866
09-01-2026 13:25||NIFTY27JAN2624500PE,0.1333092709643233
09-01-2026 13:25||NIFTY27JAN2625100PE,0.1065060141034004
09-01-2026 13:25||NIFTY27JAN2625300CE,0.1166451661790505
09-01-2026 13:25||NIFTY27JAN2626200CE,0.0968192069178714
09-01-2026 13:30||NIFTY27JAN2624300PE,0.1461973856048549
09-01-2026 13:30||NIFTY27JAN2624900PE,0.1146803520232605
09-01-2026 13:30||NIFTY27JAN2625900CE,0.0959763773757939
09-01-2026 13:30||NIFTY27JAN2626400CE,0.0972173428905814
09-01-2026 13:35||NIFTY27JAN2623900PE,0.1692545075092597
09-01-2026 13:35||NIFTY27JAN2624100PE,0.157599238582637
09-01-2026 13:35||NIFTY27JAN2624400PE,0.1390442070945685
09-01-2026 13:35||NIFTY27JAN2624600PE,0.1268712706020038
09-01-2026 13:35||NIFTY27JAN2625100PE,0.1062302269147688
09-01-2026 13:35||NIFTY27JAN2625300CE,0.1207788382384223
09-01-2026 13:35||NIFTY27JAN2625400CE,0.1154728044507187
09-01-2026 13:35||NIFTY27JAN2625900CE,0.1002773094271833
09-01-2026 13:35||NIFTY27JAN2626100CE,0.0980325760927301
09-01-2026 13:40||NIFTY27JAN2624500PE,0.1341205114734743
09-01-2026 13:40||NIFTY27JAN2624800PE,0.1185959878395105
09-01-2026 13:40||NIFTY27JAN2625100PE,0.1087319372868122
09-01-2026 13:40||NIFTY27JAN2625300CE,0.1067571701549508
09-01-2026 13:40||NIFTY27JAN2625500CE,0.1012151841450609
09-01-2026 13:40||NIFTY27JAN2626500CE,0.098294426543172
09-01-2026 13:45||NIFTY27JAN2623900PE,0.16878259495111
09-01-2026 13:45||NIFTY27JAN2624100PE,0.1570012183069537
09-01-2026 13:45||NIFTY27JAN2624300PE,0.1446952165332461
09-01-2026 13:45||NIFTY27JAN2624400PE,0.1385173947175952
09-01-2026 13:45||NIFTY27JAN2625200CE,0.1142148337411251
09-01-2026 13:45||NIFTY27JAN2626000CE,0.0964934272914818
09-01-2026 13:50||NIFTY27JAN2623800PE,0.1714825396280202
09-01-2026 13:50||NIFTY27JAN2624600PE,0.1276482809218269
09-01-2026 13:50||NIFTY27JAN2624700PE,0.1225536713112206
09-01-2026 13:50||NIFTY27JAN2625400CE,0.1092591907013771
09-01-2026 13:50||NIFTY27JAN2625800CE,0.0986231727967777
09-01-2026 13:50||NIFTY27JAN2626100CE,0.0961334408025403
09-01-2026 13:55||NIFTY27JAN2624000PE,0.1605054494383877
09-01-2026 13:55||NIFTY27JAN2625400CE,0.114952476228108
09-01-2026 13:55||NIFTY27JAN2625500CE,0.1114892377336271
09-01-2026 13:55||NIFTY27JAN2626400CE,0.1009090341266373
09-01-2026 14:00||NIFTY27JAN2624200PE,0.1514067030057198
09-01-2026 14:00||NIFTY27JAN2624300PE,0.1452581426184811
09-01-2026 14:00||NIFTY27JAN2624400PE,0.139241572410176
09-01-2026 14:00||NIFTY27JAN2625500CE,0.1058753306772006
09-01-2026 14:00||NIFTY27JAN2625800CE,0.0985417138075166
09-01-2026 14:00||NIFTY27JAN2626000CE,0.0961041576885535
09-01-2026 14:05||NIFTY27JAN2624100PE,0.1571834931961672
09-01-2026 14:05||NIFTY27JAN2624300PE,0.1445580590997198
09-01-2026 14:05||NIFTY27JAN2624400PE,0.1384449836552186
09-01-2026 14:05||NIFTY27JAN2625200CE,0.1252800086536884
09-01-2026 14:05||NIFTY27JAN2625400CE,0.1142431590633719
09-01-2026 14:10||NIFTY27JAN2624300PE,0.1441583915617678
09-01-2026 14:10||NIFTY27JAN2624700PE,0.1226059943017896
09-01-2026 14:10||NIFTY27JAN2625300CE,0.1125621345129703
09-01-2026 14:10||NIFTY27JAN2626300CE,0.0954042677127096
09-01-2026 14:10||NIFTY27JAN2626400CE,0.0953165538612808
09-01-2026 14:10||NIFTY27JAN2626500CE,0.0952960067471579
09-01-2026 14:15||NIFTY27JAN2625500CE,0.1054615871594287
09-01-2026 14:20||NIFTY27JAN2624100PE,0.1567947458802525
09-01-2026 14:20||NIFTY27JAN2624300PE,0.1443031095837561
09-01-2026 14:20||NIFTY27JAN2624400PE,0.1384153044239588
09-01-2026 14:20||NIFTY27JAN2625000PE,0.1089451256697579
09-01-2026 14:20||NIFTY27JAN2625200CE,0.1148762175071447
09-01-2026 14:20||NIFTY27JAN2625400CE,0.108777603344527
09-01-2026 14:20||NIFTY27JAN2625900CE,0.0973755177494049
09-01-2026 14:25||NIFTY27JAN2624100PE,0.1577804597524398
09-01-2026 14:25||NIFTY27JAN2624200PE,0.151513448235141
09-01-2026 14:25||NIFTY27JAN2624300PE,0.1450597058057596
09-01-2026 14:25||NIFTY27JAN2625100PE,0.1078092244359028
09-01-2026 14:25||NIFTY27JAN2625300CE,0.110437054844585
09-01-2026 14:25||NIFTY27JAN2625600CE,0.1006690804930443
09-01-2026 14:30||NIFTY27JAN2624000PE,0.1616769812370304
09-01-2026 14:30||NIFTY27JAN2624200PE,0.148814276315276
09-01-2026 14:30||NIFTY27JAN2625900CE,0.1003155355512102
09-01-2026 14:30||NIFTY27JAN2626300CE,0.0988410677828849
09-01-2026 14:35||NIFTY27JAN2624200PE,0.1499858904990176
09-01-2026 14:35||NIFTY27JAN2624300PE,0.1438007111700064
09-01-2026 14:35||NIFTY27JAN2624600PE,0.1267589938584092
09-01-2026 14:35||NIFTY27JAN2625800CE,0.1002763723872394
09-01-2026 14:40||NIFTY27JAN2623800PE,0.175134427623817
09-01-2026 14:40||NIFTY27JAN2625200CE,0.1235636513416252
09-01-2026 14:40||NIFTY27JAN2625600CE,0.1066043659942487
09-01-2026 14:40||NIFTY27JAN2625900CE,0.0997187113658604
09-01-2026 14:40||NIFTY27JAN2626100CE,0.0979454096131785
09-01-2026 14:40||NIFTY27JAN2626400CE,0.0999701781400958
09-01-2026 14:45||NIFTY27JAN2624500PE,0.1324425912627741
09-01-2026 14:45||NIFTY27JAN2624600PE,0.126969046732532
09-01-2026 14:45||NIFTY27JAN2625300CE,0.1147168718168486
09-01-2026 14:45||NIFTY27JAN2625600CE,0.104459203826684
09-01-2026 14:50||NIFTY27JAN2623900PE,0.168902770404112
09-01-2026 14:50||NIFTY27JAN2626000CE,0.0973009437780973
09-01-2026 14:50||NIFTY27JAN2626300CE,0.0976732906762827
09-01-2026 14:55||NIFTY27JAN2623900PE,0.1683760527948963
09-01-2026 14:55||NIFTY27JAN2624000PE,0.1628235481832503
09-01-2026 14:55||NIFTY27JAN2624800PE,0.1171840976159314
09-01-2026 14:55||NIFTY27JAN2625600CE,0.1028311299253193
09-01-2026 14:55||NIFTY27JAN2625900CE,0.0972602007180978
09-01-2026 15:00||NIFTY27JAN2624000PE,0.1620747980356091
09-01-2026 15:00||NIFTY27JAN2624300PE,0.1441264957873423
09-01-2026 15:00||NIFTY27JAN2625400CE,0.1125866150515832
09-01-2026 15:00||NIFTY27JAN2625600CE,0.1054149811337742
09-01-2026 15:00||NIFTY27JAN2625700CE,0.1025634602522802
09-01-2026 15:00||NIFTY27JAN2625800CE,0.1003022010721375
09-01-2026 15:00||NIFTY27JAN2626500CE,0.1008737326651283
09-01-2026 15:05||NIFTY27JAN2624200PE,0.1504321858509335
09-01-2026 15:05||NIFTY27JAN2624300PE,0.1441176696174104
09-01-2026 15:05||NIFTY27JAN2625000PE,0.1084376457483431
09-01-2026 15:05||NIFTY27JAN2625100PE,0.1054537873340629
09-01-2026 15:05||NIFTY27JAN2625600CE,0.1053636370439476
09-01-2026 15:05||NIFTY27JAN2626500CE,0.1003818404964581
09-01-2026 15:10||NIFTY27JAN2623800PE,0.173231219259771
09-01-2026 15:10||NIFTY27JAN2624000PE,0.1621703043448022
09-01-2026 15:10||NIFTY27JAN2624600PE,0.1267583567310014
09-01-2026 15:10||NIFTY27JAN2625000PE,0.1091711990740749
09-01-2026 15:10||NIFTY27JAN2625100PE,0.1060903644792285
09-01-2026 15:10||NIFTY27JAN2625200CE,0.1195118505937555
09-01-2026 15:10||NIFTY27JAN2626200CE,0.0967213601138361
09-01-2026 15:15||NIFTY27JAN2624200PE,0.1516414985568862
09-01-2026 15:15||NIFTY27JAN2624300PE,0.1454068728361415
09-01-2026 15:15||NIFTY27JAN2624500PE,0.1334541270967014
09-01-2026 15:15||NIFTY27JAN2624700PE,0.123044977497769
09-01-2026 15:15||NIFTY27JAN2624900PE,0.1144054432356584
09-01-2026 15:15||NIFTY27JAN2625200CE,0.1147857978432239
09-01-2026 15:15||NIFTY27JAN2625900CE,0.0966331829327134
09-01-2026 15:15||NIFTY27JAN2626000CE,0.0958012345855911
09-01-2026 15:20||NIFTY27JAN2623800PE,0.1740909912792753
09-01-2026 15:20||NIFTY27JAN2624700PE,0.1235931814428368
09-01-2026 15:20||NIFTY27JAN2625100PE,0.1074649844083654
09-01-2026 15:20||NIFTY27JAN2625200CE,0.123047887176893
09-01-2026 15:20||NIFTY27JAN2625300CE,0.1174039105752515
09-01-2026 15:20||NIFTY27JAN2625600CE,0.1045589290939702
09-01-2026 15:20||NIFTY27JAN2625800CE,0.1002925859492745
09-01-2026 15:20||NIFTY27JAN2626100CE,0.0969222462483634
09-01-2026 15:25||NIFTY27JAN2624100PE,0.1582355999836319
09-01-2026 15:25||NIFTY27JAN2624200PE,0.1527822293942484
09-01-2026 15:25||NIFTY27JAN2624400PE,0.1406481650637318
09-01-2026 15:25||NIFTY27JAN2625500CE,0.1163725726575296
09-01-2026 15:25||NIFTY27JAN2626000CE,0.101416892353071
09-01-2026 15:25||NIFTY27JAN2626100CE,0.1000115701259151
12-01-2026 09:15||NIFTY27JAN2624000PE,0.1765046618785281
12-01-2026 09:15||NIFTY27JAN2624900PE,0.1245940829875627
12-01-2026 09:15||NIFTY27JAN2625200CE,0.1162800735276271
12-01-2026 09:15||NIFTY27JAN2626000CE,0.1023006013739385
12-01-2026 09:15||NIFTY27JAN2626100CE,0.1022506378663276
12-01-2026 09:20||NIFTY27JAN2624200PE,0.1630613645232327
12-01-2026 09:20||NIFTY27JAN2624600PE,0.1383078605324233
12-01-2026 09:20||NIFTY27JAN2624800PE,0.1282576045970557
12-01-2026 09:20||NIFTY27JAN2625000PE,0.1203870854058417
12-01-2026 09:20||NIFTY27JAN2625100PE,0.117363508323553
12-01-2026 09:20||NIFTY27JAN2625200CE,0.1252652376571854
12-01-2026 09:20||NIFTY27JAN2625600CE,0.1132753562862409
12-01-2026 09:20||NIFTY27JAN2625800CE,0.1095877642457021
12-01-2026 09:25||NIFTY27JAN2624700PE,0.1323373349784193
12-01-2026 09:25||NIFTY27JAN2625800CE,0.1136427376031491
12-01-2026 09:25||NIFTY27JAN2626200CE,0.1128104612619072
12-01-2026 09:30||NIFTY27JAN2623900PE,0.1810282300263925
12-01-2026 09:30||NIFTY27JAN2624000PE,0.1747223223052848
12-01-2026 09:30||NIFTY27JAN2624400PE,0.1486473039917634
12-01-2026 09:30||NIFTY27JAN2625200CE,0.1392272333832714
12-01-2026 09:30||NIFTY27JAN2625600CE,0.1232834348111558
12-01-2026 09:30||NIFTY27JAN2625800CE,0.1168576466649106
12-01-2026 09:30||NIFTY27JAN2626000CE,0.114032013361055
12-01-2026 09:35||NIFTY27JAN2623900PE,0.179580926632455
12-01-2026 09:35||NIFTY27JAN2624500PE,0.1424050056801422
12-01-2026 09:35||NIFTY27JAN2624600PE,0.1367596263686839
12-01-2026 09:35||NIFTY27JAN2624700PE,0.1314184704598893
12-01-2026 09:35||NIFTY27JAN2625000PE,0.1169739638059484
12-01-2026 09:35||NIFTY27JAN2625700CE,0.1173762912951444
12-01-2026 09:35||NIFTY27JAN2625800CE,0.1147039256870636
12-01-2026 09:35||NIFTY27JAN2625900CE,0.1133104006353384
12-01-2026 09:35||NIFTY27JAN2626200CE,0.1128531991301949
12-01-2026 09:35||NIFTY27JAN2626500CE,0.1193304740550642
12-01-2026 09:40||NIFTY27JAN2623900PE,0.1804261562634448
12-01-2026 09:40||NIFTY27JAN2624600PE,0.1387103798689263
12-01-2026 09:40||NIFTY27JAN2624700PE,0.1333247190820473
12-01-2026 09:40||NIFTY27JAN2625200CE,0.1326040594885343
12-01-2026 09:40||NIFTY27JAN2625400CE,0.124507305932914
12-01-2026 09:45||NIFTY27JAN2623900PE,0.1811282444680305
12-01-2026 09:45||NIFTY27JAN2624800PE,0.125872361740107
12-01-2026 09:45||NIFTY27JAN2625000PE,0.1155566037312511
12-01-2026 09:45||NIFTY27JAN2626400CE,0.1170678240183154
12-01-2026 09:45||NIFTY27JAN2626500CE,0.118208305514
12-01-2026 09:50||NIFTY27JAN2625000PE,0.1190206309187526
12-01-2026 09:50||NIFTY27JAN2625400CE,0.1270241109977991
12-01-2026 09:50||NIFTY27JAN2625900CE,0.111708750457872
12-01-2026 09:50||NIFTY27JAN2626000CE,0.1103830416310262
12-01-2026 09:55||NIFTY27JAN2623800PE,0.1884177896476486
12-01-2026 09:55||NIFTY27JAN2625000PE,0.120635836378092
12-01-2026 09:55||NIFTY27JAN2625100PE,0.1166043072213402
12-01-2026 09:55||NIFTY27JAN2625400CE,0.1173138682112588
12-01-2026 09:55||NIFTY27JAN2625700CE,0.1093024684879341
12-01-2026 09:55||NIFTY27JAN2625900CE,0.1071874950321868
12-01-2026 09:55||NIFTY27JAN2626200CE,0.1081607875587296
12-01-2026 09:55||NIFTY27JAN2626400CE,0.1129621361071774
12-01-2026 10:00||NIFTY27JAN2624800PE,0.1248651265497159
12-01-2026 10:00||NIFTY27JAN2625200CE,0.1422808906401171
12-01-2026 10:00||NIFTY27JAN2625700CE,0.1199394243030204
12-01-2026 10:00||NIFTY27JAN2626100CE,0.1127385881291966
12-01-2026 10:00||NIFTY27JAN2626200CE,0.1131573393295743
12-01-2026 10:05||NIFTY27JAN2623900PE,0.1826550106245452
12-01-2026 10:05||NIFTY27JAN2624300PE,0.1576087039755486
12-01-2026 10:05||NIFTY27JAN2624600PE,0.1392932009821343
12-01-2026 10:05||NIFTY27JAN2624700PE,0.1335840873591855
12-01-2026 10:05||NIFTY27JAN2624800PE,0.1281969454753905
12-01-2026 10:05||NIFTY27JAN2625100PE,0.1149692488557639
12-01-2026 10:10||NIFTY27JAN2624000PE,0.1750111371874904
12-01-2026 10:10||NIFTY27JAN2624100PE,0.1688527177030599
12-01-2026 10:10||NIFTY27JAN2624900PE,0.1223512365056193
12-01-2026 10:10||NIFTY27JAN2625600CE,0.1161484681781358
12-01-2026 10:10||NIFTY27JAN2626300CE,0.1123351012059704
12-01-2026 10:10||NIFTY27JAN2626400CE,0.1148977572632677
12-01-2026 10:15||NIFTY27JAN2623800PE,0.186462577559135
12-01-2026 10:15||NIFTY27JAN2624500PE,0.1419205134135138
12-01-2026 10:15||NIFTY27JAN2624800PE,0.1244238514254396
12-01-2026 10:15||NIFTY27JAN2625000PE,0.115035345919806
12-01-2026 10:15||NIFTY27JAN2625100PE,0.1111549221025972
12-01-2026 10:15||NIFTY27JAN2626200CE,0.1123991559982742
12-01-2026 10:15||NIFTY27JAN2626400CE,0.1151773757322686
12-01-2026 10:15||NIFTY27JAN2626500CE,0.1173309783853719
12-01-2026 10:20||NIFTY27JAN2624200PE,0.1636892175212467
12-01-2026 10:20||NIFTY27JAN2624800PE,0.1272018583414105
12-01-2026 10:20||NIFTY27JAN2624900PE,0.1220132449534376
12-01-2026 10:20||NIFTY27JAN2625200CE,0.1320679663417916
12-01-2026 10:20||NIFTY27JAN2626500CE,0.1158860590789521
12-01-2026 10:25||NIFTY27JAN2623800PE,0.187535998064535
12-01-2026 10:25||NIFTY27JAN2624300PE,0.1564096099265876
12-01-2026 10:25||NIFTY27JAN2624400PE,0.150094813321228
12-01-2026 10:25||NIFTY27JAN2624900PE,0.1210392084503986
12-01-2026 10:25||NIFTY27JAN2625200CE,0.1430427713365681
12-01-2026 10:25||NIFTY27JAN2625800CE,0.1127336337808147
12-01-2026 10:25||NIFTY27JAN2625900CE,0.1107687840655714
12-01-2026 10:25||NIFTY27JAN2626000CE,0.1097568924028402
12-01-2026 10:30||NIFTY27JAN2624500PE,0.1448473353371838
12-01-2026 10:30||NIFTY27JAN2625200CE,0.1292737029209768
12-01-2026 10:30||NIFTY27JAN2625800CE,0.1091078334344583
12-01-2026 10:30||NIFTY27JAN2626200CE,0.1077622098392496
12-01-2026 10:35||NIFTY27JAN2624600PE,0.1375634243617762
12-01-2026 10:35||NIFTY27JAN2625400CE,0.1238845466611639
12-01-2026 10:35||NIFTY27JAN2625700CE,0.113228053807241
12-01-2026 10:35||NIFTY27JAN2626400CE,0.1135289718031038
12-01-2026 10:40||NIFTY27JAN2625000PE,0.1180090964644702
12-01-2026 10:40||NIFTY27JAN2625100PE,0.1140788320291252
12-01-2026 10:40||NIFTY27JAN2625300CE,0.1291683771635636
12-01-2026 10:40||NIFTY27JAN2625400CE,0.1234026092789446
12-01-2026 10:40||NIFTY27JAN2625500CE,0.1187066654563755
12-01-2026 10:40||NIFTY27JAN2626400CE,0.1128328958245293
12-01-2026 10:45||NIFTY27JAN2624400PE,0.1489896344187786
12-01-2026 10:45||NIFTY27JAN2625000PE,0.1155073034580921
12-01-2026 10:45||NIFTY27JAN2626000CE,0.1096381198983073
12-01-2026 10:45||NIFTY27JAN2626200CE,0.1101970965296618
12-01-2026 10:45||NIFTY27JAN2626300CE,0.1118205787291879
12-01-2026 10:50||NIFTY27JAN2623900PE,0.183157833493376
12-01-2026 10:50||NIFTY27JAN2624900PE,0.1232182008848877
12-01-2026 10:50||NIFTY27JAN2625500CE,0.112409164008077
12-01-2026 10:50||NIFTY27JAN2625600CE,0.1099967087325308
12-01-2026 10:50||NIFTY27JAN2626200CE,0.1058736741510943
12-01-2026 10:55||NIFTY27JAN2624000PE,0.1753743321030487
12-01-2026 10:55||NIFTY27JAN2624300PE,0.1561523690882903
12-01-2026 10:55||NIFTY27JAN2624400PE,0.1497514991044586
12-01-2026 10:55||NIFTY27JAN2624900PE,0.1216957671035936
12-01-2026 10:55||NIFTY27JAN2625100PE,0.1137467448345729
12-01-2026 10:55||NIFTY27JAN2625500CE,0.1171922091724919
12-01-2026 10:55||NIFTY27JAN2626200CE,0.1080958804335162
12-01-2026 10:55||NIFTY27JAN2626400CE,0.1129161820923086
12-01-2026 11:00||NIFTY27JAN2623800PE,0.1869924683461494
12-01-2026 11:00||NIFTY27JAN2624000PE,0.174490563562714
12-01-2026 11:00||NIFTY27JAN2624500PE,0.142428631503475
12-01-2026 11:00||NIFTY27JAN2624800PE,0.1256456426600625
12-01-2026 11:00||NIFTY27JAN2624900PE,0.1207964894067956
12-01-2026 11:00||NIFTY27JAN2625000PE,0.1164326981925292
12-01-2026 11:00||NIFTY27JAN2625200CE,0.1296944188403775
12-01-2026 11:00||NIFTY27JAN2625400CE,0.1226735080459148
12-01-2026 11:00||NIFTY27JAN2625600CE,0.1158598065663417
12-01-2026 11:00||NIFTY27JAN2626000CE,0.1083968529846233
12-01-2026 11:00||NIFTY27JAN2626300CE,0.1113623361637905
12-01-2026 11:05||NIFTY27JAN2624100PE,0.1674029682806991
12-01-2026 11:05||NIFTY27JAN2624700PE,0.1301665258452732
12-01-2026 11:05||NIFTY27JAN2625200CE,0.1317741094193538
12-01-2026 11:05||NIFTY27JAN2625500CE,0.1197960671062049
12-01-2026 11:05||NIFTY27JAN2625600CE,0.1164937385361676
12-01-2026 11:05||NIFTY27JAN2625700CE,0.1137628720930691
12-01-2026 11:10||NIFTY27JAN2624400PE,0.1487219733117783
12-01-2026 11:10||NIFTY27JAN2624500PE,0.1426235403924092
12-01-2026 11:10||NIFTY27JAN2625200CE,0.1268669085865153
12-01-2026 11:10||NIFTY27JAN2625800CE,0.1089862222947421
12-01-2026 11:10||NIFTY27JAN2626000CE,0.1069397904757245
12-01-2026 11:15||NIFTY27JAN2625400CE,0.1188295377351911
12-01-2026 11:15||NIFTY27JAN2625700CE,0.1110565842982228
12-01-2026 11:15||NIFTY27JAN2625800CE,0.1093793202631112
12-01-2026 11:20||NIFTY27JAN2624800PE,0.1236120172402911
12-01-2026 11:20||NIFTY27JAN2626400CE,0.116438279229982
12-01-2026 11:25||NIFTY27JAN2623800PE,0.1823431000561488
12-01-2026 11:25||NIFTY27JAN2624200PE,0.1577605125442168
12-01-2026 11:25||NIFTY27JAN2624300PE,0.1515497234460296
12-01-2026 11:25||NIFTY27JAN2624700PE,0.128451179980441
12-01-2026 11:25||NIFTY27JAN2625400CE,0.120632988216545
12-01-2026 11:30||NIFTY27JAN2623900PE,0.1764000318814116
12-01-2026 11:30||NIFTY27JAN2624000PE,0.1706494083501223
12-01-2026 11:35||NIFTY27JAN2624200PE,0.1573983785578868
12-01-2026 11:35||NIFTY27JAN2624400PE,0.1450598423280706
12-01-2026 11:35||NIFTY27JAN2624700PE,0.1283080793721644
12-01-2026 11:35||NIFTY27JAN2624900PE,0.1190515033682515
12-01-2026 11:35||NIFTY27JAN2625300CE,0.1242481756475089
12-01-2026 11:35||NIFTY27JAN2625600CE,0.1149004144083774
12-01-2026 11:35||NIFTY27JAN2625800CE,0.1113740184738547
12-01-2026 11:40||NIFTY27JAN2624300PE,0.1516582577200899
12-01-2026 11:40||NIFTY27JAN2624400PE,0.1455984956828539
12-01-2026 11:40||NIFTY27JAN2625000PE,0.1154728618374344
12-01-2026 11:40||NIFTY27JAN2625200CE,0.1259811362298826
12-01-2026 11:40||NIFTY27JAN2625300CE,0.1231727878122538
12-01-2026 11:50||NIFTY27JAN2624700PE,0.1280940816076455
12-01-2026 11:50||NIFTY27JAN2625600CE,0.115629125521643
12-01-2026 11:50||NIFTY27JAN2625800CE,0.1118435676287016
12-01-2026 11:50||NIFTY27JAN2625900CE,0.1108713619690692
12-01-2026 11:55||NIFTY27JAN2624000PE,0.1697110627930545
12-01-2026 11:55||NIFTY27JAN2624900PE,0.1184772281927245
12-01-2026 11:55||NIFTY27JAN2625100PE,0.1114573570478037
12-01-2026 11:55||NIFTY27JAN2625700CE,0.1137583066508306
12-01-2026 11:55||NIFTY27JAN2626000CE,0.1106078385623194
12-01-2026 11:55||NIFTY27JAN2626500CE,0.12135807796985
12-01-2026 12:00||NIFTY27JAN2624100PE,0.1633775720608856
12-01-2026 12:00||NIFTY27JAN2624900PE,0.1184291107223204
12-01-2026 12:00||NIFTY27JAN2625100PE,0.1117424571527855
12-01-2026 12:00||NIFTY27JAN2625900CE,0.1099724072792495
12-01-2026 12:05||NIFTY27JAN2624000PE,0.1697688655455093
12-01-2026 12:05||NIFTY27JAN2624900PE,0.1171006585611432
12-01-2026 12:05||NIFTY27JAN2625500CE,0.1192864786961754
12-01-2026 12:05||NIFTY27JAN2625800CE,0.1118762343431548
12-01-2026 12:05||NIFTY27JAN2626000CE,0.1104075483350805
12-01-2026 12:10||NIFTY27JAN2623800PE,0.1831655017516984
12-01-2026 12:10||NIFTY27JAN2624200PE,0.1566182913433328
12-01-2026 12:10||NIFTY27JAN2624700PE,0.1244156751041354
12-01-2026 12:10||NIFTY27JAN2624800PE,0.1188255427611259
12-01-2026 12:10||NIFTY27JAN2625000PE,0.1088894694989757
12-01-2026 12:10||NIFTY27JAN2625800CE,0.1196889531536623
12-01-2026 12:15||NIFTY27JAN2625100PE,0.1095353394305484
12-01-2026 12:15||NIFTY27JAN2625900CE,0.1142768070514285
12-01-2026 12:15||NIFTY27JAN2626200CE,0.1125245711846169
12-01-2026 12:20||NIFTY27JAN2624400PE,0.1490112847887937
12-01-2026 12:20||NIFTY27JAN2624700PE,0.1302732838870439
12-01-2026 12:20||NIFTY27JAN2625100PE,0.1116508456470181
12-01-2026 12:20||NIFTY27JAN2625300CE,0.1437233497509121
12-01-2026 12:20||NIFTY27JAN2625500CE,0.1324590709260504
12-01-2026 12:20||NIFTY27JAN2626400CE,0.1168975297424349
12-01-2026 12:25||NIFTY27JAN2624800PE,0.1292373625423868
12-01-2026 12:25||NIFTY27JAN2625200CE,0.1318470531155428
12-01-2026 12:25||NIFTY27JAN2626300CE,0.1119664314354685
12-01-2026 12:30||NIFTY27JAN2623800PE,0.1885801466892402
12-01-2026 12:30||NIFTY27JAN2624800PE,0.1299251003124387
12-01-2026 12:30||NIFTY27JAN2624900PE,0.1247447985432066
12-01-2026 12:30||NIFTY27JAN2625500CE,0.1325915188766444
12-01-2026 12:30||NIFTY27JAN2625700CE,0.1242682553589839
12-01-2026 12:30||NIFTY27JAN2626500CE,0.1175303797584128
12-01-2026 12:35||NIFTY27JAN2624300PE,0.1624165118362097
12-01-2026 12:35||NIFTY27JAN2624600PE,0.1443823912526916
12-01-2026 12:35||NIFTY27JAN2624900PE,0.128687695875409
12-01-2026 12:35||NIFTY27JAN2625100PE,0.1202964019770098
12-01-2026 12:35||NIFTY27JAN2626000CE,0.110448611115989
12-01-2026 12:35||NIFTY27JAN2626300CE,0.1112153462320449
12-01-2026 12:40||NIFTY27JAN2624300PE,0.1590366863902262
12-01-2026 12:40||NIFTY27JAN2624400PE,0.1527805857907195
12-01-2026 12:40||NIFTY27JAN2624500PE,0.1464767782583236
12-01-2026 12:40||NIFTY27JAN2625000PE,0.1192823338790148
12-01-2026 12:40||NIFTY27JAN2625300CE,0.1479685918475773
12-01-2026 12:40||NIFTY27JAN2625500CE,0.1370709648813847
12-01-2026 12:40||NIFTY27JAN2626000CE,0.1192733453271071
12-01-2026 12:40||NIFTY27JAN2626200CE,0.1169533691232464
12-01-2026 12:45||NIFTY27JAN2624300PE,0.1646489041104159
12-01-2026 12:45||NIFTY27JAN2624500PE,0.1519110159874671
12-01-2026 12:45||NIFTY27JAN2624800PE,0.1347542347737418
12-01-2026 12:45||NIFTY27JAN2625000PE,0.1254131022414785
12-01-2026 12:45||NIFTY27JAN2625300CE,0.128638645945555
12-01-2026 12:45||NIFTY27JAN2625700CE,0.1143277340749001
12-01-2026 12:45||NIFTY27JAN2625800CE,0.1120500081012115
12-01-2026 12:45||NIFTY27JAN2626000CE,0.109506494403352
12-01-2026 12:45||NIFTY27JAN2626200CE,0.1093250419363245
12-01-2026 12:45||NIFTY27JAN2626400CE,0.1116308347657127
12-01-2026 12:50||NIFTY27JAN2624500PE,0.1507084539003559
12-01-2026 12:50||NIFTY27JAN2625300CE,0.1371733714599457
12-01-2026 12:50||NIFTY27JAN2625800CE,0.1189152337084616
12-01-2026 12:55||NIFTY27JAN2624500PE,0.1506693956561953
12-01-2026 12:55||NIFTY27JAN2624600PE,0.1448937653269264
12-01-2026 12:55||NIFTY27JAN2624700PE,0.1393113391648878
12-01-2026 12:55||NIFTY27JAN2625000PE,0.123948033358964
12-01-2026 12:55||NIFTY27JAN2625400CE,0.1299275275677512
12-01-2026 12:55||NIFTY27JAN2625900CE,0.1129206435580752
12-01-2026 12:55||NIFTY27JAN2626200CE,0.1112454419560206
12-01-2026 13:00||NIFTY27JAN2624200PE,0.1678839822924303
12-01-2026 13:00||NIFTY27JAN2624500PE,0.1493667601875028
12-01-2026 13:00||NIFTY27JAN2624600PE,0.1434662298889425
12-01-2026 13:00||NIFTY27JAN2625500CE,0.1283702173049221
12-01-2026 13:00||NIFTY27JAN2626000CE,0.1142160660747169
12-01-2026 13:00||NIFTY27JAN2626100CE,0.1131597421726274
12-01-2026 13:00||NIFTY27JAN2626300CE,0.1129965793512155
12-01-2026 13:00||NIFTY27JAN2626500CE,0.1145691207683334
12-01-2026 13:05||NIFTY27JAN2623900PE,0.1862875863214883
12-01-2026 13:05||NIFTY27JAN2624200PE,0.1683590529562755
12-01-2026 13:05||NIFTY27JAN2624500PE,0.1494672819149774
12-01-2026 13:05||NIFTY27JAN2624900PE,0.1275890336079134
12-01-2026 13:05||NIFTY27JAN2625300CE,0.1402509182398399
12-01-2026 13:05||NIFTY27JAN2625500CE,0.130435579602849
12-01-2026 13:05||NIFTY27JAN2626400CE,0.1147465196717029
12-01-2026 13:10||NIFTY27JAN2624700PE,0.1382468795049837
12-01-2026 13:10||NIFTY27JAN2624800PE,0.1330094066497862
12-01-2026 13:10||NIFTY27JAN2626400CE,0.1127225151591434
12-01-2026 13:15||NIFTY27JAN2623800PE,0.190365121890482
12-01-2026 13:15||NIFTY27JAN2624500PE,0.1510971567793906
12-01-2026 13:15||NIFTY27JAN2624700PE,0.1396379945305239
12-01-2026 13:15||NIFTY27JAN2624800PE,0.1344818526415361
12-01-2026 13:15||NIFTY27JAN2625100PE,0.1237644842373753
12-01-2026 13:15||NIFTY27JAN2625500CE,0.1175234187132046
12-01-2026 13:15||NIFTY27JAN2625800CE,0.1096971988986045
12-01-2026 13:15||NIFTY27JAN2626100CE,0.107092300615155
12-01-2026 13:15||NIFTY27JAN2626300CE,0.1080267981764995
12-01-2026 13:15||NIFTY27JAN2626400CE,0.1093726316878465
12-01-2026 13:20||NIFTY27JAN2624200PE,0.1674702741451876
12-01-2026 13:20||NIFTY27JAN2624300PE,0.161528192613495
12-01-2026 13:20||NIFTY27JAN2625000PE,0.1225543665705295
12-01-2026 13:20||NIFTY27JAN2625200CE,0.1396567330394635
12-01-2026 13:20||NIFTY27JAN2625500CE,0.1260393154310891
12-01-2026 13:20||NIFTY27JAN2626200CE,0.1107051313055897
12-01-2026 13:20||NIFTY27JAN2626500CE,0.1146146849944807
12-01-2026 13:25||NIFTY27JAN2624300PE,0.1622044471448883
12-01-2026 13:25||NIFTY27JAN2624500PE,0.1506204305533587
12-01-2026 13:25||NIFTY27JAN2624600PE,0.1449479182967968
12-01-2026 13:25||NIFTY27JAN2624800PE,0.1345666603312806
12-01-2026 13:25||NIFTY27JAN2625500CE,0.1168302519731021
12-01-2026 13:25||NIFTY27JAN2625800CE,0.110182093222148
12-01-2026 13:25||NIFTY27JAN2626000CE,0.1078336789258749
12-01-2026 13:25||NIFTY27JAN2626400CE,0.1095920622289217
12-01-2026 13:25||NIFTY27JAN2626500CE,0.1110495257405711
12-01-2026 13:30||NIFTY27JAN2623900PE,0.1839942001766604
12-01-2026 13:30||NIFTY27JAN2624400PE,0.154426753323433
12-01-2026 13:30||NIFTY27JAN2624800PE,0.1305980138260004
12-01-2026 13:30||NIFTY27JAN2624900PE,0.1255484630737451
12-01-2026 13:30||NIFTY27JAN2625100PE,0.1182912138620077
12-01-2026 13:30||NIFTY27JAN2625300CE,0.1507985992677981
12-01-2026 13:30||NIFTY27JAN2625500CE,0.1370828857266461
12-01-2026 13:30||NIFTY27JAN2625600CE,0.1311441008334017
12-01-2026 13:30||NIFTY27JAN2625700CE,0.126278828361166
12-01-2026 13:35||NIFTY27JAN2624700PE,0.1401296161674016
12-01-2026 13:35||NIFTY27JAN2624900PE,0.1295547752952179
12-01-2026 13:35||NIFTY27JAN2625500CE,0.1212152664275881
12-01-2026 13:35||NIFTY27JAN2625600CE,0.1178464810231589
12-01-2026 13:35||NIFTY27JAN2625900CE,0.1109016586134761
12-01-2026 13:40||NIFTY27JAN2623900PE,0.1865839432769433
12-01-2026 13:40||NIFTY27JAN2624000PE,0.1810511807119786
12-01-2026 13:40||NIFTY27JAN2624100PE,0.1753824636028309
12-01-2026 13:40||NIFTY27JAN2624800PE,0.1344497691559977
12-01-2026 13:40||NIFTY27JAN2624900PE,0.1295135115983501
12-01-2026 13:40||NIFTY27JAN2625200CE,0.1460879049162447
12-01-2026 13:40||NIFTY27JAN2625400CE,0.1258067360560181
12-01-2026 13:40||NIFTY27JAN2626100CE,0.1073944827252314
12-01-2026 13:40||NIFTY27JAN2626200CE,0.1073958808663021
12-01-2026 13:45||NIFTY27JAN2623800PE,0.1928009495187788
12-01-2026 13:45||NIFTY27JAN2623900PE,0.1870217006272639
12-01-2026 13:45||NIFTY27JAN2624600PE,0.1445999712001756
12-01-2026 13:45||NIFTY27JAN2625100PE,0.1207969543389752
12-01-2026 13:50||NIFTY27JAN2624200PE,0.1698516659443649
12-01-2026 13:50||NIFTY27JAN2625200CE,0.1393133706154304
12-01-2026 13:50||NIFTY27JAN2625300CE,0.1342494619286658
12-01-2026 13:50||NIFTY27JAN2625400CE,0.1299622147498901
12-01-2026 13:50||NIFTY27JAN2626200CE,0.1088885868346412
12-01-2026 13:55||NIFTY27JAN2623800PE,0.1947609370100416
12-01-2026 13:55||NIFTY27JAN2624000PE,0.1829149589626123
12-01-2026 13:55||NIFTY27JAN2624100PE,0.1769091395225594
12-01-2026 13:55||NIFTY27JAN2624700PE,0.1402357690709144
12-01-2026 13:55||NIFTY27JAN2624900PE,0.1296056110101773
12-01-2026 13:55||NIFTY27JAN2626100CE,0.107471114032729
12-01-2026 13:55||NIFTY27JAN2626400CE,0.1090001028371685
12-01-2026 14:00||NIFTY27JAN2624000PE,0.1822072789357344
12-01-2026 14:00||NIFTY27JAN2624400PE,0.1579833641232415
12-01-2026 14:00||NIFTY27JAN2624500PE,0.1518258434641817
12-01-2026 14:00||NIFTY27JAN2624600PE,0.1458163560461913
12-01-2026 14:00||NIFTY27JAN2625000PE,0.124318802099387
12-01-2026 14:00||NIFTY27JAN2625400CE,0.1227046539347585
12-01-2026 14:00||NIFTY27JAN2625600CE,0.1165448868237754
12-01-2026 14:00||NIFTY27JAN2625700CE,0.1137552470764235
12-01-2026 14:00||NIFTY27JAN2626300CE,0.1077629248412361
12-01-2026 14:00||NIFTY27JAN2626400CE,0.1089527494092501
12-01-2026 14:05||NIFTY27JAN2624400PE,0.1572185727488046
12-01-2026 14:05||NIFTY27JAN2624600PE,0.1447229815605931
12-01-2026 14:05||NIFTY27JAN2624800PE,0.1331761766058273
12-01-2026 14:05||NIFTY27JAN2625800CE,0.1152517711936345
12-01-2026 14:05||NIFTY27JAN2626000CE,0.1103109334111389
12-01-2026 14:05||NIFTY27JAN2626200CE,0.1087036512817718
12-01-2026 14:05||NIFTY27JAN2626400CE,0.1088854677595169
12-01-2026 14:05||NIFTY27JAN2626500CE,0.1093453471067813
12-01-2026 14:10||NIFTY27JAN2624100PE,0.1769428556388286
12-01-2026 14:10||NIFTY27JAN2624600PE,0.1461510656354887
12-01-2026 14:10||NIFTY27JAN2624800PE,0.1348634644732252
12-01-2026 14:10||NIFTY27JAN2625200CE,0.1357378146126094
12-01-2026 14:10||NIFTY27JAN2625500CE,0.1172474857870419
12-01-2026 14:10||NIFTY27JAN2626400CE,0.1075728689485005
12-01-2026 14:15||NIFTY27JAN2624100PE,0.1754019479994257
12-01-2026 14:15||NIFTY27JAN2624200PE,0.1693910579803142
12-01-2026 14:15||NIFTY27JAN2624900PE,0.1281742093720658
12-01-2026 14:15||NIFTY27JAN2625800CE,0.1122181192536126
12-01-2026 14:20||NIFTY27JAN2624400PE,0.1565919211813851
12-01-2026 14:20||NIFTY27JAN2624500PE,0.1501766116552851
12-01-2026 14:20||NIFTY27JAN2624600PE,0.1439126977912555
12-01-2026 14:20||NIFTY27JAN2625000PE,0.1213135336228684
12-01-2026 14:20||NIFTY27JAN2625200CE,0.1498899613537247
12-01-2026 14:20||NIFTY27JAN2625700CE,0.1226699485653126
12-01-2026 14:20||NIFTY27JAN2626200CE,0.1112452942138903
12-01-2026 14:20||NIFTY27JAN2626500CE,0.1120867488420368
12-01-2026 14:25||NIFTY27JAN2623900PE,0.1882455438154119
12-01-2026 14:25||NIFTY27JAN2624200PE,0.1708692655218137
12-01-2026 14:25||NIFTY27JAN2624500PE,0.1525417174557321
12-01-2026 14:25||NIFTY27JAN2624600PE,0.146511242839739
12-01-2026 14:25||NIFTY27JAN2626300CE,0.1065382740859839
12-01-2026 14:25||NIFTY27JAN2626500CE,0.108284194788682
12-01-2026 14:30||NIFTY27JAN2623900PE,0.188163107286952
12-01-2026 14:30||NIFTY27JAN2624200PE,0.1709571973746805
12-01-2026 14:30||NIFTY27JAN2625200CE,0.124040167532616
12-01-2026 14:30||NIFTY27JAN2625700CE,0.1093873244161941
12-01-2026 14:30||NIFTY27JAN2626200CE,0.1047832301212207
12-01-2026 14:35||NIFTY27JAN2624500PE,0.1490237103332749
12-01-2026 14:35||NIFTY27JAN2625100PE,0.1175181731601466
12-01-2026 14:35||NIFTY27JAN2625900CE,0.115819135296969
12-01-2026 14:35||NIFTY27JAN2626000CE,0.1134614976871061
12-01-2026 14:35||NIFTY27JAN2626100CE,0.1118189154126379
12-01-2026 14:35||NIFTY27JAN2626400CE,0.1113343631734058
12-01-2026 14:35||NIFTY27JAN2626500CE,0.1122088250064867
12-01-2026 14:40||NIFTY27JAN2624100PE,0.1764222386179615
12-01-2026 14:40||NIFTY27JAN2624300PE,0.1640260677175005
12-01-2026 14:40||NIFTY27JAN2624500PE,0.1516859849541592
12-01-2026 14:40||NIFTY27JAN2625100PE,0.1205054631912705
12-01-2026 14:40||NIFTY27JAN2625300CE,0.1343438373472978
12-01-2026 14:40||NIFTY27JAN2625600CE,0.1188117796872086
12-01-2026 14:40||NIFTY27JAN2626400CE,0.1088927857010247
12-01-2026 14:45||NIFTY27JAN2624000PE,0.1828933649599053
12-01-2026 14:45||NIFTY27JAN2624600PE,0.146629601988066
12-01-2026 14:45||NIFTY27JAN2625000PE,0.1245861904967013
12-01-2026 14:45||NIFTY27JAN2625300CE,0.1272632380880403
12-01-2026 14:45||NIFTY27JAN2625500CE,0.1187647765670298
12-01-2026 14:45||NIFTY27JAN2626000CE,0.1066952429822111
12-01-2026 14:45||NIFTY27JAN2626100CE,0.1057055495039357
12-01-2026 14:45||NIFTY27JAN2626200CE,0.1054766625372198
12-01-2026 14:45||NIFTY27JAN2626500CE,0.1082417244253327
12-01-2026 14:50||NIFTY27JAN2624000PE,0.1830399119430056
12-01-2026 14:50||NIFTY27JAN2624400PE,0.1580656897280649
12-01-2026 14:50||NIFTY27JAN2624800PE,0.1338470768883901
12-01-2026 14:50||NIFTY27JAN2625100PE,0.1196366009233385
12-01-2026 14:50||NIFTY27JAN2625600CE,0.1214633506145507
12-01-2026 14:50||NIFTY27JAN2626000CE,0.1093504321035872
12-01-2026 14:50||NIFTY27JAN2626300CE,0.1068846933555758
12-01-2026 14:50||NIFTY27JAN2626400CE,0.1076214604854159
12-01-2026 14:55||NIFTY27JAN2624300PE,0.1644895963537611
12-01-2026 14:55||NIFTY27JAN2624500PE,0.1518881266484931
12-01-2026 14:55||NIFTY27JAN2624700PE,0.1397564325916792
12-01-2026 14:55||NIFTY27JAN2624900PE,0.1289149687003243
12-01-2026 14:55||NIFTY27JAN2625100PE,0.1201434748202951
12-01-2026 14:55||NIFTY27JAN2626200CE,0.1072240454513736
12-01-2026 15:00||NIFTY27JAN2623800PE,0.1954247933093331
12-01-2026 15:00||NIFTY27JAN2623900PE,0.1892849143821464
12-01-2026 15:00||NIFTY27JAN2624300PE,0.1644665991949665
12-01-2026 15:00||NIFTY27JAN2624700PE,0.1398099821351849
12-01-2026 15:00||NIFTY27JAN2624800PE,0.1343425969574209
12-01-2026 15:00||NIFTY27JAN2626000CE,0.1077957684776191
12-01-2026 15:00||NIFTY27JAN2626100CE,0.1065616226564488
12-01-2026 15:05||NIFTY27JAN2623800PE,0.1945606486979967
12-01-2026 15:05||NIFTY27JAN2624200PE,0.1720632072832464
12-01-2026 15:05||NIFTY27JAN2624300PE,0.1656901525967952
12-01-2026 15:05||NIFTY27JAN2624900PE,0.1296324510545664
12-01-2026 15:05||NIFTY27JAN2625900CE,0.1074142616449589
12-01-2026 15:05||NIFTY27JAN2626200CE,0.1046583806155305
12-01-2026 15:10||NIFTY27JAN2624000PE,0.1835633014372791
12-01-2026 15:10||NIFTY27JAN2624500PE,0.1525223286548031
12-01-2026 15:10||NIFTY27JAN2624600PE,0.1462650786214381
12-01-2026 15:10||NIFTY27JAN2625200CE,0.1337297186266431
12-01-2026 15:10||NIFTY27JAN2625600CE,0.1128568967889888
12-01-2026 15:10||NIFTY27JAN2625900CE,0.1061381889721186
12-01-2026 15:10||NIFTY27JAN2626200CE,0.1032073957526603
12-01-2026 15:10||NIFTY27JAN2626300CE,0.1033981105065631
12-01-2026 15:10||NIFTY27JAN2626400CE,0.1043372583786816
12-01-2026 15:15||NIFTY27JAN2623900PE,0.1910840320052803
12-01-2026 15:15||NIFTY27JAN2624000PE,0.1853939579686543
12-01-2026 15:15||NIFTY27JAN2624500PE,0.1533875735153989
12-01-2026 15:15||NIFTY27JAN2624900PE,0.1295019017716391
12-01-2026 15:15||NIFTY27JAN2625200CE,0.1405285119658449
12-01-2026 15:15||NIFTY27JAN2625400CE,0.1276819294796872
12-01-2026 15:15||NIFTY27JAN2625500CE,0.1221154372865431
12-01-2026 15:20||NIFTY27JAN2624100PE,0.1808584189683526
12-01-2026 15:20||NIFTY27JAN2624200PE,0.174566068796151
12-01-2026 15:20||NIFTY27JAN2624400PE,0.1615255322281613
12-01-2026 15:20||NIFTY27JAN2624500PE,0.1549917814488038
12-01-2026 15:20||NIFTY27JAN2625000PE,0.1242711579473469
12-01-2026 15:20||NIFTY27JAN2625200CE,0.1394320378945027
12-01-2026 15:20||NIFTY27JAN2625300CE,0.1337300149410686
12-01-2026 15:20||NIFTY27JAN2626200CE,0.1045399761518705
12-01-2026 15:20||NIFTY27JAN2626300CE,0.104477370284945
12-01-2026 15:25||NIFTY27JAN2624200PE,0.1746485013780549
12-01-2026 15:25||NIFTY27JAN2624600PE,0.1488624581287937
12-01-2026 15:25||NIFTY27JAN2625400CE,0.1186085413891924
12-01-2026 15:25||NIFTY27JAN2625500CE,0.1145310686045833
12-01-2026 15:25||NIFTY27JAN2625700CE,0.108585788224038
13-01-2026 09:15||NIFTY27JAN2624000PE,0.1890502030021194
13-01-2026 09:15||NIFTY27JAN2624700PE,0.1441523417013708
13-01-2026 09:15||NIFTY27JAN2625500CE,0.1014877107533601
13-01-2026 09:15||NIFTY27JAN2625600CE,0.102700449800434
13-01-2026 09:15||NIFTY27JAN2625800CE,0.1001431938274282
13-01-2026 09:15||NIFTY27JAN2625900CE,0.0992554857040897
13-01-2026 09:15||NIFTY27JAN2626100CE,0.0981491764725608
13-01-2026 09:20||NIFTY27JAN2623800PE,0.2010452517693902
13-01-2026 09:20||NIFTY27JAN2624500PE,0.1558512522778745
13-01-2026 09:20||NIFTY27JAN2624600PE,0.149298758817673
13-01-2026 09:20||NIFTY27JAN2624800PE,0.1371675548320559
13-01-2026 09:25||NIFTY27JAN2623800PE,0.2013032516029417
13-01-2026 09:25||NIFTY27JAN2624200PE,0.1764307925917203
13-01-2026 09:25||NIFTY27JAN2624400PE,0.1647267926557324
13-01-2026 09:25||NIFTY27JAN2624600PE,0.1535864416319693
13-01-2026 09:25||NIFTY27JAN2624800PE,0.1429859854436214
13-01-2026 09:25||NIFTY27JAN2625300CE,0.0788583524592233
13-01-2026 09:25||NIFTY27JAN2625500CE,0.0846562851562933
13-01-2026 09:30||NIFTY27JAN2624500PE,0.1553503114040783
13-01-2026 09:30||NIFTY27JAN2625300CE,0.0970460654033919
13-01-2026 09:30||NIFTY27JAN2625500CE,0.0987125257650609
13-01-2026 09:30||NIFTY27JAN2625700CE,0.0988521295710689
13-01-2026 09:30||NIFTY27JAN2626000CE,0.0997454837451391
13-01-2026 09:30||NIFTY27JAN2626200CE,0.1009387018670254
13-01-2026 09:35||NIFTY27JAN2624000PE,0.1857600554954681
13-01-2026 09:35||NIFTY27JAN2625000PE,0.1255580549329584
13-01-2026 09:35||NIFTY27JAN2625300CE,0.1142572692207335
13-01-2026 09:35||NIFTY27JAN2625700CE,0.107171558205858
13-01-2026 09:35||NIFTY27JAN2625800CE,0.1065120844483573
13-01-2026 09:40||NIFTY27JAN2625200CE,0.1182972585626004
13-01-2026 09:40||NIFTY27JAN2625400CE,0.1141618511819968
13-01-2026 09:40||NIFTY27JAN2625600CE,0.1102854523784654
13-01-2026 09:45||NIFTY27JAN2623800PE,0.1959823207413406
13-01-2026 09:45||NIFTY27JAN2624500PE,0.1532332462764911
13-01-2026 09:45||NIFTY27JAN2625400CE,0.1003790544149918
13-01-2026 09:45||NIFTY27JAN2625800CE,0.0985944803789005
13-01-2026 09:45||NIFTY27JAN2625900CE,0.0989565484987062
13-01-2026 09:50||NIFTY27JAN2623900PE,0.1913280296464439
13-01-2026 09:50||NIFTY27JAN2624500PE,0.1528787450146385
13-01-2026 09:50||NIFTY27JAN2624600PE,0.1467864387419656
13-01-2026 09:50||NIFTY27JAN2625000PE,0.1258866469024863
13-01-2026 09:50||NIFTY27JAN2625100PE,0.1218738262840837
13-01-2026 09:50||NIFTY27JAN2626300CE,0.105333157571164
13-01-2026 09:55||NIFTY27JAN2624100PE,0.1783880786462814
13-01-2026 09:55||NIFTY27JAN2624200PE,0.1719365582377671
13-01-2026 09:55||NIFTY27JAN2624300PE,0.1652759040978222
13-01-2026 09:55||NIFTY27JAN2624700PE,0.1411725455852509
13-01-2026 09:55||NIFTY27JAN2625600CE,0.1047141781060196
13-01-2026 10:00||NIFTY27JAN2624200PE,0.169636355061868
13-01-2026 10:00||NIFTY27JAN2626300CE,0.111531006271865
13-01-2026 10:00||NIFTY27JAN2626500CE,0.1138213108934631
13-01-2026 10:05||NIFTY27JAN2624000PE,0.1820357297915592
13-01-2026 10:05||NIFTY27JAN2624800PE,0.1340102721103717
13-01-2026 10:05||NIFTY27JAN2626400CE,0.1095689612949585
13-01-2026 10:10||NIFTY27JAN2624100PE,0.179617886821415
13-01-2026 10:10||NIFTY27JAN2624200PE,0.172969422056153
13-01-2026 10:10||NIFTY27JAN2624500PE,0.1536273797250417
13-01-2026 10:10||NIFTY27JAN2624700PE,0.1418492409191373
13-01-2026 10:10||NIFTY27JAN2625100PE,0.1240680944605814
13-01-2026 10:10||NIFTY27JAN2625800CE,0.1013607011436959
13-01-2026 10:15||NIFTY27JAN2624500PE,0.1527635972973189
13-01-2026 10:15||NIFTY27JAN2624800PE,0.1356936188939375
13-01-2026 10:15||NIFTY27JAN2624900PE,0.1308382693021824
13-01-2026 10:15||NIFTY27JAN2625100PE,0.1233545590892992
13-01-2026 10:15||NIFTY27JAN2625800CE,0.1021631229068094
13-01-2026 10:20||NIFTY27JAN2623900PE,0.190989996893084
13-01-2026 10:20||NIFTY27JAN2624100PE,0.1785633125463605
13-01-2026 10:20||NIFTY27JAN2625300CE,0.1175732625565474
13-01-2026 10:20||NIFTY27JAN2625700CE,0.1056938886312005
13-01-2026 10:20||NIFTY27JAN2626500CE,0.1074474487243822
13-01-2026 10:25||NIFTY27JAN2623900PE,0.1918619283374722
13-01-2026 10:25||NIFTY27JAN2624200PE,0.1725892283107472
13-01-2026 10:25||NIFTY27JAN2624500PE,0.1518985667400917
13-01-2026 10:25||NIFTY27JAN2624700PE,0.1391714479761739
13-01-2026 10:25||NIFTY27JAN2625100PE,0.1192065230693758
13-01-2026 10:25||NIFTY27JAN2625700CE,0.1141838883051663
13-01-2026 10:30||NIFTY27JAN2623800PE,0.2002451899754753
13-01-2026 10:30||NIFTY27JAN2624400PE,0.1617962747948964
13-01-2026 10:30||NIFTY27JAN2624600PE,0.1490187914230594
13-01-2026 10:30||NIFTY27JAN2624700PE,0.1430472216338542
13-01-2026 10:30||NIFTY27JAN2624900PE,0.1316007788188976
13-01-2026 10:30||NIFTY27JAN2625300CE,0.1180420632999221
13-01-2026 10:30||NIFTY27JAN2625900CE,0.1024306536252673
13-01-2026 10:30||NIFTY27JAN2626000CE,0.101626030236372
13-01-2026 10:30||NIFTY27JAN2626100CE,0.1011629093112501
13-01-2026 10:30||NIFTY27JAN2626400CE,0.1035488611646535
13-01-2026 10:35||NIFTY27JAN2623800PE,0.2008350216270583
13-01-2026 10:35||NIFTY27JAN2623900PE,0.1941333423774773
13-01-2026 10:35||NIFTY27JAN2624300PE,0.1675310256886656
13-01-2026 10:35||NIFTY27JAN2624600PE,0.1487061662634757
13-01-2026 10:35||NIFTY27JAN2625000PE,0.1263698648123534
13-01-2026 10:35||NIFTY27JAN2626000CE,0.1015908265648578
13-01-2026 10:35||NIFTY27JAN2626100CE,0.1015791338592428
13-01-2026 10:40||NIFTY27JAN2623900PE,0.1925298806179277
13-01-2026 10:40||NIFTY27JAN2624000PE,0.1864454827813065
13-01-2026 10:40||NIFTY27JAN2624400PE,0.1603748355703316
13-01-2026 10:40||NIFTY27JAN2624500PE,0.1540159300541926
13-01-2026 10:40||NIFTY27JAN2624800PE,0.1363101741613229
13-01-2026 10:40||NIFTY27JAN2626300CE,0.1034034644174652
13-01-2026 10:45||NIFTY27JAN2623900PE,0.1909120964071413
13-01-2026 10:45||NIFTY27JAN2624900PE,0.1284244156225768
13-01-2026 10:45||NIFTY27JAN2625200CE,0.1204593674111301
13-01-2026 10:45||NIFTY27JAN2625600CE,0.1080525383420033
13-01-2026 10:50||NIFTY27JAN2624900PE,0.130659668373834
13-01-2026 10:50||NIFTY27JAN2625000PE,0.125759292995684
13-01-2026 10:50||NIFTY27JAN2625500CE,0.1073296880297644
13-01-2026 10:50||NIFTY27JAN2625600CE,0.1037971816823929
13-01-2026 10:50||NIFTY27JAN2625700CE,0.1011019022432627
13-01-2026 10:50||NIFTY27JAN2625900CE,0.098368760012773
13-01-2026 10:55||NIFTY27JAN2624300PE,0.1638104346950228
13-01-2026 10:55||NIFTY27JAN2624400PE,0.1572470998657068
13-01-2026 10:55||NIFTY27JAN2625200CE,0.1320177840265069
13-01-2026 10:55||NIFTY27JAN2625700CE,0.1097428695248782
13-01-2026 10:55||NIFTY27JAN2626400CE,0.1061391469998062
13-01-2026 11:00||NIFTY27JAN2623900PE,0.1899239786828833
13-01-2026 11:00||NIFTY27JAN2624200PE,0.1711893518103138
13-01-2026 11:00||NIFTY27JAN2625000PE,0.12416144058972
13-01-2026 11:00||NIFTY27JAN2625700CE,0.1024891757145924
13-01-2026 11:00||NIFTY27JAN2625800CE,0.1017545455923561
13-01-2026 11:00||NIFTY27JAN2626400CE,0.103499246610445
13-01-2026 11:05||NIFTY27JAN2624100PE,0.1764697135524182
13-01-2026 11:05||NIFTY27JAN2624800PE,0.1326378249595685
13-01-2026 11:05||NIFTY27JAN2625100PE,0.1188547706343729
13-01-2026 11:05||NIFTY27JAN2625800CE,0.1090641777111792
13-01-2026 11:10||NIFTY27JAN2623900PE,0.1896329182910043
13-01-2026 11:10||NIFTY27JAN2624800PE,0.1372980075608573
13-01-2026 11:10||NIFTY27JAN2624900PE,0.1412086375209428
13-01-2026 11:10||NIFTY27JAN2625000PE,0.1472438928527232
13-01-2026 11:10||NIFTY27JAN2625100PE,0.1533770527428156
13-01-2026 11:10||NIFTY27JAN2625900CE,0.1031341885370246
13-01-2026 11:10||NIFTY27JAN2626400CE,0.1035149369196342
13-01-2026 11:15||NIFTY27JAN2624500PE,0.1508886600506586
13-01-2026 11:15||NIFTY27JAN2625100PE,0.1203491269861665
13-01-2026 11:15||NIFTY27JAN2625200CE,0.1161657167674139
13-01-2026 11:15||NIFTY27JAN2625300CE,0.1134968771096502
13-01-2026 11:20||NIFTY27JAN2624900PE,0.128081177645219
13-01-2026 11:20||NIFTY27JAN2626100CE,0.1009316721418819
13-01-2026 11:25||NIFTY27JAN2624000PE,0.1825438891547206
13-01-2026 11:25||NIFTY27JAN2624500PE,0.1497974032490655
13-01-2026 11:25||NIFTY27JAN2624800PE,0.132324025416496
13-01-2026 11:25||NIFTY27JAN2625600CE,0.1104847247495394
13-01-2026 11:25||NIFTY27JAN2626000CE,0.1027516757600415
13-01-2026 11:25||NIFTY27JAN2626200CE,0.1017402520996812
13-01-2026 11:25||NIFTY27JAN2626400CE,0.1034000888850025
13-01-2026 11:30||NIFTY27JAN2625100PE,0.1178722618768266
13-01-2026 11:30||NIFTY27JAN2625500CE,0.1151014533620908
13-01-2026 11:30||NIFTY27JAN2625800CE,0.107189889049184
13-01-2026 11:30||NIFTY27JAN2625900CE,0.105349951754894
13-01-2026 11:35||NIFTY27JAN2623800PE,0.1974845653940717
13-01-2026 11:35||NIFTY27JAN2623900PE,0.1908535555991029
13-01-2026 11:35||NIFTY27JAN2624100PE,0.17749953236373
13-01-2026 11:35||NIFTY27JAN2624900PE,0.1290606091978568
13-01-2026 11:35||NIFTY27JAN2625300CE,0.1107948725413654
13-01-2026 11:35||NIFTY27JAN2626000CE,0.0994136941695138
13-01-2026 11:35||NIFTY27JAN2626300CE,0.0999453712279907
13-01-2026 11:35||NIFTY27JAN2626500CE,0.1018983101678368
13-01-2026 11:40||NIFTY27JAN2623800PE,0.194581938642002
13-01-2026 11:40||NIFTY27JAN2624500PE,0.1515478323005601
13-01-2026 11:40||NIFTY27JAN2624900PE,0.1297577651012873
13-01-2026 11:40||NIFTY27JAN2625300CE,0.0993355905815533
13-01-2026 11:40||NIFTY27JAN2625400CE,0.0983552990189846
13-01-2026 11:45||NIFTY27JAN2623800PE,0.1927835012502789
13-01-2026 11:45||NIFTY27JAN2625000PE,0.1221027032544005
13-01-2026 11:45||NIFTY27JAN2625400CE,0.1118900633354696
13-01-2026 11:45||NIFTY27JAN2625800CE,0.1036334177212812
13-01-2026 11:45||NIFTY27JAN2626200CE,0.100947074473173
13-01-2026 11:45||NIFTY27JAN2626300CE,0.1016881090724132
13-01-2026 11:45||NIFTY27JAN2626400CE,0.1030991334685128
13-01-2026 11:50||NIFTY27JAN2624000PE,0.1807734343580908
13-01-2026 11:50||NIFTY27JAN2624300PE,0.1624191265993516
13-01-2026 11:50||NIFTY27JAN2625100PE,0.1203511106566346
13-01-2026 11:50||NIFTY27JAN2626200CE,0.0979969366102433
13-01-2026 11:50||NIFTY27JAN2626300CE,0.0990649796371101
13-01-2026 11:55||NIFTY27JAN2624300PE,0.1606572206345292
13-01-2026 11:55||NIFTY27JAN2624800PE,0.1314060417088456
13-01-2026 11:55||NIFTY27JAN2625000PE,0.1218110712293716
13-01-2026 11:55||NIFTY27JAN2625400CE,0.1089752150435499
13-01-2026 11:55||NIFTY27JAN2625500CE,0.105673006129616
13-01-2026 12:00||NIFTY27JAN2624500PE,0.1474674321319364
13-01-2026 12:00||NIFTY27JAN2625000PE,0.1210282880863097
13-01-2026 12:00||NIFTY27JAN2625900CE,0.1021685776363496
13-01-2026 12:05||NIFTY27JAN2623800PE,0.1917785139652243
13-01-2026 12:05||NIFTY27JAN2624500PE,0.1464573165379638
13-01-2026 12:05||NIFTY27JAN2624700PE,0.13488151074846
13-01-2026 12:05||NIFTY27JAN2625000PE,0.1196367474040309
13-01-2026 12:05||NIFTY27JAN2625300CE,0.1125384012438161
13-01-2026 12:05||NIFTY27JAN2625800CE,0.1048201037131101
13-01-2026 12:10||NIFTY27JAN2624500PE,0.1477442152507416
13-01-2026 12:10||NIFTY27JAN2625000PE,0.1223373609316245
13-01-2026 12:10||NIFTY27JAN2625200CE,0.1097306604675963
13-01-2026 12:10||NIFTY27JAN2625500CE,0.0999139543109574
13-01-2026 12:10||NIFTY27JAN2625600CE,0.0996032844845667
13-01-2026 12:15||NIFTY27JAN2624200PE,0.1654634342762745
13-01-2026 12:15||NIFTY27JAN2624300PE,0.159153225904965
13-01-2026 12:15||NIFTY27JAN2625300CE,0.1154209800348714
13-01-2026 12:15||NIFTY27JAN2625800CE,0.1062800473789155
13-01-2026 12:15||NIFTY27JAN2626500CE,0.107092966273631
13-01-2026 12:20||NIFTY27JAN2624100PE,0.1712818220082758
13-01-2026 12:20||NIFTY27JAN2624700PE,0.136116091225756
13-01-2026 12:20||NIFTY27JAN2625100PE,0.1180753897710073
13-01-2026 12:20||NIFTY27JAN2625700CE,0.1019560861450162
13-01-2026 12:25||NIFTY27JAN2623800PE,0.1876540966957673
13-01-2026 12:25||NIFTY27JAN2624200PE,0.1644352541363577
13-01-2026 12:25||NIFTY27JAN2624300PE,0.1580213218476931
13-01-2026 12:25||NIFTY27JAN2624500PE,0.1451293646119084
13-01-2026 12:25||NIFTY27JAN2625700CE,0.1111556796032415
13-01-2026 12:30||NIFTY27JAN2623900PE,0.1829529856331646
13-01-2026 12:30||NIFTY27JAN2624000PE,0.1767640913126035
13-01-2026 12:30||NIFTY27JAN2624100PE,0.1706477032648996
13-01-2026 12:30||NIFTY27JAN2624400PE,0.1528644246126415
13-01-2026 12:30||NIFTY27JAN2624700PE,0.1357299428341907
13-01-2026 12:30||NIFTY27JAN2624900PE,0.1255987059830764
13-01-2026 12:30||NIFTY27JAN2626000CE,0.1004162076074629
13-01-2026 12:30||NIFTY27JAN2626400CE,0.1048540778242681
13-01-2026 12:35||NIFTY27JAN2624200PE,0.1637476306363719
13-01-2026 12:35||NIFTY27JAN2624300PE,0.1578980715502124
13-01-2026 12:35||NIFTY27JAN2624600PE,0.140415686879379
13-01-2026 12:35||NIFTY27JAN2624800PE,0.1292094400794853
13-01-2026 12:35||NIFTY27JAN2625100PE,0.1160580114921093
13-01-2026 12:35||NIFTY27JAN2625900CE,0.1024094492312002
13-01-2026 12:35||NIFTY27JAN2626100CE,0.1024089282808088
13-01-2026 12:35||NIFTY27JAN2626400CE,0.1058626524999278
13-01-2026 12:40||NIFTY27JAN2624100PE,0.1696368753970414
13-01-2026 12:40||NIFTY27JAN2624300PE,0.1576632937343026
13-01-2026 12:40||NIFTY27JAN2624600PE,0.1404028382751512
13-01-2026 12:40||NIFTY27JAN2624700PE,0.1348410227429869
13-01-2026 12:40||NIFTY27JAN2625100PE,0.1171877603832425
13-01-2026 12:40||NIFTY27JAN2626500CE,0.1050720484485432
13-01-2026 12:45||NIFTY27JAN2625300CE,0.0996043450893031
13-01-2026 12:45||NIFTY27JAN2626200CE,0.1014396765636733
13-01-2026 12:50||NIFTY27JAN2623900PE,0.1812319341848624
13-01-2026 12:50||NIFTY27JAN2624100PE,0.16933191367347
13-01-2026 12:50||NIFTY27JAN2624600PE,0.1401821960862648
13-01-2026 12:50||NIFTY27JAN2625400CE,0.1066759132041893
13-01-2026 12:50||NIFTY27JAN2625500CE,0.105367014704389
13-01-2026 12:55||NIFTY27JAN2624000PE,0.1741674758167129
13-01-2026 12:55||NIFTY27JAN2624300PE,0.15663560330406
13-01-2026 12:55||NIFTY27JAN2624500PE,0.1454393117933759
13-01-2026 12:55||NIFTY27JAN2624700PE,0.1345969301467917
13-01-2026 12:55||NIFTY27JAN2625000PE,0.1204696441975087
13-01-2026 12:55||NIFTY27JAN2625100PE,0.1159198825510254
13-01-2026 12:55||NIFTY27JAN2625300CE,0.111718116147524
13-01-2026 12:55||NIFTY27JAN2625500CE,0.1056536593375797
13-01-2026 12:55||NIFTY27JAN2626200CE,0.1044409203214065
13-01-2026 12:55||NIFTY27JAN2626400CE,0.1067959528384585
13-01-2026 12:55||NIFTY27JAN2626500CE,0.1080061811621038
13-01-2026 13:00||NIFTY27JAN2624000PE,0.1743269072196864
13-01-2026 13:00||NIFTY27JAN2624600PE,0.1391995165426878
13-01-2026 13:00||NIFTY27JAN2624700PE,0.1337595267663082
13-01-2026 13:00||NIFTY27JAN2626400CE,0.1091231062736496
13-01-2026 13:05||NIFTY27JAN2624000PE,0.1749831823052263
13-01-2026 13:05||NIFTY27JAN2624600PE,0.1386883451441771
13-01-2026 13:05||NIFTY27JAN2625200CE,0.1187855260299775
13-01-2026 13:05||NIFTY27JAN2625700CE,0.107591570896598
13-01-2026 13:05||NIFTY27JAN2626500CE,0.1145754856037692
13-01-2026 13:10||NIFTY27JAN2623900PE,0.1834346314091411
13-01-2026 13:10||NIFTY27JAN2624400PE,0.1519763331062683
13-01-2026 13:10||NIFTY27JAN2624500PE,0.1460361209594002
13-01-2026 13:10||NIFTY27JAN2624700PE,0.1348546386177227
13-01-2026 13:10||NIFTY27JAN2625000PE,0.120874770792522
13-01-2026 13:10||NIFTY27JAN2625600CE,0.1038140705353898
13-01-2026 13:10||NIFTY27JAN2626000CE,0.102012466379448
13-01-2026 13:10||NIFTY27JAN2626400CE,0.1078772414502778
13-01-2026 13:10||NIFTY27JAN2626500CE,0.1103014442736658
13-01-2026 13:15||NIFTY27JAN2623800PE,0.1881733680060721
13-01-2026 13:15||NIFTY27JAN2624000PE,0.1763058773390828
13-01-2026 13:15||NIFTY27JAN2624100PE,0.1702229333297399
13-01-2026 13:15||NIFTY27JAN2624700PE,0.1343360594103101
13-01-2026 13:15||NIFTY27JAN2625000PE,0.1199409966710491
13-01-2026 13:15||NIFTY27JAN2625800CE,0.1065257246497605
13-01-2026 13:15||NIFTY27JAN2626100CE,0.1053302324529832
13-01-2026 13:15||NIFTY27JAN2626200CE,0.1062569189892181
13-01-2026 13:15||NIFTY27JAN2626300CE,0.1080474698755899
13-01-2026 13:20||NIFTY27JAN2624300PE,0.158001143870274
13-01-2026 13:20||NIFTY27JAN2624400PE,0.1517201175206914
13-01-2026 13:20||NIFTY27JAN2624800PE,0.1285908679492083
13-01-2026 13:20||NIFTY27JAN2625000PE,0.1193893471885522
13-01-2026 13:20||NIFTY27JAN2625300CE,0.1170095603565006
13-01-2026 13:20||NIFTY27JAN2625400CE,0.1138967259778425
13-01-2026 13:20||NIFTY27JAN2625900CE,0.1047055644493201
13-01-2026 13:20||NIFTY27JAN2626500CE,0.1128634595982515
13-01-2026 13:25||NIFTY27JAN2624000PE,0.1773779185746093
13-01-2026 13:25||NIFTY27JAN2624200PE,0.1647848249382324
13-01-2026 13:25||NIFTY27JAN2624300PE,0.1583964834298177
13-01-2026 13:25||NIFTY27JAN2624600PE,0.1398750645794478
13-01-2026 13:25||NIFTY27JAN2625600CE,0.1044574376396689
13-01-2026 13:25||NIFTY27JAN2626400CE,0.1089673134888415
13-01-2026 13:30||NIFTY27JAN2623800PE,0.1889103808283705
13-01-2026 13:30||NIFTY27JAN2624000PE,0.1763883707005372
13-01-2026 13:30||NIFTY27JAN2624100PE,0.1700763355794837
13-01-2026 13:30||NIFTY27JAN2625500CE,0.1094563785355362
13-01-2026 13:35||NIFTY27JAN2624300PE,0.1590113827388576
13-01-2026 13:35||NIFTY27JAN2624800PE,0.1296493936359737
13-01-2026 13:35||NIFTY27JAN2625700CE,0.1019550441782764
13-01-2026 13:40||NIFTY27JAN2623800PE,0.1901732797711935
13-01-2026 13:40||NIFTY27JAN2624400PE,0.1495665962356198
13-01-2026 13:40||NIFTY27JAN2624500PE,0.1435199823908505
13-01-2026 13:40||NIFTY27JAN2625500CE,0.1114395408289031
13-01-2026 13:40||NIFTY27JAN2625700CE,0.1077979369022583
13-01-2026 13:40||NIFTY27JAN2625900CE,0.104842820654142
13-01-2026 13:40||NIFTY27JAN2626100CE,0.1041362265184038
13-01-2026 13:45||NIFTY27JAN2624000PE,0.1764222276215147
13-01-2026 13:45||NIFTY27JAN2624100PE,0.169644246637199
13-01-2026 13:45||NIFTY27JAN2625100PE,0.1165592463448775
13-01-2026 13:45||NIFTY27JAN2625300CE,0.1109845780910452
13-01-2026 13:45||NIFTY27JAN2625800CE,0.1014213033491514
13-01-2026 13:45||NIFTY27JAN2626000CE,0.1010044332950985
13-01-2026 13:50||NIFTY27JAN2624200PE,0.162436815653255
13-01-2026 13:50||NIFTY27JAN2624400PE,0.1497716770769601
13-01-2026 13:50||NIFTY27JAN2624500PE,0.1437710431189643
13-01-2026 13:50||NIFTY27JAN2626000CE,0.1018318850446177
13-01-2026 13:55||NIFTY27JAN2624200PE,0.1623761336466046
13-01-2026 13:55||NIFTY27JAN2624300PE,0.1560027255145247
13-01-2026 13:55||NIFTY27JAN2625000PE,0.118736725195856
13-01-2026 13:55||NIFTY27JAN2625500CE,0.109066172169564
13-01-2026 13:55||NIFTY27JAN2626000CE,0.1028622457945172
13-01-2026 14:00||NIFTY27JAN2623900PE,0.1806497296720003
13-01-2026 14:00||NIFTY27JAN2624000PE,0.1743231203962807
13-01-2026 14:00||NIFTY27JAN2624100PE,0.1681224883199787
13-01-2026 14:00||NIFTY27JAN2624600PE,0.1388811429349873
13-01-2026 14:00||NIFTY27JAN2625300CE,0.1048457964928273
13-01-2026 14:00||NIFTY27JAN2625700CE,0.1015642374338782
13-01-2026 14:05||NIFTY27JAN2623900PE,0.180185482866774
13-01-2026 14:05||NIFTY27JAN2624200PE,0.1615014904311933
13-01-2026 14:05||NIFTY27JAN2624500PE,0.1433100723684498
13-01-2026 14:05||NIFTY27JAN2625700CE,0.1039973976941826
13-01-2026 14:05||NIFTY27JAN2626300CE,0.1061924011429308
13-01-2026 14:05||NIFTY27JAN2626500CE,0.1115408964096268
13-01-2026 14:10||NIFTY27JAN2624300PE,0.1548047063186131
13-01-2026 14:10||NIFTY27JAN2624700PE,0.1321753249107204
13-01-2026 14:10||NIFTY27JAN2625200CE,0.1047040995314905
13-01-2026 14:10||NIFTY27JAN2625400CE,0.1036785097052462
13-01-2026 14:10||NIFTY27JAN2626100CE,0.1010309450534671
13-01-2026 14:15||NIFTY27JAN2623800PE,0.1841126062812095
13-01-2026 14:15||NIFTY27JAN2624800PE,0.1253149737279805
13-01-2026 14:15||NIFTY27JAN2626200CE,0.103673168222867
13-01-2026 14:20||NIFTY27JAN2624000PE,0.1714666363711806
13-01-2026 14:20||NIFTY27JAN2624400PE,0.1476049667140354
13-01-2026 14:20||NIFTY27JAN2624800PE,0.1265452884748467
13-01-2026 14:20||NIFTY27JAN2624900PE,0.1220573368013678
13-01-2026 14:20||NIFTY27JAN2625200CE,0.1083143821133733
13-01-2026 14:20||NIFTY27JAN2625800CE,0.0992302576605299
13-01-2026 14:25||NIFTY27JAN2624000PE,0.1711299378261393
13-01-2026 14:25||NIFTY27JAN2624100PE,0.1648924267227999
13-01-2026 14:25||NIFTY27JAN2624200PE,0.1586913220050439
13-01-2026 14:25||NIFTY27JAN2624500PE,0.1410755188344943
13-01-2026 14:25||NIFTY27JAN2624600PE,0.135513189861965
13-01-2026 14:25||NIFTY27JAN2625600CE,0.1032860406282712
13-01-2026 14:25||NIFTY27JAN2626000CE,0.1014888901150632
13-01-2026 14:25||NIFTY27JAN2626200CE,0.103788412043415
13-01-2026 14:30||NIFTY27JAN2624500PE,0.1394194310848578
13-01-2026 14:30||NIFTY27JAN2624600PE,0.1338005161196389
13-01-2026 14:30||NIFTY27JAN2624900PE,0.1189936745346908
13-01-2026 14:30||NIFTY27JAN2625100PE,0.1114855683357009
13-01-2026 14:30||NIFTY27JAN2625600CE,0.1113884295861605
13-01-2026 14:35||NIFTY27JAN2623800PE,0.1825152192454823
13-01-2026 14:35||NIFTY27JAN2624200PE,0.1584137609665559
13-01-2026 14:35||NIFTY27JAN2625100PE,0.1115123979876988
13-01-2026 14:35||NIFTY27JAN2625400CE,0.1167196080367057
13-01-2026 14:35||NIFTY27JAN2626300CE,0.1073920337660342
13-01-2026 14:35||NIFTY27JAN2626500CE,0.1128291975462755
13-01-2026 14:40||NIFTY27JAN2624500PE,0.1412930774183987
13-01-2026 14:40||NIFTY27JAN2624600PE,0.1354929400350415
13-01-2026 14:40||NIFTY27JAN2624800PE,0.1245672292939964
13-01-2026 14:40||NIFTY27JAN2625300CE,0.1214365984148212
13-01-2026 14:40||NIFTY27JAN2625600CE,0.1104000326655903
13-01-2026 14:40||NIFTY27JAN2625800CE,0.1061811376726189
13-01-2026 14:45||NIFTY27JAN2625100PE,0.1144780170573016
13-01-2026 14:45||NIFTY27JAN2626000CE,0.100162060558921
13-01-2026 14:45||NIFTY27JAN2626100CE,0.1004000455254877
13-01-2026 14:45||NIFTY27JAN2626500CE,0.1074932903777618
13-01-2026 14:50||NIFTY27JAN2624400PE,0.1483194952812849
13-01-2026 14:50||NIFTY27JAN2624500PE,0.1420973058717688
13-01-2026 14:55||NIFTY27JAN2623800PE,0.1891579070393442
13-01-2026 14:55||NIFTY27JAN2623900PE,0.1825807345700921
13-01-2026 14:55||NIFTY27JAN2624100PE,0.169555275384743
13-01-2026 14:55||NIFTY27JAN2624400PE,0.1505159269668906
13-01-2026 14:55||NIFTY27JAN2624500PE,0.1442842732966694
13-01-2026 14:55||NIFTY27JAN2624800PE,0.1275823862237331
13-01-2026 14:55||NIFTY27JAN2624900PE,0.1227519704985288
13-01-2026 14:55||NIFTY27JAN2625100PE,0.1141856641330243
13-01-2026 14:55||NIFTY27JAN2625700CE,0.1009299154439064
13-01-2026 14:55||NIFTY27JAN2625900CE,0.0982991177350681
13-01-2026 14:55||NIFTY27JAN2626400CE,0.1030576039868983
13-01-2026 15:00||NIFTY27JAN2623900PE,0.1842884487062864
13-01-2026 15:00||NIFTY27JAN2624500PE,0.1469122048491481
13-01-2026 15:00||NIFTY27JAN2624600PE,0.1410674005452868
13-01-2026 15:00||NIFTY27JAN2625100PE,0.1180101107672459
13-01-2026 15:00||NIFTY27JAN2625700CE,0.0894965183785519
13-01-2026 15:00||NIFTY27JAN2626200CE,0.0933592156362669
13-01-2026 15:05||NIFTY27JAN2624000PE,0.1746348001779644
13-01-2026 15:05||NIFTY27JAN2624500PE,0.1424850063174656
13-01-2026 15:05||NIFTY27JAN2624900PE,0.1203232828144085
13-01-2026 15:05||NIFTY27JAN2625400CE,0.113974143077292
13-01-2026 15:05||NIFTY27JAN2625700CE,0.1052998233077005
13-01-2026 15:05||NIFTY27JAN2625800CE,0.1030103743795532
13-01-2026 15:05||NIFTY27JAN2626000CE,0.1005519443602229
13-01-2026 15:05||NIFTY27JAN2626100CE,0.1002930123721186
13-01-2026 15:05||NIFTY27JAN2626500CE,0.106920672847417
13-01-2026 15:10||NIFTY27JAN2624000PE,0.1769343692489174
13-01-2026 15:10||NIFTY27JAN2624200PE,0.1642927080661374
13-01-2026 15:10||NIFTY27JAN2624400PE,0.1516555318377926
13-01-2026 15:10||NIFTY27JAN2624900PE,0.1237973664992606
13-01-2026 15:10||NIFTY27JAN2625300CE,0.09583806205663
13-01-2026 15:10||NIFTY27JAN2625600CE,0.0943276964133299
13-01-2026 15:10||NIFTY27JAN2626200CE,0.0950849406042582
13-01-2026 15:15||NIFTY27JAN2623800PE,0.1873108933303578
13-01-2026 15:15||NIFTY27JAN2624200PE,0.1652090650402203
13-01-2026 15:15||NIFTY27JAN2624600PE,0.1406600239630238
13-01-2026 15:15||NIFTY27JAN2624700PE,0.1351247843585465
13-01-2026 15:15||NIFTY27JAN2625700CE,0.0922640257054611
13-01-2026 15:15||NIFTY27JAN2626000CE,0.0922362502632628
13-01-2026 15:15||NIFTY27JAN2626300CE,0.0963700246982314
13-01-2026 15:15||NIFTY27JAN2626500CE,0.1014437594067584
13-01-2026 15:20||NIFTY27JAN2623900PE,0.1826568516077005
13-01-2026 15:20||NIFTY27JAN2624300PE,0.158390499007768
13-01-2026 15:20||NIFTY27JAN2624800PE,0.1282336919245288
13-01-2026 15:20||NIFTY27JAN2625300CE,0.1032524759996767
13-01-2026 15:20||NIFTY27JAN2625600CE,0.0982002265163755
13-01-2026 15:20||NIFTY27JAN2626200CE,0.0965308455346307
13-01-2026 15:25||NIFTY27JAN2624500PE,0.1461291288775159
13-01-2026 15:25||NIFTY27JAN2624700PE,0.1347896536673692
13-01-2026 15:25||NIFTY27JAN2624900PE,0.1244167098419415
13-01-2026 15:25||NIFTY27JAN2626000CE,0.0933444865675106
14-01-2026 09:15||NIFTY27JAN2624300PE,0.1622528352969048
14-01-2026 09:15||NIFTY27JAN2624400PE,0.1557086525167622
14-01-2026 09:15||NIFTY27JAN2625300CE,0.1300551498154473
14-01-2026 09:15||NIFTY27JAN2626100CE,0.100858506440893
14-01-2026 09:15||NIFTY27JAN2626500CE,0.1067144324115681
14-01-2026 09:20||NIFTY27JAN2624100PE,0.1766489879621259
14-01-2026 09:25||NIFTY27JAN2624000PE,0.1829998545351078
14-01-2026 09:25||NIFTY27JAN2624200PE,0.169927233988649
14-01-2026 09:25||NIFTY27JAN2624700PE,0.1368942451119377
14-01-2026 09:25||NIFTY27JAN2625300CE,0.1253413878134296
14-01-2026 09:25||NIFTY27JAN2626500CE,0.1079743031268757
14-01-2026 09:30||NIFTY27JAN2623800PE,0.1977940387803189
14-01-2026 09:30||NIFTY27JAN2624000PE,0.185354609378408
14-01-2026 09:30||NIFTY27JAN2624600PE,0.146103499958316
14-01-2026 09:30||NIFTY27JAN2624700PE,0.1399062177971556
14-01-2026 09:30||NIFTY27JAN2626200CE,0.0974329780277471
14-01-2026 09:30||NIFTY27JAN2626500CE,0.1034361223296047
14-01-2026 09:35||NIFTY27JAN2624000PE,0.1843573829322378
14-01-2026 09:35||NIFTY27JAN2625500CE,0.1035939965417501
14-01-2026 09:35||NIFTY27JAN2626400CE,0.1024367787886811
14-01-2026 09:40||NIFTY27JAN2623800PE,0.1944199766017016
14-01-2026 09:40||NIFTY27JAN2624000PE,0.1824537902359103
14-01-2026 09:40||NIFTY27JAN2624200PE,0.169849179776561
14-01-2026 09:40||NIFTY27JAN2624700PE,0.1375797305110705
14-01-2026 09:40||NIFTY27JAN2624800PE,0.1316294942443114
14-01-2026 09:40||NIFTY27JAN2625000PE,0.1205005952634533
14-01-2026 09:40||NIFTY27JAN2625500CE,0.0992395317028375
14-01-2026 09:40||NIFTY27JAN2625800CE,0.0965263588626062
14-01-2026 09:45||NIFTY27JAN2624300PE,0.1623401086984552
14-01-2026 09:45||NIFTY27JAN2624400PE,0.1557116087453099
14-01-2026 09:45||NIFTY27JAN2624500PE,0.1491312795952758
14-01-2026 09:45||NIFTY27JAN2624600PE,0.1427276396803991
14-01-2026 09:45||NIFTY27JAN2625400CE,0.1061737101233981
14-01-2026 09:50||NIFTY27JAN2623800PE,0.1939468857007901
14-01-2026 09:50||NIFTY27JAN2623900PE,0.1874814695314734
14-01-2026 09:50||NIFTY27JAN2624600PE,0.1413135842878317
14-01-2026 09:50||NIFTY27JAN2625200CE,0.1402964234859813
14-01-2026 09:50||NIFTY27JAN2625300CE,0.1338574510394919
14-01-2026 09:50||NIFTY27JAN2626400CE,0.1080196078952152
14-01-2026 09:55||NIFTY27JAN2624100PE,0.1788917090508003
14-01-2026 09:55||NIFTY27JAN2626000CE,0.0944551745307446
14-01-2026 10:00||NIFTY27JAN2624000PE,0.1822478481691924
14-01-2026 10:00||NIFTY27JAN2624400PE,0.155622091778961
14-01-2026 10:00||NIFTY27JAN2625100PE,0.1160034156109704
14-01-2026 10:00||NIFTY27JAN2625500CE,0.1036638732936108
14-01-2026 10:00||NIFTY27JAN2626100CE,0.0967758412395523
14-01-2026 10:00||NIFTY27JAN2626500CE,0.1026164518302064
14-01-2026 10:05||NIFTY27JAN2624600PE,0.1421477011560439
14-01-2026 10:05||NIFTY27JAN2624800PE,0.1299572268474858
14-01-2026 10:05||NIFTY27JAN2625000PE,0.1188145227098135
14-01-2026 10:05||NIFTY27JAN2625300CE,0.1139714899549486
14-01-2026 10:05||NIFTY27JAN2625400CE,0.1087903001488491
14-01-2026 10:05||NIFTY27JAN2626200CE,0.0988102074871451
14-01-2026 10:05||NIFTY27JAN2626300CE,0.1006285798962252
14-01-2026 10:05||NIFTY27JAN2626400CE,0.1031586839716521
14-01-2026 10:10||NIFTY27JAN2624000PE,0.1804718313991226
14-01-2026 10:10||NIFTY27JAN2624200PE,0.1674282052234904
14-01-2026 10:10||NIFTY27JAN2624500PE,0.1475814001771114
14-01-2026 10:10||NIFTY27JAN2624600PE,0.1411947591436246
14-01-2026 10:10||NIFTY27JAN2625400CE,0.1096726200349826
14-01-2026 10:10||NIFTY27JAN2625600CE,0.1034932855119305
14-01-2026 10:10||NIFTY27JAN2626400CE,0.1042924264859054
14-01-2026 10:15||NIFTY27JAN2624100PE,0.1746444506591415
14-01-2026 10:15||NIFTY27JAN2625000PE,0.1192444233946049
14-01-2026 10:15||NIFTY27JAN2625200CE,0.1005399386577722
14-01-2026 10:15||NIFTY27JAN2625600CE,0.0978242197458165
14-01-2026 10:15||NIFTY27JAN2625900CE,0.0955512354240327
14-01-2026 10:20||NIFTY27JAN2624200PE,0.1666731260940767
14-01-2026 10:20||NIFTY27JAN2624700PE,0.1339481863482415
14-01-2026 10:20||NIFTY27JAN2625000PE,0.1173640095888215
14-01-2026 10:20||NIFTY27JAN2625500CE,0.1022042064879772
14-01-2026 10:20||NIFTY27JAN2625600CE,0.1007711547392087
14-01-2026 10:20||NIFTY27JAN2625700CE,0.0990828860174928
14-01-2026 10:20||NIFTY27JAN2625800CE,0.0978187681954264
14-01-2026 10:25||NIFTY27JAN2623800PE,0.1921550909937134
14-01-2026 10:25||NIFTY27JAN2624300PE,0.1598305164703128
14-01-2026 10:25||NIFTY27JAN2625000PE,0.1172731007439782
14-01-2026 10:25||NIFTY27JAN2626100CE,0.0986730664242057
14-01-2026 10:25||NIFTY27JAN2626200CE,0.0999015333829113
14-01-2026 10:25||NIFTY27JAN2626400CE,0.1046978813572812
14-01-2026 10:30||NIFTY27JAN2623900PE,0.1853246276691173
14-01-2026 10:30||NIFTY27JAN2624000PE,0.1794348394775015
14-01-2026 10:30||NIFTY27JAN2624700PE,0.1333576315494348
14-01-2026 10:30||NIFTY27JAN2624800PE,0.1274686203888829
14-01-2026 10:30||NIFTY27JAN2625100PE,0.1140803037421697
14-01-2026 10:30||NIFTY27JAN2625200CE,0.1206334850592686
14-01-2026 10:30||NIFTY27JAN2626500CE,0.1079000606168605
14-01-2026 10:35||NIFTY27JAN2623900PE,0.1870318496675157
14-01-2026 10:35||NIFTY27JAN2624400PE,0.1541233820968203
14-01-2026 10:35||NIFTY27JAN2625600CE,0.0985556208829968
14-01-2026 10:35||NIFTY27JAN2625700CE,0.0973035347840528
14-01-2026 10:35||NIFTY27JAN2626300CE,0.1002334661435179
14-01-2026 10:40||NIFTY27JAN2623800PE,0.1901971444207323
14-01-2026 10:40||NIFTY27JAN2624100PE,0.1737409880818178
14-01-2026 10:40||NIFTY27JAN2625300CE,0.1060967716144719
14-01-2026 10:40||NIFTY27JAN2625600CE,0.0983561758862773
14-01-2026 10:40||NIFTY27JAN2626300CE,0.1004398937094577
14-01-2026 10:40||NIFTY27JAN2626500CE,0.1058367988802404
14-01-2026 10:45||NIFTY27JAN2624000PE,0.1770578420604766
14-01-2026 10:45||NIFTY27JAN2624600PE,0.1380461355959796
14-01-2026 10:45||NIFTY27JAN2624800PE,0.1256606018754829
14-01-2026 10:45||NIFTY27JAN2625400CE,0.1200154111274533
14-01-2026 10:50||NIFTY27JAN2624000PE,0.180004593329536
14-01-2026 10:50||NIFTY27JAN2624300PE,0.1608127615637625
14-01-2026 10:50||NIFTY27JAN2624800PE,0.1282665458412978
14-01-2026 10:50||NIFTY27JAN2625200CE,0.1156131052830061
14-01-2026 10:50||NIFTY27JAN2625400CE,0.1098795479157455
14-01-2026 10:50||NIFTY27JAN2625800CE,0.1003058308178284
14-01-2026 10:55||NIFTY27JAN2624600PE,0.1405388504357232
14-01-2026 10:55||NIFTY27JAN2625000PE,0.1165886224557954
14-01-2026 10:55||NIFTY27JAN2625200CE,0.1259620355122535
14-01-2026 10:55||NIFTY27JAN2626200CE,0.1009904082924629
14-01-2026 10:55||NIFTY27JAN2626300CE,0.1010306166517212
14-01-2026 10:55||NIFTY27JAN2626400CE,0.1012499386423673
14-01-2026 10:55||NIFTY27JAN2626500CE,0.1015427362144388
14-01-2026 11:00||NIFTY27JAN2624100PE,0.1754168619056719
14-01-2026 11:00||NIFTY27JAN2626100CE,0.0992512354271911
14-01-2026 11:00||NIFTY27JAN2626300CE,0.1010503472143697
14-01-2026 11:05||NIFTY27JAN2624000PE,0.1821276969380238
14-01-2026 11:05||NIFTY27JAN2624800PE,0.1307804176430316
14-01-2026 11:05||NIFTY27JAN2625300CE,0.1063918342023029
14-01-2026 11:05||NIFTY27JAN2626000CE,0.0961682667560664
14-01-2026 11:05||NIFTY27JAN2626100CE,0.0963804213612604
14-01-2026 11:05||NIFTY27JAN2626300CE,0.098949268430193
14-01-2026 11:10||NIFTY27JAN2624000PE,0.1817500314197297
14-01-2026 11:10||NIFTY27JAN2624300PE,0.1622405189436084
14-01-2026 11:10||NIFTY27JAN2624500PE,0.1488133873343947
14-01-2026 11:10||NIFTY27JAN2625200CE,0.1171121230643092
14-01-2026 11:15||NIFTY27JAN2624100PE,0.1759962297393363
14-01-2026 11:15||NIFTY27JAN2624300PE,0.1626562412675361
14-01-2026 11:15||NIFTY27JAN2624400PE,0.1558677329951755
14-01-2026 11:15||NIFTY27JAN2624500PE,0.1492137486968959
14-01-2026 11:15||NIFTY27JAN2624600PE,0.1425341806296118
14-01-2026 11:15||NIFTY27JAN2625500CE,0.1096310774053317
14-01-2026 11:15||NIFTY27JAN2625800CE,0.1011426300304806
14-01-2026 11:15||NIFTY27JAN2626000CE,0.0982378508562279
14-01-2026 11:20||NIFTY27JAN2623800PE,0.1972738725860616
14-01-2026 11:20||NIFTY27JAN2623900PE,0.1906456343610712
14-01-2026 11:20||NIFTY27JAN2624600PE,0.1435378737251306
14-01-2026 11:20||NIFTY27JAN2624800PE,0.1311030351514625
14-01-2026 11:20||NIFTY27JAN2625100PE,0.1168972866567907
14-01-2026 11:20||NIFTY27JAN2625300CE,0.111138674639787
14-01-2026 11:20||NIFTY27JAN2625600CE,0.1013531674947605
14-01-2026 11:20||NIFTY27JAN2625800CE,0.097700475602187
14-01-2026 11:25||NIFTY27JAN2623900PE,0.188374925782846
14-01-2026 11:25||NIFTY27JAN2624700PE,0.1353462901922278
14-01-2026 11:25||NIFTY27JAN2624900PE,0.1232726438838894
14-01-2026 11:25||NIFTY27JAN2625400CE,0.1265754973563174
14-01-2026 11:25||NIFTY27JAN2626200CE,0.1015558166505821
14-01-2026 11:30||NIFTY27JAN2624200PE,0.1717249166041864
14-01-2026 11:30||NIFTY27JAN2624300PE,0.1651265855385696
14-01-2026 11:30||NIFTY27JAN2624400PE,0.1585233213541587
14-01-2026 11:30||NIFTY27JAN2625000PE,0.1214949514554769
14-01-2026 11:30||NIFTY27JAN2625300CE,0.1085087025736903
14-01-2026 11:30||NIFTY27JAN2625800CE,0.0975105552516749
14-01-2026 11:30||NIFTY27JAN2626000CE,0.0954700098035169
14-01-2026 11:35||NIFTY27JAN2623900PE,0.190427258447058
14-01-2026 11:35||NIFTY27JAN2624400PE,0.1572530687612783
14-01-2026 11:35||NIFTY27JAN2624500PE,0.150550735797393
14-01-2026 11:35||NIFTY27JAN2624700PE,0.1376295265671221
14-01-2026 11:35||NIFTY27JAN2625100PE,0.1166886396096715
14-01-2026 11:35||NIFTY27JAN2625500CE,0.1040646926091736
14-01-2026 11:35||NIFTY27JAN2625700CE,0.0993510949943146
14-01-2026 11:35||NIFTY27JAN2626100CE,0.0961008969902766
14-01-2026 11:40||NIFTY27JAN2623900PE,0.1902632987408382
14-01-2026 11:40||NIFTY27JAN2625500CE,0.1020895593440837
14-01-2026 11:40||NIFTY27JAN2625600CE,0.099346984538774
14-01-2026 11:40||NIFTY27JAN2626500CE,0.1019723109508308
14-01-2026 11:45||NIFTY27JAN2623900PE,0.190249462347381
14-01-2026 11:45||NIFTY27JAN2624300PE,0.1633787178668079
14-01-2026 11:45||NIFTY27JAN2624500PE,0.1498401013268067
14-01-2026 11:45||NIFTY27JAN2626400CE,0.1021509408450969
14-01-2026 11:50||NIFTY27JAN2625100PE,0.1163945242403598
14-01-2026 11:50||NIFTY27JAN2625700CE,0.1003804844741072
14-01-2026 11:50||NIFTY27JAN2625800CE,0.0983645243352426
14-01-2026 11:50||NIFTY27JAN2626100CE,0.0957223103729671
14-01-2026 11:55||NIFTY27JAN2624200PE,0.1717312919676923
14-01-2026 11:55||NIFTY27JAN2624400PE,0.1578530314962292
14-01-2026 11:55||NIFTY27JAN2624800PE,0.1318983001475244
14-01-2026 11:55||NIFTY27JAN2625200CE,0.1136139744472751
14-01-2026 11:55||NIFTY27JAN2625600CE,0.101357362826873
14-01-2026 12:00||NIFTY27JAN2623800PE,0.2005612632787773
14-01-2026 12:00||NIFTY27JAN2624400PE,0.1589786040162344
14-01-2026 12:00||NIFTY27JAN2624900PE,0.1268204943561506
14-01-2026 12:00||NIFTY27JAN2625000PE,0.1208614991742662
14-01-2026 12:00||NIFTY27JAN2625100PE,0.1149532961023289
14-01-2026 12:05||NIFTY27JAN2624400PE,0.158747220801001
14-01-2026 12:05||NIFTY27JAN2624600PE,0.1455594282609814
14-01-2026 12:05||NIFTY27JAN2626500CE,0.0972436145948188
14-01-2026 12:10||NIFTY27JAN2624400PE,0.1568370702964558
14-01-2026 12:10||NIFTY27JAN2624600PE,0.143544282804291
14-01-2026 12:10||NIFTY27JAN2624800PE,0.1313140849745263
14-01-2026 12:10||NIFTY27JAN2624900PE,0.1256484892848534
14-01-2026 12:10||NIFTY27JAN2625100PE,0.1166333958014162
14-01-2026 12:10||NIFTY27JAN2625900CE,0.0919968294016192
14-01-2026 12:10||NIFTY27JAN2626300CE,0.0947740559315772
14-01-2026 12:15||NIFTY27JAN2624200PE,0.1687644060806004
14-01-2026 12:15||NIFTY27JAN2624800PE,0.1284663783582828
14-01-2026 12:15||NIFTY27JAN2626500CE,0.1033294390556262
14-01-2026 12:20||NIFTY27JAN2623800PE,0.1980563275376549
14-01-2026 12:20||NIFTY27JAN2623900PE,0.1914219552291035
14-01-2026 12:20||NIFTY27JAN2625300CE,0.1024126556313691
14-01-2026 12:20||NIFTY27JAN2626400CE,0.0973337018827917
14-01-2026 12:25||NIFTY27JAN2624500PE,0.1508956248199395
14-01-2026 12:25||NIFTY27JAN2625400CE,0.0950580814975536
14-01-2026 12:25||NIFTY27JAN2625500CE,0.0945698008444802
14-01-2026 12:25||NIFTY27JAN2625900CE,0.0918662051994303
14-01-2026 12:30||NIFTY27JAN2623900PE,0.1906079400347761
14-01-2026 12:30||NIFTY27JAN2624300PE,0.1640700299937448
14-01-2026 12:30||NIFTY27JAN2624900PE,0.1253229943977344
14-01-2026 12:30||NIFTY27JAN2625800CE,0.0961073030939063
14-01-2026 12:30||NIFTY27JAN2626300CE,0.0957168254534685
14-01-2026 12:30||NIFTY27JAN2626400CE,0.098157663974772
14-01-2026 12:35||NIFTY27JAN2623900PE,0.1911302620521076
14-01-2026 12:35||NIFTY27JAN2625300CE,0.1051870206832917
14-01-2026 12:35||NIFTY27JAN2625500CE,0.0997959457835757
14-01-2026 12:35||NIFTY27JAN2625900CE,0.0939381527402458
14-01-2026 12:45||NIFTY27JAN2625600CE,0.0941634260463294
14-01-2026 12:45||NIFTY27JAN2625700CE,0.0926398529141767
14-01-2026 12:50||NIFTY27JAN2624900PE,0.124253566981932
14-01-2026 12:50||NIFTY27JAN2626300CE,0.0952187650533737
14-01-2026 12:50||NIFTY27JAN2626500CE,0.100005124792154
14-01-2026 12:55||NIFTY27JAN2623900PE,0.1884424235801446
14-01-2026 12:55||NIFTY27JAN2624300PE,0.1621286051063793
14-01-2026 12:55||NIFTY27JAN2625000PE,0.118190866923281
14-01-2026 13:00||NIFTY27JAN2624700PE,0.1363787109366414
14-01-2026 13:00||NIFTY27JAN2625400CE,0.0990810968105442
14-01-2026 13:00||NIFTY27JAN2625700CE,0.0947297318472315
14-01-2026 13:00||NIFTY27JAN2625800CE,0.0933628154010434
14-01-2026 13:00||NIFTY27JAN2626200CE,0.093056639648305
14-01-2026 13:00||NIFTY27JAN2626300CE,0.0947962063392247
14-01-2026 13:00||NIFTY27JAN2626500CE,0.099330598641258
14-01-2026 13:05||NIFTY27JAN2624000PE,0.1824251851319556
14-01-2026 13:05||NIFTY27JAN2624400PE,0.1555994236137814
14-01-2026 13:05||NIFTY27JAN2624800PE,0.1295546425447052
14-01-2026 13:05||NIFTY27JAN2624900PE,0.1237202101535616
14-01-2026 13:05||NIFTY27JAN2625800CE,0.0959260065760048
14-01-2026 13:05||NIFTY27JAN2626200CE,0.0940255485196039
14-01-2026 13:05||NIFTY27JAN2626300CE,0.0955373431218961
14-01-2026 13:10||NIFTY27JAN2624000PE,0.1829356312456602
14-01-2026 13:10||NIFTY27JAN2624600PE,0.1431904027350229
14-01-2026 13:10||NIFTY27JAN2624700PE,0.1368131443990114
14-01-2026 13:10||NIFTY27JAN2624900PE,0.1247426769678065
14-01-2026 13:10||NIFTY27JAN2625300CE,0.0989939285571713
14-01-2026 13:10||NIFTY27JAN2625800CE,0.089109080803351
14-01-2026 13:10||NIFTY27JAN2625900CE,0.0889862169442852
14-01-2026 13:10||NIFTY27JAN2626400CE,0.0959088496156693
14-01-2026 13:15||NIFTY27JAN2624000PE,0.1819773143389585
14-01-2026 13:15||NIFTY27JAN2624600PE,0.1418358139515141
14-01-2026 13:15||NIFTY27JAN2624800PE,0.1295410502217248
14-01-2026 13:15||NIFTY27JAN2625200CE,0.1074287212252323
14-01-2026 13:15||NIFTY27JAN2625600CE,0.0920812062978302
14-01-2026 13:15||NIFTY27JAN2626100CE,0.090881261086599
14-01-2026 13:15||NIFTY27JAN2626200CE,0.0919323663319942
14-01-2026 13:20||NIFTY27JAN2624400PE,0.1546505536906628
14-01-2026 13:20||NIFTY27JAN2624700PE,0.1356036638087384
14-01-2026 13:20||NIFTY27JAN2624900PE,0.1242253091407754
14-01-2026 13:20||NIFTY27JAN2625200CE,0.0913945867400531
14-01-2026 13:20||NIFTY27JAN2625900CE,0.0886186287405727
14-01-2026 13:25||NIFTY27JAN2624100PE,0.172887051871334
14-01-2026 13:25||NIFTY27JAN2624700PE,0.134007995317781
14-01-2026 13:25||NIFTY27JAN2624900PE,0.1223187013172347
14-01-2026 13:25||NIFTY27JAN2625200CE,0.104657305544741
14-01-2026 13:25||NIFTY27JAN2625600CE,0.0951203128020667
14-01-2026 13:25||NIFTY27JAN2626400CE,0.0980859969797176
14-01-2026 13:25||NIFTY27JAN2626500CE,0.1007184575597343
14-01-2026 13:30||NIFTY27JAN2624200PE,0.1663554676182947
14-01-2026 13:30||NIFTY27JAN2624300PE,0.1597415771567372
14-01-2026 13:30||NIFTY27JAN2625200CE,0.0950657753992567
14-01-2026 13:30||NIFTY27JAN2625700CE,0.089915087605853
14-01-2026 13:30||NIFTY27JAN2626500CE,0.1004941809352753
14-01-2026 13:35||NIFTY27JAN2624000PE,0.1779974926292038
14-01-2026 13:35||NIFTY27JAN2624100PE,0.17168087142121
14-01-2026 13:35||NIFTY27JAN2625100PE,0.1162828700193162
14-01-2026 13:35||NIFTY27JAN2625500CE,0.0843164955566221
14-01-2026 13:35||NIFTY27JAN2625700CE,0.0858193217412572
14-01-2026 13:40||NIFTY27JAN2626500CE,0.1051355991431865
14-01-2026 13:45||NIFTY27JAN2624100PE,0.1681309800497106
14-01-2026 13:45||NIFTY27JAN2624200PE,0.1617087682671228
14-01-2026 13:45||NIFTY27JAN2624400PE,0.1487988213160609
14-01-2026 13:45||NIFTY27JAN2624600PE,0.1361510598996342
14-01-2026 13:45||NIFTY27JAN2624700PE,0.130128380644848
14-01-2026 13:45||NIFTY27JAN2624800PE,0.1243712362632152
14-01-2026 13:45||NIFTY27JAN2625400CE,0.1020243160077317
14-01-2026 13:45||NIFTY27JAN2626200CE,0.0977684843873585
14-01-2026 13:45||NIFTY27JAN2626300CE,0.1002163086030428
14-01-2026 13:45||NIFTY27JAN2626400CE,0.103459889903643
14-01-2026 13:50||NIFTY27JAN2625400CE,0.086594608168338
14-01-2026 13:50||NIFTY27JAN2625600CE,0.0879422423480233
14-01-2026 13:50||NIFTY27JAN2626300CE,0.0981256335879666
14-01-2026 13:55||NIFTY27JAN2623800PE,0.1868035297215142
14-01-2026 13:55||NIFTY27JAN2624600PE,0.1359706489722316
14-01-2026 13:55||NIFTY27JAN2624900PE,0.1193914846463562
14-01-2026 13:55||NIFTY27JAN2625200CE,0.1018524258482682
14-01-2026 13:55||NIFTY27JAN2626200CE,0.0981543965232161
14-01-2026 14:00||NIFTY27JAN2623800PE,0.1901700490465522
14-01-2026 14:00||NIFTY27JAN2623900PE,0.1831104828393777
14-01-2026 14:00||NIFTY27JAN2624400PE,0.1491628013026031
14-01-2026 14:00||NIFTY27JAN2624500PE,0.1429658796713521
14-01-2026 14:05||NIFTY27JAN2624000PE,0.1751039676107779
14-01-2026 14:05||NIFTY27JAN2624300PE,0.155298444952766
14-01-2026 14:05||NIFTY27JAN2624700PE,0.1301102534019654
14-01-2026 14:05||NIFTY27JAN2624800PE,0.1245183580294532
14-01-2026 14:05||NIFTY27JAN2625200CE,0.1086072247976607
14-01-2026 14:05||NIFTY27JAN2625700CE,0.0971969688550549
14-01-2026 14:05||NIFTY27JAN2625900CE,0.0961572131937271
14-01-2026 14:10||NIFTY27JAN2624200PE,0.1622531732450935
14-01-2026 14:10||NIFTY27JAN2624800PE,0.1235315577108073
14-01-2026 14:10||NIFTY27JAN2625700CE,0.0986951210905191
14-01-2026 14:15||NIFTY27JAN2624600PE,0.1376508613747675
14-01-2026 14:15||NIFTY27JAN2625300CE,0.0934638073202751
14-01-2026 14:15||NIFTY27JAN2625900CE,0.0912063370441549
14-01-2026 14:15||NIFTY27JAN2626000CE,0.0921097131486297
14-01-2026 14:15||NIFTY27JAN2626500CE,0.1063464100715575
14-01-2026 14:20||NIFTY27JAN2624400PE,0.1491464871863896
14-01-2026 14:20||NIFTY27JAN2624900PE,0.1204355884622548
14-01-2026 14:20||NIFTY27JAN2625100PE,0.1124741690890882
14-01-2026 14:25||NIFTY27JAN2623800PE,0.1867473094766161
14-01-2026 14:25||NIFTY27JAN2625600CE,0.1011229801451528
14-01-2026 14:25||NIFTY27JAN2626100CE,0.0999840793093933
14-01-2026 14:30||NIFTY27JAN2623900PE,0.1814825516768589
14-01-2026 14:30||NIFTY27JAN2624300PE,0.1544482306172343
14-01-2026 14:30||NIFTY27JAN2624500PE,0.1413618085375141
14-01-2026 14:30||NIFTY27JAN2625000PE,0.1134760994088743
14-01-2026 14:30||NIFTY27JAN2625100PE,0.1091104357272586
14-01-2026 14:30||NIFTY27JAN2625400CE,0.1074613107909831
14-01-2026 14:30||NIFTY27JAN2626000CE,0.0983523707453145
14-01-2026 14:30||NIFTY27JAN2626100CE,0.099437646272
14-01-2026 14:30||NIFTY27JAN2626400CE,0.1068157931081945
14-01-2026 14:30||NIFTY27JAN2626500CE,0.1094652583607504
14-01-2026 14:35||NIFTY27JAN2624000PE,0.1748938977822296
14-01-2026 14:35||NIFTY27JAN2624300PE,0.1551360820081644
14-01-2026 14:35||NIFTY27JAN2625500CE,0.10711705744216
14-01-2026 14:35||NIFTY27JAN2625900CE,0.099212831618311
14-01-2026 14:35||NIFTY27JAN2626400CE,0.1075903932067832
14-01-2026 14:40||NIFTY27JAN2624300PE,0.1569374595988669
14-01-2026 14:40||NIFTY27JAN2624400PE,0.1500521143875177
14-01-2026 14:40||NIFTY27JAN2624500PE,0.1433894528188641
14-01-2026 14:40||NIFTY27JAN2624700PE,0.1308024981387474
14-01-2026 14:40||NIFTY27JAN2624800PE,0.1249409109929313
14-01-2026 14:40||NIFTY27JAN2625000PE,0.1142169109925285
14-01-2026 14:40||NIFTY27JAN2625400CE,0.1057123902409597
14-01-2026 14:40||NIFTY27JAN2625800CE,0.0972456907621832
14-01-2026 14:45||NIFTY27JAN2624500PE,0.1461665882243429
14-01-2026 14:45||NIFTY27JAN2624800PE,0.1271769761021375
14-01-2026 14:45||NIFTY27JAN2625100PE,0.1125524205318851
14-01-2026 14:45||NIFTY27JAN2625400CE,0.0984545518658919
14-01-2026 14:45||NIFTY27JAN2625500CE,0.0974583832924702
14-01-2026 14:45||NIFTY27JAN2625800CE,0.0945590321373659
14-01-2026 14:45||NIFTY27JAN2626100CE,0.0952732122912761
14-01-2026 14:45||NIFTY27JAN2626200CE,0.0971268298509672
14-01-2026 14:45||NIFTY27JAN2626300CE,0.0997120444881787
14-01-2026 14:50||NIFTY27JAN2624400PE,0.1527198300549148
14-01-2026 14:50||NIFTY27JAN2624600PE,0.1397096127672925
14-01-2026 14:50||NIFTY27JAN2624900PE,0.1219736863707871
14-01-2026 14:50||NIFTY27JAN2625200CE,0.1078449287804119
14-01-2026 14:50||NIFTY27JAN2625700CE,0.0948476065255831
14-01-2026 14:50||NIFTY27JAN2625800CE,0.0939348608114305
14-01-2026 14:50||NIFTY27JAN2626300CE,0.0991820615456475
14-01-2026 14:55||NIFTY27JAN2624100PE,0.1724725223610931
14-01-2026 14:55||NIFTY27JAN2624200PE,0.1655874392365138
14-01-2026 14:55||NIFTY27JAN2624600PE,0.1391477068710044
14-01-2026 14:55||NIFTY27JAN2624800PE,0.1270196830862036
14-01-2026 14:55||NIFTY27JAN2625100PE,0.1128044198595685
14-01-2026 14:55||NIFTY27JAN2625300CE,0.0966599795929429
14-01-2026 14:55||NIFTY27JAN2625400CE,0.0943367660687835
14-01-2026 14:55||NIFTY27JAN2625600CE,0.0915324599524737
14-01-2026 14:55||NIFTY27JAN2626400CE,0.1008597384955981
14-01-2026 15:00||NIFTY27JAN2624300PE,0.1569649063994033
14-01-2026 15:00||NIFTY27JAN2624700PE,0.1313804120577253
14-01-2026 15:00||NIFTY27JAN2625800CE,0.095921683992966
14-01-2026 15:05||NIFTY27JAN2623900PE,0.184924827502661
14-01-2026 15:05||NIFTY27JAN2624400PE,0.1522594349413809
14-01-2026 15:05||NIFTY27JAN2624800PE,0.1279989295446221
14-01-2026 15:05||NIFTY27JAN2626300CE,0.0989450765660513
14-01-2026 15:10||NIFTY27JAN2624100PE,0.1700926195039768
14-01-2026 15:10||NIFTY27JAN2624500PE,0.1442113568385224
14-01-2026 15:10||NIFTY27JAN2624900PE,0.1219395488324234
14-01-2026 15:10||NIFTY27JAN2625500CE,0.0961887241018075
14-01-2026 15:10||NIFTY27JAN2626200CE,0.0981933447012216
14-01-2026 15:15||NIFTY27JAN2624400PE,0.1489850993316132
14-01-2026 15:15||NIFTY27JAN2624700PE,0.1304464796091712
14-01-2026 15:15||NIFTY27JAN2625100PE,0.1110159287540059
14-01-2026 15:15||NIFTY27JAN2625500CE,0.1027453915635589
14-01-2026 15:15||NIFTY27JAN2625900CE,0.0976599657419744
14-01-2026 15:15||NIFTY27JAN2626100CE,0.0987021300839026
14-01-2026 15:20||NIFTY27JAN2624500PE,0.1431289627522914
14-01-2026 15:20||NIFTY27JAN2624800PE,0.1253925534280681
14-01-2026 15:20||NIFTY27JAN2626100CE,0.0997319391236533
14-01-2026 15:20||NIFTY27JAN2626300CE,0.1036218336161966
14-01-2026 15:20||NIFTY27JAN2626400CE,0.1066702668986616
14-01-2026 15:25||NIFTY27JAN2623900PE,0.1841875003775724
14-01-2026 15:25||NIFTY27JAN2624600PE,0.139005177672211
14-01-2026 15:25||NIFTY27JAN2625100PE,0.1136766584514062
14-01-2026 15:25||NIFTY27JAN2625200CE,0.1058153912127284
14-01-2026 15:25||NIFTY27JAN2626400CE,0.1047162443610825
14-01-2026 15:25||NIFTY27JAN2626500CE,0.1075448635345087
16-01-2026 09:15||NIFTY27JAN2624100PE,0.1788221285949024
16-01-2026 09:15||NIFTY27JAN2624200PE,0.17230472088928
16-01-2026 09:15||NIFTY27JAN2624300PE,0.1650473058190816
16-01-2026 09:15||NIFTY27JAN2624800PE,0.1310367037123313
16-01-2026 09:15||NIFTY27JAN2625000PE,0.1188925322569809
16-01-2026 09:15||NIFTY27JAN2626000CE,0.1067467688452285
16-01-2026 09:15||NIFTY27JAN2626100CE,0.1039693924852675
16-01-2026 09:20||NIFTY27JAN2624100PE,0.178419835483277
16-01-2026 09:20||NIFTY27JAN2624400PE,0.1575707811641638
16-01-2026 09:20||NIFTY27JAN2624600PE,0.1443190637872738
16-01-2026 09:20||NIFTY27JAN2625000PE,0.1204920507528023
16-01-2026 09:20||NIFTY27JAN2625200CE,0.1220583787673153
16-01-2026 09:20||NIFTY27JAN2625400CE,0.1121992508264482
16-01-2026 09:20||NIFTY27JAN2625700CE,0.101886505666932
16-01-2026 09:20||NIFTY27JAN2626000CE,0.0979407760360953
16-01-2026 09:25||NIFTY27JAN2624600PE,0.1409850843941184
16-01-2026 09:25||NIFTY27JAN2624700PE,0.1347260210220872
16-01-2026 09:25||NIFTY27JAN2625300CE,0.1287549891295296
16-01-2026 09:25||NIFTY27JAN2625600CE,0.1102915197505343
16-01-2026 09:25||NIFTY27JAN2626300CE,0.1007192843506757
16-01-2026 09:25||NIFTY27JAN2626500CE,0.104916488687242
16-01-2026 09:30||NIFTY27JAN2623800PE,0.1958457605547918
16-01-2026 09:30||NIFTY27JAN2624300PE,0.1594351813432199
16-01-2026 09:30||NIFTY27JAN2624400PE,0.152607674999859
16-01-2026 09:30||NIFTY27JAN2624900PE,0.1220541351080752
16-01-2026 09:30||NIFTY27JAN2625100PE,0.1119957992599398
16-01-2026 09:30||NIFTY27JAN2625500CE,0.1055497229984423
16-01-2026 09:30||NIFTY27JAN2625700CE,0.1004263476809147
16-01-2026 09:30||NIFTY27JAN2625900CE,0.096506261335453
16-01-2026 09:30||NIFTY27JAN2626000CE,0.0952484516251157
16-01-2026 09:35||NIFTY27JAN2624100PE,0.1741427386776659
16-01-2026 09:35||NIFTY27JAN2624200PE,0.1670960813020234
16-01-2026 09:35||NIFTY27JAN2624800PE,0.1270408755039948
16-01-2026 09:35||NIFTY27JAN2625100PE,0.1129160663331597
16-01-2026 09:35||NIFTY27JAN2626300CE,0.0982222845233567
16-01-2026 09:35||NIFTY27JAN2626400CE,0.1010352812711825
16-01-2026 09:40||NIFTY27JAN2624200PE,0.1663588102734313
16-01-2026 09:40||NIFTY27JAN2624300PE,0.1592544861119703
16-01-2026 09:40||NIFTY27JAN2625900CE,0.1034798071453646
16-01-2026 09:40||NIFTY27JAN2626500CE,0.1046825013314673
16-01-2026 09:45||NIFTY27JAN2623900PE,0.1896884345888615
16-01-2026 09:45||NIFTY27JAN2624500PE,0.1463214124862472
16-01-2026 09:45||NIFTY27JAN2624800PE,0.1249077289267786
16-01-2026 09:45||NIFTY27JAN2624900PE,0.1187329925091487
16-01-2026 09:45||NIFTY27JAN2625400CE,0.1260018323390479
16-01-2026 09:45||NIFTY27JAN2626000CE,0.1009718385269592
16-01-2026 09:45||NIFTY27JAN2626100CE,0.0996106244297441
16-01-2026 09:50||NIFTY27JAN2623900PE,0.1927237064669245
16-01-2026 09:50||NIFTY27JAN2624200PE,0.1719566040466922
16-01-2026 09:50||NIFTY27JAN2624900PE,0.121105900708344
16-01-2026 09:50||NIFTY27JAN2625500CE,0.1134100841096198
16-01-2026 09:50||NIFTY27JAN2625600CE,0.1083214623808648
16-01-2026 09:50||NIFTY27JAN2625700CE,0.1047480035076839
16-01-2026 09:50||NIFTY27JAN2625800CE,0.1012636365823466
16-01-2026 09:50||NIFTY27JAN2626000CE,0.0971021834426209
16-01-2026 09:50||NIFTY27JAN2626200CE,0.0958991136643643
16-01-2026 09:55||NIFTY27JAN2623800PE,0.200067620358209
16-01-2026 09:55||NIFTY27JAN2624000PE,0.1865844719979832
16-01-2026 09:55||NIFTY27JAN2624200PE,0.1725461705232754
16-01-2026 09:55||NIFTY27JAN2624500PE,0.1502646494875683
16-01-2026 09:55||NIFTY27JAN2624900PE,0.1216846718116815
16-01-2026 09:55||NIFTY27JAN2625000PE,0.1158739550461195
16-01-2026 09:55||NIFTY27JAN2625300CE,0.1164502848516583
16-01-2026 09:55||NIFTY27JAN2625400CE,0.1109981228165249
16-01-2026 09:55||NIFTY27JAN2625500CE,0.107012786798953
16-01-2026 09:55||NIFTY27JAN2625700CE,0.0999655975300597
16-01-2026 09:55||NIFTY27JAN2625900CE,0.0949206078347359
16-01-2026 09:55||NIFTY27JAN2626000CE,0.0936291538629909
16-01-2026 09:55||NIFTY27JAN2626400CE,0.0966518238308207
16-01-2026 09:55||NIFTY27JAN2626500CE,0.0992154958628407
16-01-2026 10:00||NIFTY27JAN2624000PE,0.1862441370994091
16-01-2026 10:00||NIFTY27JAN2625400CE,0.1312585242649686
16-01-2026 10:00||NIFTY27JAN2625900CE,0.103531899034606
16-01-2026 10:00||NIFTY27JAN2626000CE,0.1009547690229679
16-01-2026 10:00||NIFTY27JAN2626400CE,0.1009733635758424
16-01-2026 10:00||NIFTY27JAN2626500CE,0.1021702195317355
16-01-2026 10:05||NIFTY27JAN2624000PE,0.1870761908791322
16-01-2026 10:05||NIFTY27JAN2624100PE,0.1804550199572736
16-01-2026 10:05||NIFTY27JAN2624400PE,0.1582576409851336
16-01-2026 10:05||NIFTY27JAN2625100PE,0.1119360451730404
16-01-2026 10:05||NIFTY27JAN2625700CE,0.1092666503932087
16-01-2026 10:05||NIFTY27JAN2626400CE,0.1007250856614413
16-01-2026 10:05||NIFTY27JAN2626500CE,0.1023242436169397
16-01-2026 10:10||NIFTY27JAN2623900PE,0.1960573920395319
16-01-2026 10:10||NIFTY27JAN2624800PE,0.1300339335208543
16-01-2026 10:10||NIFTY27JAN2625300CE,0.1401506478290124
16-01-2026 10:10||NIFTY27JAN2625600CE,0.1181237483065953
16-01-2026 10:10||NIFTY27JAN2626100CE,0.1006766026911969
16-01-2026 10:10||NIFTY27JAN2626400CE,0.1031688914694471
16-01-2026 10:15||NIFTY27JAN2623800PE,0.2069092474595498
16-01-2026 10:15||NIFTY27JAN2624400PE,0.1644548307683354
16-01-2026 10:15||NIFTY27JAN2624500PE,0.1565556329044198
16-01-2026 10:15||NIFTY27JAN2625300CE,0.1580271290393928
16-01-2026 10:20||NIFTY27JAN2623800PE,0.2105145105931552
16-01-2026 10:20||NIFTY27JAN2624300PE,0.1760172754374425
16-01-2026 10:20||NIFTY27JAN2624500PE,0.1611115787409633
16-01-2026 10:20||NIFTY27JAN2624800PE,0.1386521508900107
16-01-2026 10:20||NIFTY27JAN2625700CE,0.1189714625155161
16-01-2026 10:20||NIFTY27JAN2625900CE,0.1102195390169828
16-01-2026 10:20||NIFTY27JAN2626400CE,0.1045342024692888
16-01-2026 10:25||NIFTY27JAN2624000PE,0.1981419119908007
16-01-2026 10:25||NIFTY27JAN2624200PE,0.184152794295763
16-01-2026 10:25||NIFTY27JAN2624300PE,0.1768976089880032
16-01-2026 10:25||NIFTY27JAN2624600PE,0.1544926174201619
16-01-2026 10:25||NIFTY27JAN2625400CE,0.1382932464638718
16-01-2026 10:25||NIFTY27JAN2626000CE,0.1049925649858807
16-01-2026 10:30||NIFTY27JAN2624200PE,0.1841800126122621
16-01-2026 10:30||NIFTY27JAN2624400PE,0.1695236745488531
16-01-2026 10:30||NIFTY27JAN2624800PE,0.1404958130503725
16-01-2026 10:30||NIFTY27JAN2625500CE,0.1243082453072433
16-01-2026 10:35||NIFTY27JAN2624000PE,0.1988263572350348
16-01-2026 10:35||NIFTY27JAN2624200PE,0.1850356162433498
16-01-2026 10:35||NIFTY27JAN2624900PE,0.134608310582154
16-01-2026 10:35||NIFTY27JAN2625100PE,0.1222650381628456
16-01-2026 10:35||NIFTY27JAN2625200CE,0.1475118976977956
16-01-2026 10:35||NIFTY27JAN2625600CE,0.1187680112798353
16-01-2026 10:35||NIFTY27JAN2626300CE,0.099228965834274
16-01-2026 10:35||NIFTY27JAN2626400CE,0.1003262130923338
16-01-2026 10:40||NIFTY27JAN2623800PE,0.2129252621902257
16-01-2026 10:40||NIFTY27JAN2624200PE,0.1860437920722143
16-01-2026 10:40||NIFTY27JAN2624700PE,0.1493544270817663
16-01-2026 10:40||NIFTY27JAN2624900PE,0.1355901321881258
16-01-2026 10:40||NIFTY27JAN2626200CE,0.0940176291913219
16-01-2026 10:45||NIFTY27JAN2623800PE,0.2120293018313203
16-01-2026 10:45||NIFTY27JAN2624000PE,0.1984051264533697
16-01-2026 10:45||NIFTY27JAN2624400PE,0.1699895686824937
16-01-2026 10:45||NIFTY27JAN2624600PE,0.1552034488828069
16-01-2026 10:45||NIFTY27JAN2624900PE,0.1342202296699703
16-01-2026 10:45||NIFTY27JAN2625200CE,0.1377385487835687
16-01-2026 10:50||NIFTY27JAN2624200PE,0.1832830290530181
16-01-2026 10:50||NIFTY27JAN2624300PE,0.175973704861164
16-01-2026 10:50||NIFTY27JAN2624400PE,0.1686339658024659
16-01-2026 10:50||NIFTY27JAN2624600PE,0.1540044262904371
16-01-2026 10:50||NIFTY27JAN2625400CE,0.1295925223056179
16-01-2026 10:50||NIFTY27JAN2626300CE,0.0976350909148618
16-01-2026 10:50||NIFTY27JAN2626400CE,0.0990383754065431
16-01-2026 10:55||NIFTY27JAN2623800PE,0.2109859792512131
16-01-2026 10:55||NIFTY27JAN2623900PE,0.204050890672885
16-01-2026 10:55||NIFTY27JAN2624900PE,0.1331481907059383
16-01-2026 10:55||NIFTY27JAN2625400CE,0.1233795708885022
16-01-2026 10:55||NIFTY27JAN2625800CE,0.1029156130437781
16-01-2026 10:55||NIFTY27JAN2625900CE,0.1001235108705559
16-01-2026 10:55||NIFTY27JAN2626100CE,0.096665116720455
16-01-2026 10:55||NIFTY27JAN2626500CE,0.0981295384355879
16-01-2026 11:00||NIFTY27JAN2624400PE,0.1678258495803747
16-01-2026 11:00||NIFTY27JAN2624900PE,0.1321792345932473
16-01-2026 11:00||NIFTY27JAN2625000PE,0.1255052513279919
16-01-2026 11:00||NIFTY27JAN2625300CE,0.1367827327037955
16-01-2026 11:00||NIFTY27JAN2626000CE,0.0989114644489912
16-01-2026 11:00||NIFTY27JAN2626100CE,0.0971504862973922
16-01-2026 11:05||NIFTY27JAN2624300PE,0.1746060646934322
16-01-2026 11:05||NIFTY27JAN2624400PE,0.1672855230440046
16-01-2026 11:05||NIFTY27JAN2625100PE,0.1195902741591405
16-01-2026 11:05||NIFTY27JAN2626100CE,0.0998177987072992
16-01-2026 11:10||NIFTY27JAN2624000PE,0.1944944439629141
16-01-2026 11:10||NIFTY27JAN2625800CE,0.1015572655339568
16-01-2026 11:10||NIFTY27JAN2626000CE,0.0970735875375671
16-01-2026 11:15||NIFTY27JAN2623900PE,0.2005141133615649
16-01-2026 11:15||NIFTY27JAN2624600PE,0.1512559742912331
16-01-2026 11:15||NIFTY27JAN2625800CE,0.1013922682539981
16-01-2026 11:15||NIFTY27JAN2626200CE,0.0950392608310372
16-01-2026 11:20||NIFTY27JAN2623800PE,0.2054390210558305
16-01-2026 11:20||NIFTY27JAN2624000PE,0.1919258330642545
16-01-2026 11:20||NIFTY27JAN2624100PE,0.1850690659938482
16-01-2026 11:20||NIFTY27JAN2624900PE,0.1304691154761832
16-01-2026 11:20||NIFTY27JAN2625900CE,0.0993521878142916
16-01-2026 11:20||NIFTY27JAN2626000CE,0.097298830574842
16-01-2026 11:20||NIFTY27JAN2626200CE,0.0958356464545915
16-01-2026 11:25||NIFTY27JAN2624200PE,0.1780915580465573
16-01-2026 11:25||NIFTY27JAN2624800PE,0.136088222355206
16-01-2026 11:25||NIFTY27JAN2625000PE,0.123625371391811
16-01-2026 11:25||NIFTY27JAN2626300CE,0.0978989947227101
16-01-2026 11:30||NIFTY27JAN2624300PE,0.1713329448474353
16-01-2026 11:30||NIFTY27JAN2625600CE,0.1025924788530172
16-01-2026 11:30||NIFTY27JAN2626500CE,0.0975666651072355
16-01-2026 11:35||NIFTY27JAN2624500PE,0.1559903240240954
16-01-2026 11:35||NIFTY27JAN2624800PE,0.1359188880102368
16-01-2026 11:35||NIFTY27JAN2625300CE,0.1193060868354472
16-01-2026 11:35||NIFTY27JAN2625500CE,0.1105660697078391
16-01-2026 11:35||NIFTY27JAN2626200CE,0.0957866399266283
16-01-2026 11:40||NIFTY27JAN2624400PE,0.1627732839232857
16-01-2026 11:40||NIFTY27JAN2624500PE,0.1556821651278878
16-01-2026 11:40||NIFTY27JAN2625500CE,0.1111371346215921
16-01-2026 11:40||NIFTY27JAN2626100CE,0.0957120792827266
16-01-2026 11:45||NIFTY27JAN2624300PE,0.1694053338296689
16-01-2026 11:45||NIFTY27JAN2625000PE,0.1217312356846446
16-01-2026 11:45||NIFTY27JAN2625400CE,0.1230743217779455
16-01-2026 11:50||NIFTY27JAN2623900PE,0.1977618579936298
16-01-2026 11:50||NIFTY27JAN2624300PE,0.1691996536069606
16-01-2026 11:50||NIFTY27JAN2625500CE,0.1164857326155116
16-01-2026 11:55||NIFTY27JAN2624000PE,0.1907413313113338
16-01-2026 11:55||NIFTY27JAN2624500PE,0.1555417749152826
16-01-2026 11:55||NIFTY27JAN2624800PE,0.135015468974574
16-01-2026 11:55||NIFTY27JAN2625000PE,0.1238690390676504
16-01-2026 11:55||NIFTY27JAN2625100PE,0.1199502991317053
16-01-2026 11:55||NIFTY27JAN2626200CE,0.0945010276130646
16-01-2026 12:00||NIFTY27JAN2623900PE,0.1951894095003058
16-01-2026 12:00||NIFTY27JAN2624000PE,0.1882195375109193
16-01-2026 12:00||NIFTY27JAN2624200PE,0.1740758295777328
16-01-2026 12:00||NIFTY27JAN2624400PE,0.1596382218635767
16-01-2026 12:00||NIFTY27JAN2624800PE,0.1322793351901039
16-01-2026 12:00||NIFTY27JAN2624900PE,0.1260327595607347
16-01-2026 12:00||NIFTY27JAN2625200CE,0.151919599013596
16-01-2026 12:00||NIFTY27JAN2626200CE,0.101158594466852
16-01-2026 12:05||NIFTY27JAN2623800PE,0.2032182189493054
16-01-2026 12:05||NIFTY27JAN2624200PE,0.1747491815932365
16-01-2026 12:05||NIFTY27JAN2624500PE,0.1531653278842812
16-01-2026 12:05||NIFTY27JAN2624800PE,0.1326615379543336
16-01-2026 12:05||NIFTY27JAN2625000PE,0.1198491510820676
16-01-2026 12:05||NIFTY27JAN2625200CE,0.153736757822436
16-01-2026 12:05||NIFTY27JAN2625900CE,0.111129886074848
16-01-2026 12:10||NIFTY27JAN2624800PE,0.1338346717456029
16-01-2026 12:10||NIFTY27JAN2625100PE,0.1166342963025018
16-01-2026 12:10||NIFTY27JAN2625300CE,0.1455761363484986
16-01-2026 12:10||NIFTY27JAN2625800CE,0.1127999149734498
16-01-2026 12:10||NIFTY27JAN2626000CE,0.1051802892987112
16-01-2026 12:10||NIFTY27JAN2626100CE,0.102815219195099
16-01-2026 12:15||NIFTY27JAN2624000PE,0.1913923895923859
16-01-2026 12:15||NIFTY27JAN2624600PE,0.1476834128110512
16-01-2026 12:15||NIFTY27JAN2624800PE,0.134818236577436
16-01-2026 12:15||NIFTY27JAN2624900PE,0.1286906193041991
16-01-2026 12:15||NIFTY27JAN2625000PE,0.1227120472402212
16-01-2026 12:15||NIFTY27JAN2625800CE,0.1043120892257078
16-01-2026 12:15||NIFTY27JAN2626000CE,0.099154088877776
16-01-2026 12:20||NIFTY27JAN2623900PE,0.1979959035445619
16-01-2026 12:20||NIFTY27JAN2624300PE,0.1685861444190913
16-01-2026 12:20||NIFTY27JAN2624500PE,0.1542029950811953
16-01-2026 12:20||NIFTY27JAN2624900PE,0.1286551010782118
16-01-2026 12:20||NIFTY27JAN2625400CE,0.1244763662508461
16-01-2026 12:20||NIFTY27JAN2625600CE,0.1126523546248603
16-01-2026 12:20||NIFTY27JAN2625700CE,0.1083660990810262
16-01-2026 12:25||NIFTY27JAN2623800PE,0.2034737714682283
16-01-2026 12:25||NIFTY27JAN2624500PE,0.1548949304475233
16-01-2026 12:25||NIFTY27JAN2624700PE,0.1423987340021758
16-01-2026 12:25||NIFTY27JAN2624800PE,0.1367068947398553
16-01-2026 12:25||NIFTY27JAN2625000PE,0.1266241911611613
16-01-2026 12:25||NIFTY27JAN2625100PE,0.1221775303546018
16-01-2026 12:25||NIFTY27JAN2626400CE,0.0944903867847721
16-01-2026 12:30||NIFTY27JAN2623800PE,0.1994572081076281
16-01-2026 12:30||NIFTY27JAN2624400PE,0.1535990069124635
16-01-2026 12:30||NIFTY27JAN2624600PE,0.140120958217137
16-01-2026 12:35||NIFTY27JAN2623800PE,0.2022041492702751
16-01-2026 12:35||NIFTY27JAN2623900PE,0.1939462662024188
16-01-2026 12:35||NIFTY27JAN2624800PE,0.1304020909140478
16-01-2026 12:35||NIFTY27JAN2625600CE,0.1099802594534407
16-01-2026 12:35||NIFTY27JAN2625700CE,0.106206584337405
16-01-2026 12:35||NIFTY27JAN2625800CE,0.1030009744385254
16-01-2026 12:35||NIFTY27JAN2625900CE,0.1006694448160703
16-01-2026 12:35||NIFTY27JAN2626000CE,0.0986613526838278
16-01-2026 12:35||NIFTY27JAN2626200CE,0.09773618770453
16-01-2026 12:40||NIFTY27JAN2623800PE,0.2020332910997264
16-01-2026 12:40||NIFTY27JAN2625200CE,0.1229573510464036
16-01-2026 12:40||NIFTY27JAN2625900CE,0.0988620741363941
16-01-2026 12:45||NIFTY27JAN2624000PE,0.1840864139155662
16-01-2026 12:45||NIFTY27JAN2624800PE,0.1302454381048492
16-01-2026 12:45||NIFTY27JAN2625700CE,0.1033774531707956
16-01-2026 12:45||NIFTY27JAN2625900CE,0.0992169344205512
16-01-2026 12:45||NIFTY27JAN2626000CE,0.0977659834975453
16-01-2026 12:45||NIFTY27JAN2626300CE,0.0993263907400912
16-01-2026 12:50||NIFTY27JAN2624300PE,0.1618656199065934
16-01-2026 12:50||NIFTY27JAN2626000CE,0.1026978087997294
16-01-2026 12:50||NIFTY27JAN2626200CE,0.1012741719646647
16-01-2026 12:55||NIFTY27JAN2623900PE,0.192357508290321
16-01-2026 12:55||NIFTY27JAN2624700PE,0.1367412551015007
16-01-2026 12:55||NIFTY27JAN2624900PE,0.1251916375473014
16-01-2026 12:55||NIFTY27JAN2625500CE,0.1049606046995175
16-01-2026 12:55||NIFTY27JAN2625800CE,0.0977171332838076
16-01-2026 13:00||NIFTY27JAN2623800PE,0.1984778988195332
16-01-2026 13:00||NIFTY27JAN2624700PE,0.1347309232377116
16-01-2026 13:00||NIFTY27JAN2624800PE,0.1289298025741818
16-01-2026 13:00||NIFTY27JAN2625400CE,0.1106520018167896
16-01-2026 13:00||NIFTY27JAN2625900CE,0.0980197350055907
16-01-2026 13:00||NIFTY27JAN2626000CE,0.0972622551066668
16-01-2026 13:05||NIFTY27JAN2624100PE,0.1744354985192499
16-01-2026 13:05||NIFTY27JAN2625000PE,0.1153613955877539
16-01-2026 13:05||NIFTY27JAN2625300CE,0.1279862696598423
16-01-2026 13:10||NIFTY27JAN2625200CE,0.1296606531367581
16-01-2026 13:15||NIFTY27JAN2623800PE,0.1959299692373748
16-01-2026 13:15||NIFTY27JAN2624100PE,0.1730779109727262
16-01-2026 13:15||NIFTY27JAN2624600PE,0.137656745403574
16-01-2026 13:15||NIFTY27JAN2624700PE,0.1313146503841012
16-01-2026 13:15||NIFTY27JAN2625800CE,0.1019802529456069
16-01-2026 13:15||NIFTY27JAN2626100CE,0.0988208938982971
16-01-2026 13:15||NIFTY27JAN2626200CE,0.0995310345193338
16-01-2026 13:20||NIFTY27JAN2624300PE,0.1572512598346881
16-01-2026 13:20||NIFTY27JAN2624700PE,0.1309997485330598
16-01-2026 13:20||NIFTY27JAN2625100PE,0.1110299518786436
16-01-2026 13:20||NIFTY27JAN2625600CE,0.104787065352601
16-01-2026 13:20||NIFTY27JAN2626100CE,0.098630131187495
16-01-2026 13:25||NIFTY27JAN2623900PE,0.1841246543604798
16-01-2026 13:25||NIFTY27JAN2624300PE,0.1544804388978049
16-01-2026 13:25||NIFTY27JAN2624400PE,0.147611547794783
16-01-2026 13:25||NIFTY27JAN2625200CE,0.139638692336238
16-01-2026 13:25||NIFTY27JAN2625300CE,0.1333089943497604
16-01-2026 13:25||NIFTY27JAN2625500CE,0.1223008519084887
16-01-2026 13:25||NIFTY27JAN2625800CE,0.1097577214081394
16-01-2026 13:25||NIFTY27JAN2626400CE,0.1081077746098411
16-01-2026 13:25||NIFTY27JAN2626500CE,0.1114188032717863
16-01-2026 13:30||NIFTY27JAN2624000PE,0.1780713279172633
16-01-2026 13:30||NIFTY27JAN2624200PE,0.1633713194830362
16-01-2026 13:30||NIFTY27JAN2624400PE,0.1498253197366972
16-01-2026 13:30||NIFTY27JAN2624900PE,0.1203639179760529
16-01-2026 13:30||NIFTY27JAN2625000PE,0.1154386566213695
16-01-2026 13:30||NIFTY27JAN2625200CE,0.1282083858855491
16-01-2026 13:35||NIFTY27JAN2624400PE,0.1485550857031161
16-01-2026 13:35||NIFTY27JAN2624500PE,0.1420289939831243
16-01-2026 13:35||NIFTY27JAN2624900PE,0.1189932875733098
16-01-2026 13:35||NIFTY27JAN2625500CE,0.1166436065015194
16-01-2026 13:35||NIFTY27JAN2626100CE,0.1020881218075049
16-01-2026 13:35||NIFTY27JAN2626400CE,0.1070369939259097
16-01-2026 13:40||NIFTY27JAN2623900PE,0.1862546379351842
16-01-2026 13:40||NIFTY27JAN2624500PE,0.1438032585467477
16-01-2026 13:40||NIFTY27JAN2624700PE,0.131614075662271
16-01-2026 13:40||NIFTY27JAN2625200CE,0.1229640284743192
16-01-2026 13:40||NIFTY27JAN2625300CE,0.1180419428441829
16-01-2026 13:40||NIFTY27JAN2625900CE,0.1001524113430763
16-01-2026 13:40||NIFTY27JAN2626000CE,0.0991287802351824
16-01-2026 13:40||NIFTY27JAN2626200CE,0.1000628225765803
16-01-2026 13:40||NIFTY27JAN2626500CE,0.1085373518898387
16-01-2026 13:45||NIFTY27JAN2623900PE,0.1862833168144591
16-01-2026 13:45||NIFTY27JAN2624100PE,0.1705224086374229
16-01-2026 13:45||NIFTY27JAN2624500PE,0.1428351626563616
16-01-2026 13:50||NIFTY27JAN2624700PE,0.1336716995784751
16-01-2026 13:50||NIFTY27JAN2625900CE,0.0955218867534943
16-01-2026 13:50||NIFTY27JAN2626000CE,0.0954804347026803
16-01-2026 13:55||NIFTY27JAN2623900PE,0.1860620591557626
16-01-2026 13:55||NIFTY27JAN2624200PE,0.1635585021880703
16-01-2026 13:55||NIFTY27JAN2624300PE,0.1565190828507143
16-01-2026 13:55||NIFTY27JAN2625000PE,0.115632785677766
16-01-2026 13:55||NIFTY27JAN2625700CE,0.1030287296049575
16-01-2026 13:55||NIFTY27JAN2626100CE,0.0996558108057325
16-01-2026 14:00||NIFTY27JAN2624500PE,0.1426934117744346
16-01-2026 14:00||NIFTY27JAN2624900PE,0.1201527439110415
16-01-2026 14:00||NIFTY27JAN2625000PE,0.1156104787119872
16-01-2026 14:00||NIFTY27JAN2625100PE,0.1112322964800976
16-01-2026 14:00||NIFTY27JAN2626000CE,0.098580196730713
16-01-2026 14:05||NIFTY27JAN2624100PE,0.1717357638364976
16-01-2026 14:05||NIFTY27JAN2625500CE,0.1027062834932591
16-01-2026 14:05||NIFTY27JAN2625800CE,0.0975438768422815
16-01-2026 14:05||NIFTY27JAN2626100CE,0.097910069931766
16-01-2026 14:10||NIFTY27JAN2624500PE,0.1438985550321868
16-01-2026 14:10||NIFTY27JAN2625100PE,0.1113808738095414
16-01-2026 14:10||NIFTY27JAN2625500CE,0.1086837465991665
16-01-2026 14:10||NIFTY27JAN2626400CE,0.1050768922154935
16-01-2026 14:10||NIFTY27JAN2626500CE,0.1078256665452271
16-01-2026 14:15||NIFTY27JAN2624300PE,0.156947522335787
16-01-2026 14:15||NIFTY27JAN2624600PE,0.1365580656591818
16-01-2026 14:15||NIFTY27JAN2624900PE,0.1192780779381903
16-01-2026 14:15||NIFTY27JAN2625500CE,0.11117982692664
16-01-2026 14:20||NIFTY27JAN2624200PE,0.1648599883264238
16-01-2026 14:20||NIFTY27JAN2624800PE,0.125116956219506
16-01-2026 14:20||NIFTY27JAN2625100PE,0.1106789216169664
16-01-2026 14:20||NIFTY27JAN2626000CE,0.0992590098217749
16-01-2026 14:20||NIFTY27JAN2626300CE,0.1027150039855509
16-01-2026 14:25||NIFTY27JAN2623900PE,0.1892496962925676
16-01-2026 14:25||NIFTY27JAN2624900PE,0.1221543181618448
16-01-2026 14:25||NIFTY27JAN2625100PE,0.1128651486968933
16-01-2026 14:25||NIFTY27JAN2625500CE,0.10054688965125
16-01-2026 14:25||NIFTY27JAN2626500CE,0.1079240856680987
16-01-2026 14:30||NIFTY27JAN2623800PE,0.1945107591545777
16-01-2026 14:30||NIFTY27JAN2624300PE,0.1574422494839643
16-01-2026 14:30||NIFTY27JAN2626300CE,0.1029192275123973
16-01-2026 14:35||NIFTY27JAN2623800PE,0.1966978781141606
16-01-2026 14:35||NIFTY27JAN2624800PE,0.1266061322940262
16-01-2026 14:35||NIFTY27JAN2624900PE,0.1210680357986529
16-01-2026 14:35||NIFTY27JAN2625000PE,0.1159981130264922
16-01-2026 14:35||NIFTY27JAN2625300CE,0.105151630740023
16-01-2026 14:35||NIFTY27JAN2625900CE,0.0964600141475967
16-01-2026 14:35||NIFTY27JAN2626100CE,0.0962561161729221
16-01-2026 14:35||NIFTY27JAN2626200CE,0.0973327329210418
16-01-2026 14:35||NIFTY27JAN2626300CE,0.0994074821158696
16-01-2026 14:35||NIFTY27JAN2626500CE,0.1068473953847612
16-01-2026 14:40||NIFTY27JAN2624200PE,0.1654728220068925
16-01-2026 14:40||NIFTY27JAN2624600PE,0.1379359004844336
16-01-2026 14:40||NIFTY27JAN2624900PE,0.1205150668206723
16-01-2026 14:40||NIFTY27JAN2625800CE,0.099366822462336
16-01-2026 14:40||NIFTY27JAN2626500CE,0.1051337074767405
16-01-2026 14:45||NIFTY27JAN2623900PE,0.1873844380727162
16-01-2026 14:45||NIFTY27JAN2624000PE,0.1795061976725956
16-01-2026 14:45||NIFTY27JAN2624100PE,0.1719383691529972
16-01-2026 14:45||NIFTY27JAN2625000PE,0.115913747970489
16-01-2026 14:45||NIFTY27JAN2625300CE,0.1107026039600576
16-01-2026 14:45||NIFTY27JAN2625600CE,0.1017853392490654
16-01-2026 14:45||NIFTY27JAN2626300CE,0.0997794674881075
16-01-2026 14:45||NIFTY27JAN2626400CE,0.1031316812768017
16-01-2026 14:50||NIFTY27JAN2623900PE,0.1874130207670866
16-01-2026 14:50||NIFTY27JAN2624100PE,0.1722431551752985
16-01-2026 14:50||NIFTY27JAN2624200PE,0.164770321936404
16-01-2026 14:50||NIFTY27JAN2624300PE,0.1574216991816465
16-01-2026 14:50||NIFTY27JAN2624700PE,0.1313108449463895
16-01-2026 14:50||NIFTY27JAN2625100PE,0.1117033670237683
16-01-2026 14:55||NIFTY27JAN2624200PE,0.1639916628596454
16-01-2026 14:55||NIFTY27JAN2624900PE,0.1206918222788849
16-01-2026 14:55||NIFTY27JAN2625200CE,0.1233143257523173
16-01-2026 14:55||NIFTY27JAN2625300CE,0.1182115807671023
16-01-2026 14:55||NIFTY27JAN2625600CE,0.1059860818974996
16-01-2026 14:55||NIFTY27JAN2625700CE,0.1026524119818665
16-01-2026 14:55||NIFTY27JAN2625800CE,0.0999856559478823
16-01-2026 15:00||NIFTY27JAN2624000PE,0.1794583601734397
16-01-2026 15:00||NIFTY27JAN2624800PE,0.127241025319608
16-01-2026 15:00||NIFTY27JAN2624900PE,0.1220422732032338
16-01-2026 15:00||NIFTY27JAN2625500CE,0.0998855268365109
16-01-2026 15:05||NIFTY27JAN2623900PE,0.1870381330153277
16-01-2026 15:05||NIFTY27JAN2624100PE,0.1717811304439349
16-01-2026 15:05||NIFTY27JAN2624200PE,0.1641756547858289
16-01-2026 15:05||NIFTY27JAN2624600PE,0.1375191713529334
16-01-2026 15:05||NIFTY27JAN2624900PE,0.1213555141665875
16-01-2026 15:05||NIFTY27JAN2626200CE,0.0979021610213241
16-01-2026 15:10||NIFTY27JAN2623900PE,0.1859523435467279
16-01-2026 15:10||NIFTY27JAN2624700PE,0.1313787947270835
16-01-2026 15:10||NIFTY27JAN2624800PE,0.1260879580739694
16-01-2026 15:10||NIFTY27JAN2625100PE,0.1119981217672365
16-01-2026 15:10||NIFTY27JAN2625600CE,0.100344859812633
16-01-2026 15:15||NIFTY27JAN2623800PE,0.195243758773764
16-01-2026 15:15||NIFTY27JAN2624200PE,0.1627362932468855
16-01-2026 15:15||NIFTY27JAN2624400PE,0.1490336610645921
16-01-2026 15:15||NIFTY27JAN2624500PE,0.1427943708715592
16-01-2026 15:15||NIFTY27JAN2624700PE,0.1311681672782168
16-01-2026 15:15||NIFTY27JAN2624800PE,0.1257357695004962
16-01-2026 15:15||NIFTY27JAN2625000PE,0.1151838714705287
16-01-2026 15:15||NIFTY27JAN2625300CE,0.1193192438060762
16-01-2026 15:15||NIFTY27JAN2625500CE,0.1095108696656842
16-01-2026 15:15||NIFTY27JAN2626000CE,0.0985547613142542
16-01-2026 15:15||NIFTY27JAN2626100CE,0.0985190981556178
16-01-2026 15:15||NIFTY27JAN2626300CE,0.101670116184203
16-01-2026 15:20||NIFTY27JAN2623900PE,0.1865846240786419
16-01-2026 15:20||NIFTY27JAN2624000PE,0.1786656364779921
16-01-2026 15:20||NIFTY27JAN2624200PE,0.1637313926442948
16-01-2026 15:20||NIFTY27JAN2624400PE,0.1499812618947873
16-01-2026 15:20||NIFTY27JAN2624600PE,0.1372445873547627
16-01-2026 15:20||NIFTY27JAN2624800PE,0.1256935870132969
16-01-2026 15:20||NIFTY27JAN2625500CE,0.1080162194755274
16-01-2026 15:20||NIFTY27JAN2625900CE,0.0987591527392883
16-01-2026 15:20||NIFTY27JAN2626100CE,0.098094358405321
16-01-2026 15:20||NIFTY27JAN2626400CE,0.104301581946729
16-01-2026 15:20||NIFTY27JAN2626500CE,0.1070504178381539
16-01-2026 15:25||NIFTY27JAN2626400CE,0.1026602041896163
16-01-2026 15:25||NIFTY27JAN2626500CE,0.1057469870072943
19-01-2026 09:15||NIFTY27JAN2624700PE,0.1362931310143944
19-01-2026 09:15||NIFTY27JAN2624900PE,0.1241609524461219
19-01-2026 09:15||NIFTY27JAN2625400CE,0.1273321902193039
19-01-2026 09:15||NIFTY27JAN2625500CE,0.1220527700639453
19-01-2026 09:15||NIFTY27JAN2625900CE,0.1170607090048334
19-01-2026 09:15||NIFTY27JAN2626300CE,0.1258901549970671
19-01-2026 09:15||NIFTY27JAN2626400CE,0.1319723518579026
19-01-2026 09:20||NIFTY27JAN2624600PE,0.1471940176982911
19-01-2026 09:20||NIFTY27JAN2625700CE,0.1004543079025672
19-01-2026 09:20||NIFTY27JAN2626100CE,0.1093823222662357
19-01-2026 09:20||NIFTY27JAN2626400CE,0.1243276914759727
19-01-2026 09:25||NIFTY27JAN2624500PE,0.1523733875725514
19-01-2026 09:25||NIFTY27JAN2625500CE,0.1029410519165202
19-01-2026 09:25||NIFTY27JAN2625600CE,0.102810302431561
19-01-2026 09:25||NIFTY27JAN2625700CE,0.1038016167540291
19-01-2026 09:25||NIFTY27JAN2626100CE,0.1117825485579921
19-01-2026 09:25||NIFTY27JAN2626200CE,0.115514487305556
19-01-2026 09:25||NIFTY27JAN2626400CE,0.1267579253245432
19-01-2026 09:30||NIFTY27JAN2623800PE,0.2069969496559471
19-01-2026 09:30||NIFTY27JAN2624000PE,0.1914300107211911
19-01-2026 09:30||NIFTY27JAN2624200PE,0.1751164696208998
19-01-2026 09:30||NIFTY27JAN2624300PE,0.1667850120490323
19-01-2026 09:30||NIFTY27JAN2624400PE,0.1584450642902188
19-01-2026 09:30||NIFTY27JAN2624800PE,0.127865568089709
19-01-2026 09:30||NIFTY27JAN2625400CE,0.1273372955845228
19-01-2026 09:30||NIFTY27JAN2625800CE,0.1150350314357315
19-01-2026 09:30||NIFTY27JAN2626500CE,0.1371468998960513
19-01-2026 09:35||NIFTY27JAN2624500PE,0.1550843105864141
19-01-2026 09:35||NIFTY27JAN2624800PE,0.1335220095593094
19-01-2026 09:35||NIFTY27JAN2625500CE,0.0999529430709356
19-01-2026 09:35||NIFTY27JAN2625600CE,0.1006084248877039
19-01-2026 09:35||NIFTY27JAN2626200CE,0.1140842536689235
19-01-2026 09:40||NIFTY27JAN2624100PE,0.1843806035421338
19-01-2026 09:40||NIFTY27JAN2624200PE,0.1759052210909396
19-01-2026 09:40||NIFTY27JAN2624400PE,0.1587824202099466
19-01-2026 09:40||NIFTY27JAN2624500PE,0.1503710243904168
19-01-2026 09:40||NIFTY27JAN2624600PE,0.142615281315747
19-01-2026 09:40||NIFTY27JAN2624900PE,0.1232760865147074
19-01-2026 09:40||NIFTY27JAN2625700CE,0.1089204409088129
19-01-2026 09:40||NIFTY27JAN2626200CE,0.1182782447233954
19-01-2026 09:40||NIFTY27JAN2626300CE,0.1225614532322463
19-01-2026 09:40||NIFTY27JAN2626500CE,0.1333419736793704
19-01-2026 09:45||NIFTY27JAN2623900PE,0.2009233249265603
19-01-2026 09:45||NIFTY27JAN2624000PE,0.1928458351008035
19-01-2026 09:45||NIFTY27JAN2626200CE,0.1165337692591887
19-01-2026 09:50||NIFTY27JAN2623900PE,0.2013709139474681
19-01-2026 09:50||NIFTY27JAN2624700PE,0.1373988905122525
19-01-2026 09:50||NIFTY27JAN2624800PE,0.1312739103923376
19-01-2026 09:50||NIFTY27JAN2625300CE,0.1006643471555776
19-01-2026 09:50||NIFTY27JAN2625900CE,0.1053363332525099
19-01-2026 09:50||NIFTY27JAN2626200CE,0.1150558304378477
19-01-2026 09:55||NIFTY27JAN2624700PE,0.1377151917404555
19-01-2026 09:55||NIFTY27JAN2625400CE,0.101542604085097
19-01-2026 09:55||NIFTY27JAN2625700CE,0.1026998705077795
19-01-2026 09:55||NIFTY27JAN2626400CE,0.1267119310109692
19-01-2026 10:00||NIFTY27JAN2624400PE,0.1577396004431387
19-01-2026 10:00||NIFTY27JAN2625000PE,0.119252287477955
19-01-2026 10:00||NIFTY27JAN2625700CE,0.1060604422213806
19-01-2026 10:00||NIFTY27JAN2625900CE,0.1084902902999698
19-01-2026 10:05||NIFTY27JAN2624500PE,0.1480305317622361
19-01-2026 10:05||NIFTY27JAN2624800PE,0.1268747588067045
19-01-2026 10:05||NIFTY27JAN2625200CE,0.1252751460182792
19-01-2026 10:05||NIFTY27JAN2625500CE,0.1141235537093599
19-01-2026 10:05||NIFTY27JAN2626100CE,0.1172615304345347
19-01-2026 10:05||NIFTY27JAN2626200CE,0.1214230253525544
19-01-2026 10:10||NIFTY27JAN2623800PE,0.2084431990008658
19-01-2026 10:10||NIFTY27JAN2624200PE,0.1744567860703873
19-01-2026 10:10||NIFTY27JAN2624400PE,0.157555895854856
19-01-2026 10:10||NIFTY27JAN2625100PE,0.1165292509873048
19-01-2026 10:15||NIFTY27JAN2624200PE,0.1745420399847297
19-01-2026 10:15||NIFTY27JAN2624400PE,0.1574103705717278
19-01-2026 10:15||NIFTY27JAN2624700PE,0.1345257270885551
19-01-2026 10:15||NIFTY27JAN2624800PE,0.1285721728529231
19-01-2026 10:15||NIFTY27JAN2625100PE,0.1168235407330849
19-01-2026 10:15||NIFTY27JAN2625500CE,0.1088305858511584
19-01-2026 10:15||NIFTY27JAN2625700CE,0.1070418241541112
19-01-2026 10:15||NIFTY27JAN2626200CE,0.1195887431820392
19-01-2026 10:15||NIFTY27JAN2626500CE,0.1360296947692917
19-01-2026 10:20||NIFTY27JAN2623900PE,0.2012371109507996
19-01-2026 10:20||NIFTY27JAN2624100PE,0.1849669544150097
19-01-2026 10:20||NIFTY27JAN2625500CE,0.1073535670882049
19-01-2026 10:20||NIFTY27JAN2626300CE,0.1230101531628105
19-01-2026 10:25||NIFTY27JAN2625400CE,0.1027018982532043
19-01-2026 10:25||NIFTY27JAN2626100CE,0.1139117374488593
19-01-2026 10:25||NIFTY27JAN2626400CE,0.1289680616912595
19-01-2026 10:25||NIFTY27JAN2626500CE,0.1344597208651005
19-01-2026 10:30||NIFTY27JAN2623800PE,0.2084444578670678
19-01-2026 10:30||NIFTY27JAN2623900PE,0.199913915936275
19-01-2026 10:30||NIFTY27JAN2624600PE,0.1424288909140251
19-01-2026 10:30||NIFTY27JAN2624700PE,0.1366054735693345
19-01-2026 10:30||NIFTY27JAN2624800PE,0.1314680839408521
19-01-2026 10:30||NIFTY27JAN2624900PE,0.1264805464370845
19-01-2026 10:30||NIFTY27JAN2626200CE,0.1200531575065555
19-01-2026 10:35||NIFTY27JAN2623800PE,0.2064251268582338
19-01-2026 10:35||NIFTY27JAN2624700PE,0.1364618099610174
19-01-2026 10:35||NIFTY27JAN2624800PE,0.1309278583687183
19-01-2026 10:35||NIFTY27JAN2625000PE,0.12175824084575
19-01-2026 10:35||NIFTY27JAN2625200CE,0.1112944941007846
19-01-2026 10:35||NIFTY27JAN2626300CE,0.1252585241490678
19-01-2026 10:40||NIFTY27JAN2623800PE,0.2070549317492004
19-01-2026 10:40||NIFTY27JAN2623900PE,0.1985102058901576
19-01-2026 10:40||NIFTY27JAN2624000PE,0.1900097847023461
19-01-2026 10:40||NIFTY27JAN2624700PE,0.134662085323611
19-01-2026 10:40||NIFTY27JAN2625400CE,0.1170910374600786
19-01-2026 10:40||NIFTY27JAN2625700CE,0.1116311478446463
19-01-2026 10:45||NIFTY27JAN2624000PE,0.1921541682806845
19-01-2026 10:45||NIFTY27JAN2624700PE,0.1376219987597696
19-01-2026 10:45||NIFTY27JAN2625600CE,0.106751869484362
19-01-2026 10:45||NIFTY27JAN2626200CE,0.1191706564158635
19-01-2026 10:50||NIFTY27JAN2625100PE,0.116836427239737
19-01-2026 10:50||NIFTY27JAN2625200CE,0.1224598764634802
19-01-2026 10:50||NIFTY27JAN2626200CE,0.1206873159679725
19-01-2026 10:55||NIFTY27JAN2624100PE,0.1833539958875737
19-01-2026 10:55||NIFTY27JAN2624200PE,0.1747754920206151
19-01-2026 10:55||NIFTY27JAN2624500PE,0.1492802032857762
19-01-2026 10:55||NIFTY27JAN2625400CE,0.1208684630311564
19-01-2026 10:55||NIFTY27JAN2625500CE,0.1170266987867166
19-01-2026 10:55||NIFTY27JAN2625900CE,0.1119260796010643
19-01-2026 10:55||NIFTY27JAN2626000CE,0.1137808342689978
19-01-2026 11:00||NIFTY27JAN2623900PE,0.202746877201031
19-01-2026 11:00||NIFTY27JAN2624400PE,0.1597954653941779
19-01-2026 11:00||NIFTY27JAN2625400CE,0.1157458270813321
19-01-2026 11:00||NIFTY27JAN2625600CE,0.1116700300629799
19-01-2026 11:00||NIFTY27JAN2625700CE,0.1100090977702854
19-01-2026 11:00||NIFTY27JAN2625800CE,0.1094595075612278
19-01-2026 11:00||NIFTY27JAN2626300CE,0.1229535005927355
19-01-2026 11:00||NIFTY27JAN2626500CE,0.1328726289410033
19-01-2026 11:05||NIFTY27JAN2623800PE,0.211421316410037
19-01-2026 11:05||NIFTY27JAN2623900PE,0.2031241510017435
19-01-2026 11:05||NIFTY27JAN2624200PE,0.1785198961619327
19-01-2026 11:05||NIFTY27JAN2624500PE,0.1547555422772994
19-01-2026 11:05||NIFTY27JAN2625000PE,0.1248689230532601
19-01-2026 11:05||NIFTY27JAN2625600CE,0.1010837644187175
19-01-2026 11:05||NIFTY27JAN2626100CE,0.1102172321637105
19-01-2026 11:10||NIFTY27JAN2624300PE,0.1680585373163241
19-01-2026 11:10||NIFTY27JAN2625800CE,0.1057080277573789
19-01-2026 11:15||NIFTY27JAN2624400PE,0.1600074052299946
19-01-2026 11:15||NIFTY27JAN2624500PE,0.1526283927690854
19-01-2026 11:15||NIFTY27JAN2624600PE,0.145599456871505
19-01-2026 11:15||NIFTY27JAN2624700PE,0.1390999061105687
19-01-2026 11:15||NIFTY27JAN2624900PE,0.1278108834594174
19-01-2026 11:15||NIFTY27JAN2625100PE,0.1194524299816515
19-01-2026 11:20||NIFTY27JAN2623800PE,0.2062309543738392
19-01-2026 11:20||NIFTY27JAN2624200PE,0.1743808060692553
19-01-2026 11:20||NIFTY27JAN2624300PE,0.1660172900369224
19-01-2026 11:20||NIFTY27JAN2624500PE,0.1500680697793716
19-01-2026 11:20||NIFTY27JAN2624900PE,0.1249398849036631
19-01-2026 11:20||NIFTY27JAN2625400CE,0.1134575655506131
19-01-2026 11:20||NIFTY27JAN2625500CE,0.1104931848871308
19-01-2026 11:20||NIFTY27JAN2625600CE,0.1087812604381943
19-01-2026 11:20||NIFTY27JAN2625700CE,0.1082107167915645
19-01-2026 11:20||NIFTY27JAN2626200CE,0.1201672669737119
19-01-2026 11:20||NIFTY27JAN2626300CE,0.1251058856140051
19-01-2026 11:20||NIFTY27JAN2626500CE,0.1362340212366348
19-01-2026 11:25||NIFTY27JAN2624900PE,0.1250237243418129
19-01-2026 11:25||NIFTY27JAN2625300CE,0.1180864703899298
19-01-2026 11:25||NIFTY27JAN2625400CE,0.1146875012818274
19-01-2026 11:30||NIFTY27JAN2624100PE,0.1838541639052064
19-01-2026 11:30||NIFTY27JAN2624600PE,0.1435878936701244
19-01-2026 11:30||NIFTY27JAN2624900PE,0.1249517722085429
19-01-2026 11:30||NIFTY27JAN2625000PE,0.1199017220937052
19-01-2026 11:30||NIFTY27JAN2625500CE,0.1128964203681144
19-01-2026 11:30||NIFTY27JAN2625700CE,0.1092462905213233
19-01-2026 11:30||NIFTY27JAN2626500CE,0.1346210932381881
19-01-2026 11:35||NIFTY27JAN2623900PE,0.1995241110067463
19-01-2026 11:35||NIFTY27JAN2624600PE,0.1428883047450138
19-01-2026 11:35||NIFTY27JAN2625800CE,0.1098893041040944
19-01-2026 11:35||NIFTY27JAN2626000CE,0.1123171232627351
19-01-2026 11:35||NIFTY27JAN2626200CE,0.1197097726061997
19-01-2026 11:35||NIFTY27JAN2626300CE,0.1244302772415686
19-01-2026 11:35||NIFTY27JAN2626400CE,0.1298092821662
19-01-2026 11:35||NIFTY27JAN2626500CE,0.1357864253756172
19-01-2026 11:40||NIFTY27JAN2623800PE,0.2089875335829252
19-01-2026 11:40||NIFTY27JAN2624100PE,0.1857140142867769
19-01-2026 11:40||NIFTY27JAN2624200PE,0.1770436446469883
19-01-2026 11:40||NIFTY27JAN2624400PE,0.1596683238377764
19-01-2026 11:40||NIFTY27JAN2624500PE,0.1514228603878622
19-01-2026 11:40||NIFTY27JAN2625100PE,0.1168363068217497
19-01-2026 11:45||NIFTY27JAN2624300PE,0.1685099927587417
19-01-2026 11:45||NIFTY27JAN2625400CE,0.1136830542935504
19-01-2026 11:50||NIFTY27JAN2624600PE,0.1451640888535505
19-01-2026 11:50||NIFTY27JAN2625200CE,0.1162082681335549
19-01-2026 11:50||NIFTY27JAN2626300CE,0.1223577642066971
19-01-2026 11:55||NIFTY27JAN2623800PE,0.2080114469768858
19-01-2026 11:55||NIFTY27JAN2624300PE,0.1690263375895497
19-01-2026 11:55||NIFTY27JAN2624500PE,0.1532951416581441
19-01-2026 11:55||NIFTY27JAN2624600PE,0.1460190981564231
19-01-2026 11:55||NIFTY27JAN2624700PE,0.1392766643199513
19-01-2026 11:55||NIFTY27JAN2625900CE,0.1055407736669526
19-01-2026 11:55||NIFTY27JAN2626200CE,0.1163697222850627
19-01-2026 12:00||NIFTY27JAN2624200PE,0.17563495397518
19-01-2026 12:00||NIFTY27JAN2624300PE,0.1674542472252596
19-01-2026 12:00||NIFTY27JAN2624400PE,0.1594939820074814
19-01-2026 12:00||NIFTY27JAN2624500PE,0.1518376260144044
19-01-2026 12:00||NIFTY27JAN2624700PE,0.1381582515293678
19-01-2026 12:00||NIFTY27JAN2625000PE,0.1217994841405478
19-01-2026 12:00||NIFTY27JAN2626100CE,0.1136323067127366
19-01-2026 12:00||NIFTY27JAN2626500CE,0.1340553625354042
19-01-2026 12:05||NIFTY27JAN2623900PE,0.2003537128790259
19-01-2026 12:05||NIFTY27JAN2624400PE,0.1605299434881407
19-01-2026 12:05||NIFTY27JAN2624500PE,0.1526826410229546
19-01-2026 12:05||NIFTY27JAN2625200CE,0.1131883287417193
19-01-2026 12:05||NIFTY27JAN2625400CE,0.1081520629704165
19-01-2026 12:05||NIFTY27JAN2625500CE,0.1062804890531697
19-01-2026 12:05||NIFTY27JAN2625700CE,0.1049044920403478
19-01-2026 12:05||NIFTY27JAN2626100CE,0.1147187489334908
19-01-2026 12:05||NIFTY27JAN2626200CE,0.1193005162406172
19-01-2026 12:05||NIFTY27JAN2626400CE,0.1290004272544148
19-01-2026 12:05||NIFTY27JAN2626500CE,0.1337719698323346
19-01-2026 12:10||NIFTY27JAN2623900PE,0.2007161215465656
19-01-2026 12:10||NIFTY27JAN2625600CE,0.1095347095652742
19-01-2026 12:10||NIFTY27JAN2626400CE,0.1303338491762073
19-01-2026 12:15||NIFTY27JAN2623900PE,0.200545146278786
19-01-2026 12:15||NIFTY27JAN2624100PE,0.1849377459984043
19-01-2026 12:15||NIFTY27JAN2624300PE,0.168256332134371
19-01-2026 12:20||NIFTY27JAN2623800PE,0.209460962657283
19-01-2026 12:20||NIFTY27JAN2624400PE,0.1618636111362371
19-01-2026 12:20||NIFTY27JAN2625100PE,0.1190112186692752
19-01-2026 12:20||NIFTY27JAN2625300CE,0.1083366371594274
19-01-2026 12:20||NIFTY27JAN2626200CE,0.1156755238490115
19-01-2026 12:25||NIFTY27JAN2623800PE,0.2085425899600014
19-01-2026 12:25||NIFTY27JAN2625700CE,0.1050175432223051
19-01-2026 12:25||NIFTY27JAN2626500CE,0.1343273650503643
19-01-2026 12:30||NIFTY27JAN2623900PE,0.2010046596130372
19-01-2026 12:30||NIFTY27JAN2624300PE,0.1686399888013998
19-01-2026 12:30||NIFTY27JAN2624500PE,0.1523501849124329
19-01-2026 12:30||NIFTY27JAN2625000PE,0.1203403347290252
19-01-2026 12:30||NIFTY27JAN2625400CE,0.1088027053914376
19-01-2026 12:30||NIFTY27JAN2626500CE,0.134617403603941
19-01-2026 12:35||NIFTY27JAN2624100PE,0.1850351107217993
19-01-2026 12:35||NIFTY27JAN2624200PE,0.1768941938640557
19-01-2026 12:35||NIFTY27JAN2624400PE,0.1603029523192062
19-01-2026 12:35||NIFTY27JAN2624700PE,0.1380306226926958
19-01-2026 12:35||NIFTY27JAN2625000PE,0.1211367502872537
19-01-2026 12:35||NIFTY27JAN2625300CE,0.1105785222743223
19-01-2026 12:40||NIFTY27JAN2623800PE,0.2074956637951625
19-01-2026 12:40||NIFTY27JAN2625700CE,0.1086217410280129
19-01-2026 12:40||NIFTY27JAN2625800CE,0.1087401860728693
19-01-2026 12:40||NIFTY27JAN2626400CE,0.131288778837496
19-01-2026 12:45||NIFTY27JAN2626000CE,0.1098570724235793
19-01-2026 12:45||NIFTY27JAN2626100CE,0.1136338933224496
19-01-2026 12:45||NIFTY27JAN2626400CE,0.1291956248518564
19-01-2026 12:50||NIFTY27JAN2623800PE,0.2077641179279492
19-01-2026 12:50||NIFTY27JAN2624200PE,0.1752885175062551
19-01-2026 12:50||NIFTY27JAN2625900CE,0.110119206734332
19-01-2026 12:50||NIFTY27JAN2626500CE,0.1355798538883351
19-01-2026 12:55||NIFTY27JAN2623900PE,0.2029981890844903
19-01-2026 12:55||NIFTY27JAN2624100PE,0.1874337996655201
19-01-2026 12:55||NIFTY27JAN2624300PE,0.1703899874325181
19-01-2026 12:55||NIFTY27JAN2624400PE,0.1616729092561177
19-01-2026 12:55||NIFTY27JAN2624500PE,0.1533352134580573
19-01-2026 12:55||NIFTY27JAN2624700PE,0.1382002896768444
19-01-2026 12:55||NIFTY27JAN2625100PE,0.1185371158830221
19-01-2026 12:55||NIFTY27JAN2625700CE,0.1055418849039991
19-01-2026 12:55||NIFTY27JAN2626000CE,0.1092696814401004
19-01-2026 13:00||NIFTY27JAN2623900PE,0.2048992974913588
19-01-2026 13:00||NIFTY27JAN2624000PE,0.1971761585463065
19-01-2026 13:00||NIFTY27JAN2624400PE,0.1632150455155312
19-01-2026 13:00||NIFTY27JAN2624700PE,0.139875518041663
19-01-2026 13:00||NIFTY27JAN2625400CE,0.1094160841635616
19-01-2026 13:00||NIFTY27JAN2625600CE,0.1057552599230429
19-01-2026 13:00||NIFTY27JAN2625900CE,0.1063034151809073
19-01-2026 13:00||NIFTY27JAN2626200CE,0.1163957367649925
19-01-2026 13:00||NIFTY27JAN2626500CE,0.1315610979300662
19-01-2026 13:05||NIFTY27JAN2624600PE,0.1470646545944015
19-01-2026 13:05||NIFTY27JAN2625100PE,0.1196339859780308
19-01-2026 13:05||NIFTY27JAN2625700CE,0.1032623319611926
19-01-2026 13:10||NIFTY27JAN2623800PE,0.2133665454948143
19-01-2026 13:10||NIFTY27JAN2623900PE,0.2054134843311465
19-01-2026 13:10||NIFTY27JAN2624400PE,0.1638624879530298
19-01-2026 13:10||NIFTY27JAN2624500PE,0.1553585975138412
19-01-2026 13:10||NIFTY27JAN2624600PE,0.1472513109577388
19-01-2026 13:10||NIFTY27JAN2626200CE,0.1154206671120985
19-01-2026 13:10||NIFTY27JAN2626300CE,0.1205889062264928
19-01-2026 13:15||NIFTY27JAN2625800CE,0.1072425384382048
19-01-2026 13:20||NIFTY27JAN2624400PE,0.1627096619698358
19-01-2026 13:20||NIFTY27JAN2624800PE,0.1321042636044641
19-01-2026 13:20||NIFTY27JAN2624900PE,0.126214799697204
19-01-2026 13:20||NIFTY27JAN2625000PE,0.1211001854679603
19-01-2026 13:20||NIFTY27JAN2625200CE,0.1116819864681814
19-01-2026 13:20||NIFTY27JAN2625400CE,0.1065163967138626
19-01-2026 13:25||NIFTY27JAN2623900PE,0.2047785071700057
19-01-2026 13:25||NIFTY27JAN2625000PE,0.1197585460353578
19-01-2026 13:25||NIFTY27JAN2625300CE,0.1119529900982352
19-01-2026 13:25||NIFTY27JAN2625400CE,0.1092021296665208
19-01-2026 13:25||NIFTY27JAN2625900CE,0.1064446011690221
19-01-2026 13:25||NIFTY27JAN2626200CE,0.117397213689562
19-01-2026 13:25||NIFTY27JAN2626500CE,0.1332948363984917
19-01-2026 13:30||NIFTY27JAN2624300PE,0.1701675283894797
19-01-2026 13:30||NIFTY27JAN2624900PE,0.1249643633258807
19-01-2026 13:30||NIFTY27JAN2625100PE,0.1157562665942393
19-01-2026 13:30||NIFTY27JAN2625800CE,0.106614830317606
19-01-2026 13:30||NIFTY27JAN2626100CE,0.1135046535602117
19-01-2026 13:30||NIFTY27JAN2626300CE,0.1225948773972455
19-01-2026 13:30||NIFTY27JAN2626500CE,0.1335666393820098
19-01-2026 13:35||NIFTY27JAN2624400PE,0.1638237852031761
19-01-2026 13:35||NIFTY27JAN2624900PE,0.1271711256816745
19-01-2026 13:35||NIFTY27JAN2626200CE,0.1157919743593891
19-01-2026 13:35||NIFTY27JAN2626400CE,0.1264774871354495
19-01-2026 13:40||NIFTY27JAN2624800PE,0.1341130923268793
19-01-2026 13:40||NIFTY27JAN2625300CE,0.1029712899199243
19-01-2026 13:40||NIFTY27JAN2625400CE,0.102768548382398
19-01-2026 13:40||NIFTY27JAN2625600CE,0.1016870881523092
19-01-2026 13:40||NIFTY27JAN2625800CE,0.1024502291458773
19-01-2026 13:40||NIFTY27JAN2625900CE,0.1040147822475927
19-01-2026 13:45||NIFTY27JAN2624300PE,0.1689382619916229
19-01-2026 13:45||NIFTY27JAN2624700PE,0.1357159866016552
19-01-2026 13:45||NIFTY27JAN2625100PE,0.1118548918171955
19-01-2026 13:45||NIFTY27JAN2625500CE,0.1205190831888139
19-01-2026 13:45||NIFTY27JAN2626500CE,0.1334534835941979
19-01-2026 13:50||NIFTY27JAN2623900PE,0.2056412878725229
19-01-2026 13:50||NIFTY27JAN2624200PE,0.1814503928596998
19-01-2026 13:50||NIFTY27JAN2625100PE,0.1178008236805783
19-01-2026 13:50||NIFTY27JAN2625400CE,0.1163296863091374
19-01-2026 13:50||NIFTY27JAN2625700CE,0.1070304593315489
19-01-2026 13:50||NIFTY27JAN2626200CE,0.1141145420256777
19-01-2026 13:55||NIFTY27JAN2624500PE,0.1590875509745544
19-01-2026 13:55||NIFTY27JAN2624600PE,0.150851859424363
19-01-2026 13:55||NIFTY27JAN2625600CE,0.1033843763176287
19-01-2026 13:55||NIFTY27JAN2625700CE,0.1025436833475089
19-01-2026 13:55||NIFTY27JAN2625800CE,0.1020058895122616
19-01-2026 13:55||NIFTY27JAN2625900CE,0.1026327246594113
19-01-2026 13:55||NIFTY27JAN2626200CE,0.1108535603935619
19-01-2026 14:00||NIFTY27JAN2624100PE,0.1936687529988703
19-01-2026 14:00||NIFTY27JAN2624600PE,0.1500947000485865
19-01-2026 14:00||NIFTY27JAN2625300CE,0.1216306006608476
19-01-2026 14:00||NIFTY27JAN2625800CE,0.1079412088307064
19-01-2026 14:00||NIFTY27JAN2625900CE,0.1073407293939724
19-01-2026 14:00||NIFTY27JAN2626100CE,0.1097153073467865
19-01-2026 14:05||NIFTY27JAN2623800PE,0.2187091223362979
19-01-2026 14:05||NIFTY27JAN2624200PE,0.1874709072548687
19-01-2026 14:05||NIFTY27JAN2624500PE,0.1610491668326761
19-01-2026 14:05||NIFTY27JAN2625000PE,0.124412884680953
19-01-2026 14:05||NIFTY27JAN2625400CE,0.1074112016814889
19-01-2026 14:05||NIFTY27JAN2626500CE,0.1229797446512705
19-01-2026 14:10||NIFTY27JAN2624400PE,0.1695293279794194
19-01-2026 14:10||NIFTY27JAN2624500PE,0.1605693160317362
19-01-2026 14:10||NIFTY27JAN2625100PE,0.1219461363318723
19-01-2026 14:10||NIFTY27JAN2625200CE,0.1027731229794789
19-01-2026 14:10||NIFTY27JAN2626100CE,0.1036076471790384
19-01-2026 14:15||NIFTY27JAN2623800PE,0.2161603207672784
19-01-2026 14:15||NIFTY27JAN2624100PE,0.1937952400615792
19-01-2026 14:15||NIFTY27JAN2624200PE,0.1853409788735635
19-01-2026 14:15||NIFTY27JAN2624500PE,0.1577191075170226
19-01-2026 14:15||NIFTY27JAN2624700PE,0.1407266684648334
19-01-2026 14:15||NIFTY27JAN2624800PE,0.133322964866544
19-01-2026 14:15||NIFTY27JAN2625100PE,0.1171236409961258
19-01-2026 14:15||NIFTY27JAN2626400CE,0.1219223246745623
19-01-2026 14:20||NIFTY27JAN2624200PE,0.1855888394095038
19-01-2026 14:20||NIFTY27JAN2624500PE,0.159767968462189
19-01-2026 14:20||NIFTY27JAN2625800CE,0.1021200168023486
19-01-2026 14:20||NIFTY27JAN2626000CE,0.1033910214996604
19-01-2026 14:25||NIFTY27JAN2624000PE,0.2022868146196015
19-01-2026 14:25||NIFTY27JAN2625100PE,0.121006205080542
19-01-2026 14:25||NIFTY27JAN2625700CE,0.0984693297406602
19-01-2026 14:25||NIFTY27JAN2625900CE,0.0991565764500168
19-01-2026 14:25||NIFTY27JAN2626000CE,0.1008858254356374
19-01-2026 14:25||NIFTY27JAN2626500CE,0.1243867160746046
19-01-2026 14:30||NIFTY27JAN2624100PE,0.1934180195559188
19-01-2026 14:30||NIFTY27JAN2624300PE,0.1763601255216849
19-01-2026 14:30||NIFTY27JAN2624700PE,0.1427072960737827
19-01-2026 14:30||NIFTY27JAN2624800PE,0.1355310304310782
19-01-2026 14:30||NIFTY27JAN2625000PE,0.1231263625724741
19-01-2026 14:35||NIFTY27JAN2623800PE,0.2165756612216502
19-01-2026 14:35||NIFTY27JAN2624300PE,0.1754951165628635
19-01-2026 14:35||NIFTY27JAN2625000PE,0.1225274126934694
19-01-2026 14:35||NIFTY27JAN2625800CE,0.1040037340612139
19-01-2026 14:35||NIFTY27JAN2626100CE,0.1068389805923768
19-01-2026 14:35||NIFTY27JAN2626300CE,0.1145455249190142
19-01-2026 14:35||NIFTY27JAN2626400CE,0.1199534557869736
19-01-2026 14:40||NIFTY27JAN2624000PE,0.2018289205463034
19-01-2026 14:40||NIFTY27JAN2624300PE,0.1769900032450036
19-01-2026 14:40||NIFTY27JAN2624700PE,0.1442777092908033
19-01-2026 14:40||NIFTY27JAN2625200CE,0.111926792683289
19-01-2026 14:45||NIFTY27JAN2623900PE,0.211366287328969
19-01-2026 14:45||NIFTY27JAN2624100PE,0.1950511115103078
19-01-2026 14:45||NIFTY27JAN2624400PE,0.1690745832773782
19-01-2026 14:45||NIFTY27JAN2624600PE,0.1522018893676771
19-01-2026 14:45||NIFTY27JAN2624800PE,0.1372987451107188
19-01-2026 14:45||NIFTY27JAN2625800CE,0.1002435678828311
19-01-2026 14:45||NIFTY27JAN2626000CE,0.1017100131132999
19-01-2026 14:50||NIFTY27JAN2624000PE,0.2032149754097472
19-01-2026 14:50||NIFTY27JAN2624200PE,0.1868159035856056
19-01-2026 14:50||NIFTY27JAN2624500PE,0.1612967379074979
19-01-2026 14:50||NIFTY27JAN2625100PE,0.1208121888858038
19-01-2026 14:50||NIFTY27JAN2625700CE,0.1019392470946738
19-01-2026 14:55||NIFTY27JAN2623800PE,0.221492884940726
19-01-2026 14:55||NIFTY27JAN2624400PE,0.1710103859893571
19-01-2026 14:55||NIFTY27JAN2625300CE,0.1048434757257461
19-01-2026 14:55||NIFTY27JAN2625400CE,0.1029805601278617
19-01-2026 14:55||NIFTY27JAN2626000CE,0.0998813529697019
19-01-2026 14:55||NIFTY27JAN2626100CE,0.1021986678769916
19-01-2026 15:00||NIFTY27JAN2624300PE,0.1808393942914452
19-01-2026 15:00||NIFTY27JAN2625000PE,0.1282668202057421
19-01-2026 15:00||NIFTY27JAN2625600CE,0.0922660138473337
19-01-2026 15:00||NIFTY27JAN2626000CE,0.0958418865147014
19-01-2026 15:00||NIFTY27JAN2626300CE,0.1077091589901698
19-01-2026 15:05||NIFTY27JAN2623900PE,0.2100587220325942
19-01-2026 15:05||NIFTY27JAN2625700CE,0.0951489961805403
19-01-2026 15:05||NIFTY27JAN2626000CE,0.0979620888350774
19-01-2026 15:05||NIFTY27JAN2626400CE,0.1163319034882972
19-01-2026 15:10||NIFTY27JAN2624100PE,0.1933628538775729
19-01-2026 15:10||NIFTY27JAN2624300PE,0.1765886073290504
19-01-2026 15:10||NIFTY27JAN2624800PE,0.138314476554672
19-01-2026 15:10||NIFTY27JAN2625800CE,0.0966329085554206
19-01-2026 15:10||NIFTY27JAN2626100CE,0.1023149912426271
19-01-2026 15:15||NIFTY27JAN2624200PE,0.1853280954233297
19-01-2026 15:15||NIFTY27JAN2624400PE,0.1687670854460867
19-01-2026 15:15||NIFTY27JAN2624500PE,0.1608484690818566
19-01-2026 15:15||NIFTY27JAN2624600PE,0.1531946055309328
19-01-2026 15:15||NIFTY27JAN2624700PE,0.1460503783503344
19-01-2026 15:15||NIFTY27JAN2625300CE,0.0853060521717759
19-01-2026 15:15||NIFTY27JAN2625400CE,0.0889770815251172
19-01-2026 15:15||NIFTY27JAN2626200CE,0.105170380967982
19-01-2026 15:20||NIFTY27JAN2624500PE,0.1570968554794655
19-01-2026 15:20||NIFTY27JAN2625200CE,0.0980519281173708
19-01-2026 15:20||NIFTY27JAN2625800CE,0.0957732970836337
19-01-2026 15:20||NIFTY27JAN2626400CE,0.1204834412705813
19-01-2026 15:20||NIFTY27JAN2626500CE,0.1266209044912847
19-01-2026 15:25||NIFTY27JAN2624300PE,0.1733037197586508
19-01-2026 15:25||NIFTY27JAN2624400PE,0.1650931484279301
19-01-2026 15:25||NIFTY27JAN2624700PE,0.1429689410830998
19-01-2026 15:25||NIFTY27JAN2625800CE,0.0940516447745441
19-01-2026 15:25||NIFTY27JAN2626300CE,0.1137181625315423
20-01-2026 09:15||NIFTY27JAN2623900PE,0.2084184224402907
20-01-2026 09:15||NIFTY27JAN2624000PE,0.2004366567967346
20-01-2026 09:15||NIFTY27JAN2624100PE,0.1916043595124319
20-01-2026 09:15||NIFTY27JAN2624400PE,0.1668508978330726
20-01-2026 09:15||NIFTY27JAN2624600PE,0.1519519273692312
20-01-2026 09:15||NIFTY27JAN2625200CE,0.1106803102556585
20-01-2026 09:15||NIFTY27JAN2625500CE,0.102301528570031
20-01-2026 09:15||NIFTY27JAN2626200CE,0.1134517008011047
20-01-2026 09:15||NIFTY27JAN2626300CE,0.1198705206200198
20-01-2026 09:15||NIFTY27JAN2626400CE,0.1255154943720581
20-01-2026 09:20||NIFTY27JAN2623800PE,0.2144452069116781
20-01-2026 09:20||NIFTY27JAN2624000PE,0.1982737497653234
20-01-2026 09:20||NIFTY27JAN2624700PE,0.1455929045564272
20-01-2026 09:20||NIFTY27JAN2625200CE,0.0865365972378429
20-01-2026 09:20||NIFTY27JAN2625400CE,0.0906090857837021
20-01-2026 09:20||NIFTY27JAN2625500CE,0.0912114990664657
20-01-2026 09:20||NIFTY27JAN2625800CE,0.0969243920082676
20-01-2026 09:20||NIFTY27JAN2626300CE,0.1190424460716528
20-01-2026 09:20||NIFTY27JAN2626500CE,0.1342165527853544
20-01-2026 09:25||NIFTY27JAN2623900PE,0.2033805531045138
20-01-2026 09:25||NIFTY27JAN2625000PE,0.1250794826373535
20-01-2026 09:25||NIFTY27JAN2625400CE,0.1050776871400415
20-01-2026 09:30||NIFTY27JAN2623900PE,0.2025729216080899
20-01-2026 09:30||NIFTY27JAN2624400PE,0.1600461672145287
20-01-2026 09:30||NIFTY27JAN2624800PE,0.1320358248199946
20-01-2026 09:30||NIFTY27JAN2625700CE,0.1076667860822767
20-01-2026 09:30||NIFTY27JAN2626100CE,0.1169231274549933
20-01-2026 09:30||NIFTY27JAN2626300CE,0.1285119096188767
20-01-2026 09:35||NIFTY27JAN2624500PE,0.1533703151196598
20-01-2026 09:35||NIFTY27JAN2625200CE,0.1080806958001655
20-01-2026 09:35||NIFTY27JAN2625700CE,0.1055663118245424
20-01-2026 09:35||NIFTY27JAN2625800CE,0.1067305362223201
20-01-2026 09:35||NIFTY27JAN2626200CE,0.122764597869651
20-01-2026 09:40||NIFTY27JAN2623800PE,0.2137773073179471
20-01-2026 09:40||NIFTY27JAN2624100PE,0.1868811898366627
20-01-2026 09:40||NIFTY27JAN2625000PE,0.121531341919341
20-01-2026 09:40||NIFTY27JAN2625900CE,0.1135902936795899
20-01-2026 09:40||NIFTY27JAN2626100CE,0.1211022370340236
20-01-2026 09:40||NIFTY27JAN2626200CE,0.1264480219894197
20-01-2026 09:40||NIFTY27JAN2626400CE,0.1396919404316234
20-01-2026 09:45||NIFTY27JAN2624800PE,0.1330397457554639
20-01-2026 09:45||NIFTY27JAN2625500CE,0.1122531792282246
20-01-2026 09:45||NIFTY27JAN2626200CE,0.1261830927497069
20-01-2026 09:45||NIFTY27JAN2626300CE,0.1326029775963366
20-01-2026 09:50||NIFTY27JAN2624100PE,0.1888615081582771
20-01-2026 09:50||NIFTY27JAN2624800PE,0.1354682524991671
20-01-2026 09:50||NIFTY27JAN2625100PE,0.1239925964912186
20-01-2026 09:50||NIFTY27JAN2625200CE,0.105110754090329
20-01-2026 09:55||NIFTY27JAN2623900PE,0.2044184781295814
20-01-2026 09:55||NIFTY27JAN2624100PE,0.1860589554818896
20-01-2026 09:55||NIFTY27JAN2625000PE,0.1224503407202871
20-01-2026 10:00||NIFTY27JAN2623900PE,0.2059432638412511
20-01-2026 10:00||NIFTY27JAN2624600PE,0.1454161596046956
20-01-2026 10:00||NIFTY27JAN2624700PE,0.1384682386493556
20-01-2026 10:00||NIFTY27JAN2625200CE,0.1213863424426826
20-01-2026 10:00||NIFTY27JAN2625400CE,0.1154015838002485
20-01-2026 10:00||NIFTY27JAN2625700CE,0.1107123065523493
20-01-2026 10:00||NIFTY27JAN2626000CE,0.1161143679564915
20-01-2026 10:00||NIFTY27JAN2626200CE,0.1259212261575535
20-01-2026 10:05||NIFTY27JAN2626100CE,0.1202010867834148
20-01-2026 10:05||NIFTY27JAN2626200CE,0.1253257198327523
20-01-2026 10:05||NIFTY27JAN2626500CE,0.1443187363121939
20-01-2026 10:10||NIFTY27JAN2624900PE,0.1298335022908974
20-01-2026 10:10||NIFTY27JAN2625100PE,0.1224680742429283
20-01-2026 10:10||NIFTY27JAN2626500CE,0.1425978831949779
20-01-2026 10:15||NIFTY27JAN2624000PE,0.1949585278803381
20-01-2026 10:15||NIFTY27JAN2625800CE,0.1118834289289285
20-01-2026 10:15||NIFTY27JAN2626300CE,0.1308973860081801
20-01-2026 10:20||NIFTY27JAN2624100PE,0.1879239954681743
20-01-2026 10:20||NIFTY27JAN2625700CE,0.1055698315571778
20-01-2026 10:20||NIFTY27JAN2626000CE,0.1118320056494879
20-01-2026 10:25||NIFTY27JAN2623800PE,0.214319528162299
20-01-2026 10:25||NIFTY27JAN2624700PE,0.1393567586985524
20-01-2026 10:25||NIFTY27JAN2625000PE,0.1234214392001917
20-01-2026 10:25||NIFTY27JAN2625800CE,0.1059217075691976
20-01-2026 10:25||NIFTY27JAN2626200CE,0.1202917258312105
20-01-2026 10:25||NIFTY27JAN2626400CE,0.1331410415123958
20-01-2026 10:30||NIFTY27JAN2623900PE,0.2059838714288117
20-01-2026 10:30||NIFTY27JAN2624000PE,0.1970715791357692
20-01-2026 10:30||NIFTY27JAN2624300PE,0.1704408921456436
20-01-2026 10:30||NIFTY27JAN2624600PE,0.1458602642271905
20-01-2026 10:30||NIFTY27JAN2625500CE,0.1080120296006416
20-01-2026 10:30||NIFTY27JAN2625700CE,0.1069674070937277
20-01-2026 10:30||NIFTY27JAN2625800CE,0.1079014647852061
20-01-2026 10:35||NIFTY27JAN2624300PE,0.1690517799333757
20-01-2026 10:35||NIFTY27JAN2624700PE,0.1367185394121046
20-01-2026 10:35||NIFTY27JAN2625200CE,0.1305363408610718
20-01-2026 10:35||NIFTY27JAN2625400CE,0.1199791033937658
20-01-2026 10:35||NIFTY27JAN2625900CE,0.1121511628212402
20-01-2026 10:40||NIFTY27JAN2624000PE,0.1980168268603205
20-01-2026 10:40||NIFTY27JAN2624300PE,0.1711022315176114
20-01-2026 10:40||NIFTY27JAN2625800CE,0.1052612990743029
20-01-2026 10:40||NIFTY27JAN2626000CE,0.1102228285444066
20-01-2026 10:45||NIFTY27JAN2624900PE,0.1261707177540353
20-01-2026 10:45||NIFTY27JAN2625900CE,0.1088412598266287
20-01-2026 10:45||NIFTY27JAN2626200CE,0.1206907956271841
20-01-2026 10:45||NIFTY27JAN2626400CE,0.1328168157776287
20-01-2026 10:50||NIFTY27JAN2623800PE,0.2156304438917352
20-01-2026 10:50||NIFTY27JAN2624100PE,0.1895082106455503
20-01-2026 10:50||NIFTY27JAN2625300CE,0.1052592610570831
20-01-2026 10:50||NIFTY27JAN2626200CE,0.1203741377393694
20-01-2026 10:55||NIFTY27JAN2624200PE,0.1791679709368772
20-01-2026 10:55||NIFTY27JAN2624500PE,0.1528736975407266
20-01-2026 10:55||NIFTY27JAN2624600PE,0.145163740181456
20-01-2026 10:55||NIFTY27JAN2624700PE,0.1382134175169146
20-01-2026 10:55||NIFTY27JAN2624800PE,0.1319834481987703
20-01-2026 10:55||NIFTY27JAN2625300CE,0.1090212216707638
20-01-2026 10:55||NIFTY27JAN2625400CE,0.107685359553748
20-01-2026 10:55||NIFTY27JAN2625900CE,0.1094940610513937
20-01-2026 10:55||NIFTY27JAN2626400CE,0.134334049763505
20-01-2026 11:00||NIFTY27JAN2623800PE,0.2142424987329758
20-01-2026 11:00||NIFTY27JAN2624000PE,0.1965967348967855
20-01-2026 11:00||NIFTY27JAN2624400PE,0.1605555645925455
20-01-2026 11:00||NIFTY27JAN2625300CE,0.1077297849668163
20-01-2026 11:05||NIFTY27JAN2623800PE,0.2140000673050079
20-01-2026 11:05||NIFTY27JAN2624400PE,0.1600807878130643
20-01-2026 11:05||NIFTY27JAN2624500PE,0.1515679341895743
20-01-2026 11:05||NIFTY27JAN2625400CE,0.1069374119080818
20-01-2026 11:05||NIFTY27JAN2625500CE,0.1055244523531762
20-01-2026 11:05||NIFTY27JAN2625800CE,0.106737785276408
20-01-2026 11:05||NIFTY27JAN2626300CE,0.1289413626133007
20-01-2026 11:10||NIFTY27JAN2624500PE,0.1504367916557006
20-01-2026 11:10||NIFTY27JAN2624900PE,0.1249163496172818
20-01-2026 11:10||NIFTY27JAN2625200CE,0.1139760554218463
20-01-2026 11:10||NIFTY27JAN2625600CE,0.1058657956152503
20-01-2026 11:15||NIFTY27JAN2623800PE,0.2112798858594915
20-01-2026 11:15||NIFTY27JAN2624300PE,0.1662365354062145
20-01-2026 11:15||NIFTY27JAN2624700PE,0.1347806778107308
20-01-2026 11:15||NIFTY27JAN2625000PE,0.1189940990748119
20-01-2026 11:15||NIFTY27JAN2625300CE,0.1147488693549263
20-01-2026 11:15||NIFTY27JAN2625600CE,0.1069553620326599
20-01-2026 11:20||NIFTY27JAN2624500PE,0.1491322358358122
20-01-2026 11:20||NIFTY27JAN2625700CE,0.107626119667925
20-01-2026 11:20||NIFTY27JAN2626200CE,0.1237388256784098
20-01-2026 11:25||NIFTY27JAN2624000PE,0.1929864951485415
20-01-2026 11:25||NIFTY27JAN2624300PE,0.1654694201261637
20-01-2026 11:25||NIFTY27JAN2624900PE,0.1213702188466571
20-01-2026 11:25||NIFTY27JAN2625200CE,0.1267540785852051
20-01-2026 11:25||NIFTY27JAN2625300CE,0.121406169670981
20-01-2026 11:25||NIFTY27JAN2625700CE,0.1093503382840806
20-01-2026 11:25||NIFTY27JAN2626100CE,0.118918226930455
20-01-2026 11:30||NIFTY27JAN2623900PE,0.2040872621087666
20-01-2026 11:30||NIFTY27JAN2624200PE,0.1766366541567603
20-01-2026 11:30||NIFTY27JAN2624900PE,0.1238308031699415
20-01-2026 11:30||NIFTY27JAN2625200CE,0.1146177255715081
20-01-2026 11:30||NIFTY27JAN2625700CE,0.1062392296016798
20-01-2026 11:30||NIFTY27JAN2625800CE,0.1072528196138982
20-01-2026 11:30||NIFTY27JAN2626000CE,0.1127643580432491
20-01-2026 11:35||NIFTY27JAN2623800PE,0.2131740313675837
20-01-2026 11:35||NIFTY27JAN2625900CE,0.1083883786822854
20-01-2026 11:35||NIFTY27JAN2626300CE,0.1281191554779053
20-01-2026 11:35||NIFTY27JAN2626500CE,0.1419705024930599
20-01-2026 11:40||NIFTY27JAN2623800PE,0.2115211646470692
20-01-2026 11:40||NIFTY27JAN2624000PE,0.1942119512943546
20-01-2026 11:40||NIFTY27JAN2624100PE,0.1852676828418062
20-01-2026 11:40||NIFTY27JAN2624700PE,0.1338083477555483
20-01-2026 11:40||NIFTY27JAN2624800PE,0.1273780414970406
20-01-2026 11:40||NIFTY27JAN2625100PE,0.1136647530111771
20-01-2026 11:40||NIFTY27JAN2625300CE,0.1157610960798231
20-01-2026 11:45||NIFTY27JAN2623900PE,0.2038778039548742
20-01-2026 11:45||NIFTY27JAN2624500PE,0.1495758163851236
20-01-2026 11:45||NIFTY27JAN2625600CE,0.1070500677937216
20-01-2026 11:45||NIFTY27JAN2625800CE,0.107171353971589
20-01-2026 11:45||NIFTY27JAN2625900CE,0.1092447598469978
20-01-2026 11:45||NIFTY27JAN2626000CE,0.1125725818645359
20-01-2026 11:50||NIFTY27JAN2624200PE,0.1768875598873099
20-01-2026 11:50||NIFTY27JAN2624600PE,0.1421904681521011
20-01-2026 11:50||NIFTY27JAN2624700PE,0.1346634756072277
20-01-2026 11:50||NIFTY27JAN2624900PE,0.1218895191680519
20-01-2026 11:50||NIFTY27JAN2625400CE,0.1105010562726455
20-01-2026 11:50||NIFTY27JAN2625700CE,0.1050549117893811
20-01-2026 11:50||NIFTY27JAN2626300CE,0.1279665991602799
20-01-2026 11:55||NIFTY27JAN2623800PE,0.2162927538133695
20-01-2026 11:55||NIFTY27JAN2623900PE,0.2070271056904169
20-01-2026 11:55||NIFTY27JAN2624000PE,0.1976837167489999
20-01-2026 11:55||NIFTY27JAN2624100PE,0.188262216122525
20-01-2026 11:55||NIFTY27JAN2625800CE,0.1028697208271327
20-01-2026 11:55||NIFTY27JAN2625900CE,0.1056012059165507
20-01-2026 12:00||NIFTY27JAN2623800PE,0.2139413436553381
20-01-2026 12:00||NIFTY27JAN2624400PE,0.1599680055045265
20-01-2026 12:00||NIFTY27JAN2624600PE,0.143649272300396
20-01-2026 12:00||NIFTY27JAN2624700PE,0.1364825183671365
20-01-2026 12:00||NIFTY27JAN2625800CE,0.1029226909252747
20-01-2026 12:00||NIFTY27JAN2625900CE,0.10583260196061
20-01-2026 12:05||NIFTY27JAN2624700PE,0.1360777022189322
20-01-2026 12:05||NIFTY27JAN2624900PE,0.1248053082776202
20-01-2026 12:05||NIFTY27JAN2625800CE,0.1031395321784918
20-01-2026 12:10||NIFTY27JAN2624200PE,0.1749777511649867
20-01-2026 12:10||NIFTY27JAN2624500PE,0.1488159704784463
20-01-2026 12:10||NIFTY27JAN2624600PE,0.1409644077158004
20-01-2026 12:10||NIFTY27JAN2624700PE,0.1338977251574838
20-01-2026 12:10||NIFTY27JAN2624800PE,0.1275697478597602
20-01-2026 12:10||NIFTY27JAN2624900PE,0.1219983241615613
20-01-2026 12:15||NIFTY27JAN2624300PE,0.1667452229639552
20-01-2026 12:15||NIFTY27JAN2624500PE,0.1494324369652176
20-01-2026 12:15||NIFTY27JAN2625000PE,0.1187690535287358
20-01-2026 12:15||NIFTY27JAN2625100PE,0.1148142560553413
20-01-2026 12:15||NIFTY27JAN2625400CE,0.1041777456405341
20-01-2026 12:15||NIFTY27JAN2626400CE,0.1390777229577348
20-01-2026 12:20||NIFTY27JAN2623900PE,0.2039512536078161
20-01-2026 12:20||NIFTY27JAN2624000PE,0.1944469043077044
20-01-2026 12:20||NIFTY27JAN2624100PE,0.1848392226952373
20-01-2026 12:20||NIFTY27JAN2625200CE,0.1087717478356585
20-01-2026 12:20||NIFTY27JAN2625300CE,0.1062861600555529
20-01-2026 12:20||NIFTY27JAN2625700CE,0.1036361013560206
20-01-2026 12:20||NIFTY27JAN2625800CE,0.1057237264711638
20-01-2026 12:20||NIFTY27JAN2625900CE,0.1088020075524544
20-01-2026 12:25||NIFTY27JAN2623800PE,0.2107485236779693
20-01-2026 12:25||NIFTY27JAN2625000PE,0.1152771252322987
20-01-2026 12:25||NIFTY27JAN2625100PE,0.1109649206241471
20-01-2026 12:25||NIFTY27JAN2625700CE,0.1075145567141557
20-01-2026 12:25||NIFTY27JAN2626000CE,0.1151932269386567
20-01-2026 12:30||NIFTY27JAN2623800PE,0.2130053718280183
20-01-2026 12:30||NIFTY27JAN2623900PE,0.2034146591024196
20-01-2026 12:30||NIFTY27JAN2624900PE,0.1224601221474033
20-01-2026 12:30||NIFTY27JAN2625000PE,0.1177338460275697
20-01-2026 12:30||NIFTY27JAN2625100PE,0.1133332108543679
20-01-2026 12:30||NIFTY27JAN2625300CE,0.1075403339562182
20-01-2026 12:30||NIFTY27JAN2626000CE,0.1137417653427202
20-01-2026 12:35||NIFTY27JAN2623800PE,0.2107925172551787
20-01-2026 12:35||NIFTY27JAN2624200PE,0.1744033298397857
20-01-2026 12:35||NIFTY27JAN2625000PE,0.1167974224790882
20-01-2026 12:35||NIFTY27JAN2625200CE,0.1147773022514415
20-01-2026 12:35||NIFTY27JAN2625500CE,0.1070537567887169
20-01-2026 12:35||NIFTY27JAN2625700CE,0.1065324176264867
20-01-2026 12:35||NIFTY27JAN2625800CE,0.1081077940692477
20-01-2026 12:35||NIFTY27JAN2626200CE,0.1271401103711322
20-01-2026 12:35||NIFTY27JAN2626300CE,0.1344915620525782
20-01-2026 12:40||NIFTY27JAN2623800PE,0.2100217654866948
20-01-2026 12:40||NIFTY27JAN2624000PE,0.1926628577613637
20-01-2026 12:40||NIFTY27JAN2624300PE,0.1655189844897464
20-01-2026 12:40||NIFTY27JAN2624600PE,0.14089167940706
20-01-2026 12:40||NIFTY27JAN2624700PE,0.1340737658712875
20-01-2026 12:40||NIFTY27JAN2625400CE,0.1051600144631399
20-01-2026 12:40||NIFTY27JAN2626100CE,0.1208717995899317
20-01-2026 12:45||NIFTY27JAN2623800PE,0.2089273112331404
20-01-2026 12:45||NIFTY27JAN2624300PE,0.1642966666271782
20-01-2026 12:45||NIFTY27JAN2624400PE,0.1555168716719947
20-01-2026 12:45||NIFTY27JAN2625100PE,0.1130010804844103
20-01-2026 12:50||NIFTY27JAN2624200PE,0.1744227947152778
20-01-2026 12:50||NIFTY27JAN2625600CE,0.1061906453843299
20-01-2026 12:50||NIFTY27JAN2626000CE,0.1148099226503931
20-01-2026 12:50||NIFTY27JAN2626200CE,0.1262020410638477
20-01-2026 12:55||NIFTY27JAN2624900PE,0.1213579226409961
20-01-2026 12:55||NIFTY27JAN2625400CE,0.1087935065847554
20-01-2026 13:00||NIFTY27JAN2623900PE,0.2033131363777739
20-01-2026 13:00||NIFTY27JAN2624200PE,0.1758060100808381
20-01-2026 13:00||NIFTY27JAN2625100PE,0.1132561105316363
20-01-2026 13:00||NIFTY27JAN2625800CE,0.1074826965481063
20-01-2026 13:00||NIFTY27JAN2625900CE,0.1105045912482523
20-01-2026 13:00||NIFTY27JAN2626400CE,0.1409009861255037
20-01-2026 13:05||NIFTY27JAN2624200PE,0.1755794379947807
20-01-2026 13:05||NIFTY27JAN2624900PE,0.1221353323426133
20-01-2026 13:05||NIFTY27JAN2625300CE,0.1085829521488139
20-01-2026 13:05||NIFTY27JAN2625400CE,0.1065696718205465
20-01-2026 13:05||NIFTY27JAN2625600CE,0.1045719669396117
20-01-2026 13:05||NIFTY27JAN2626500CE,0.1487078432759337
20-01-2026 13:10||NIFTY27JAN2624000PE,0.1938664810105893
20-01-2026 13:10||NIFTY27JAN2624400PE,0.1577377359726978
20-01-2026 13:10||NIFTY27JAN2624700PE,0.1343878497121939
20-01-2026 13:10||NIFTY27JAN2625000PE,0.1177205873128503
20-01-2026 13:10||NIFTY27JAN2626000CE,0.1141131054662086
20-01-2026 13:10||NIFTY27JAN2626400CE,0.1410714801325935
20-01-2026 13:15||NIFTY27JAN2623900PE,0.202652457486326
20-01-2026 13:15||NIFTY27JAN2624600PE,0.1402842665479634
20-01-2026 13:15||NIFTY27JAN2624900PE,0.1210339505027546
20-01-2026 13:15||NIFTY27JAN2625000PE,0.1160362228241435
20-01-2026 13:15||NIFTY27JAN2625200CE,0.1170592570815355
20-01-2026 13:15||NIFTY27JAN2626000CE,0.1160518146981962
20-01-2026 13:15||NIFTY27JAN2626200CE,0.1276598747225894
20-01-2026 13:20||NIFTY27JAN2624200PE,0.176310057207742
20-01-2026 13:20||NIFTY27JAN2624600PE,0.1428153541126464
20-01-2026 13:20||NIFTY27JAN2625000PE,0.1192323474070908
20-01-2026 13:20||NIFTY27JAN2625700CE,0.1045284076087059
20-01-2026 13:20||NIFTY27JAN2626100CE,0.1188410036915928
20-01-2026 13:20||NIFTY27JAN2626200CE,0.1248921657921149
20-01-2026 13:25||NIFTY27JAN2623800PE,0.2112520049507169
20-01-2026 13:25||NIFTY27JAN2624100PE,0.1847275861663469
20-01-2026 13:25||NIFTY27JAN2624700PE,0.1339680496524275
20-01-2026 13:25||NIFTY27JAN2625000PE,0.117591580262879
20-01-2026 13:25||NIFTY27JAN2625800CE,0.1080445755482633
20-01-2026 13:30||NIFTY27JAN2624100PE,0.1845194193010383
20-01-2026 13:30||NIFTY27JAN2624700PE,0.134589033987625
20-01-2026 13:30||NIFTY27JAN2624900PE,0.1233564340788862
20-01-2026 13:30||NIFTY27JAN2626000CE,0.1145980950083431
20-01-2026 13:35||NIFTY27JAN2625100PE,0.1172172171078679
20-01-2026 13:35||NIFTY27JAN2625800CE,0.108932364577754
20-01-2026 13:40||NIFTY27JAN2623800PE,0.2112326740247659
20-01-2026 13:40||NIFTY27JAN2624600PE,0.1396016827186555
20-01-2026 13:40||NIFTY27JAN2625000PE,0.1162773825722534
20-01-2026 13:45||NIFTY27JAN2624000PE,0.1937750516334865
20-01-2026 13:45||NIFTY27JAN2624400PE,0.1576318630315771
20-01-2026 13:45||NIFTY27JAN2624600PE,0.1420469035046947
20-01-2026 13:50||NIFTY27JAN2624000PE,0.193230661497819
20-01-2026 13:50||NIFTY27JAN2624100PE,0.1840251980591208
20-01-2026 13:50||NIFTY27JAN2624200PE,0.1748253587122072
20-01-2026 13:50||NIFTY27JAN2624300PE,0.165673128635159
20-01-2026 13:50||NIFTY27JAN2624500PE,0.1485330394971499
20-01-2026 13:50||NIFTY27JAN2625200CE,0.1190790084601212
20-01-2026 13:50||NIFTY27JAN2625400CE,0.1117964167487417
20-01-2026 13:50||NIFTY27JAN2626000CE,0.1204496236269735
20-01-2026 13:50||NIFTY27JAN2626100CE,0.1263113352632885
20-01-2026 13:55||NIFTY27JAN2624400PE,0.1573442355989182
20-01-2026 13:55||NIFTY27JAN2625200CE,0.1201340480103434
20-01-2026 13:55||NIFTY27JAN2625400CE,0.1120209268554605
20-01-2026 13:55||NIFTY27JAN2625600CE,0.1089789613468751
20-01-2026 14:00||NIFTY27JAN2624100PE,0.1860040059811112
20-01-2026 14:00||NIFTY27JAN2624200PE,0.1764927828978583
20-01-2026 14:00||NIFTY27JAN2624800PE,0.1312887734118072
20-01-2026 14:00||NIFTY27JAN2624900PE,0.1313678335361598
20-01-2026 14:00||NIFTY27JAN2625000PE,0.1356709655281218
20-01-2026 14:00||NIFTY27JAN2625100PE,0.1435618327042095
20-01-2026 14:00||NIFTY27JAN2625200CE,0.1163304076226682
20-01-2026 14:00||NIFTY27JAN2626100CE,0.1257449059903662
20-01-2026 14:05||NIFTY27JAN2623800PE,0.2126966368529778
20-01-2026 14:05||NIFTY27JAN2625100PE,0.1158335832850028
20-01-2026 14:05||NIFTY27JAN2625200CE,0.1153618858510586
20-01-2026 14:05||NIFTY27JAN2626100CE,0.1271211799911508
20-01-2026 14:05||NIFTY27JAN2626400CE,0.1493954933744146
20-01-2026 14:10||NIFTY27JAN2624000PE,0.1941790176443379
20-01-2026 14:10||NIFTY27JAN2624200PE,0.1760938025282926
20-01-2026 14:10||NIFTY27JAN2624500PE,0.1503663709489433
20-01-2026 14:10||NIFTY27JAN2624900PE,0.1235891646284127
20-01-2026 14:10||NIFTY27JAN2625000PE,0.1186805767951777
20-01-2026 14:10||NIFTY27JAN2625500CE,0.1104495633427592
20-01-2026 14:10||NIFTY27JAN2625700CE,0.1113691649569174
20-01-2026 14:10||NIFTY27JAN2626100CE,0.1286660052956203
20-01-2026 14:10||NIFTY27JAN2626200CE,0.1354225979302294
20-01-2026 14:10||NIFTY27JAN2626300CE,0.1427379743228636
20-01-2026 14:15||NIFTY27JAN2623800PE,0.2107644116602449
20-01-2026 14:15||NIFTY27JAN2624100PE,0.1841724129625638
20-01-2026 14:15||NIFTY27JAN2624500PE,0.1506311312215237
20-01-2026 14:15||NIFTY27JAN2624600PE,0.1432531468166897
20-01-2026 14:15||NIFTY27JAN2624900PE,0.1249350719737603
20-01-2026 14:15||NIFTY27JAN2625200CE,0.1131445724568721
20-01-2026 14:15||NIFTY27JAN2625400CE,0.1083189484995291
20-01-2026 14:15||NIFTY27JAN2626000CE,0.1204800993337521
20-01-2026 14:15||NIFTY27JAN2626300CE,0.1403723817477469
20-01-2026 14:15||NIFTY27JAN2626500CE,0.156102636356657
20-01-2026 14:20||NIFTY27JAN2625400CE,0.1144701344166504
20-01-2026 14:20||NIFTY27JAN2625700CE,0.1126646361599883
20-01-2026 14:20||NIFTY27JAN2626500CE,0.1571470285152929
20-01-2026 14:25||NIFTY27JAN2624100PE,0.1858358292945269
20-01-2026 14:25||NIFTY27JAN2624600PE,0.1423513474889529
20-01-2026 14:25||NIFTY27JAN2625400CE,0.1127858755828663
20-01-2026 14:25||NIFTY27JAN2625900CE,0.1162436105900993
20-01-2026 14:30||NIFTY27JAN2624000PE,0.1957589921467636
20-01-2026 14:30||NIFTY27JAN2624600PE,0.1450021961007991
20-01-2026 14:30||NIFTY27JAN2625400CE,0.1067055347534937
20-01-2026 14:30||NIFTY27JAN2625500CE,0.1057464561282804
20-01-2026 14:30||NIFTY27JAN2625800CE,0.1098241347853226
20-01-2026 14:30||NIFTY27JAN2626000CE,0.1182601537230105
20-01-2026 14:30||NIFTY27JAN2626400CE,0.1438184087494483
20-01-2026 14:30||NIFTY27JAN2626500CE,0.1508895895613815
20-01-2026 14:35||NIFTY27JAN2624600PE,0.1468610615069918
20-01-2026 14:35||NIFTY27JAN2624800PE,0.1337575487775719
20-01-2026 14:35||NIFTY27JAN2625600CE,0.1055555639620792
20-01-2026 14:35||NIFTY27JAN2626000CE,0.1179170566334121
20-01-2026 14:35||NIFTY27JAN2626300CE,0.1365356370964547
20-01-2026 14:40||NIFTY27JAN2623800PE,0.2162680175305449
20-01-2026 14:40||NIFTY27JAN2625200CE,0.1118936387263481
20-01-2026 14:40||NIFTY27JAN2625500CE,0.1057597899494178
20-01-2026 14:45||NIFTY27JAN2624600PE,0.1453670431294103
20-01-2026 14:45||NIFTY27JAN2625500CE,0.1086682624905331
20-01-2026 14:45||NIFTY27JAN2626000CE,0.1213330925223312
20-01-2026 14:45||NIFTY27JAN2626100CE,0.1271010923339695
20-01-2026 14:50||NIFTY27JAN2624000PE,0.1990135355749299
20-01-2026 14:50||NIFTY27JAN2624200PE,0.1800228584481626
20-01-2026 14:50||NIFTY27JAN2624900PE,0.127269765119669
20-01-2026 14:50||NIFTY27JAN2625100PE,0.1188535412716997
20-01-2026 14:50||NIFTY27JAN2625500CE,0.1026863622821804
20-01-2026 14:50||NIFTY27JAN2625900CE,0.1134366104223697
20-01-2026 14:55||NIFTY27JAN2623900PE,0.2091735800894278
20-01-2026 14:55||NIFTY27JAN2624000PE,0.1994313729971992
20-01-2026 14:55||NIFTY27JAN2624100PE,0.1895672209059036
20-01-2026 14:55||NIFTY27JAN2626000CE,0.1189407382309818
20-01-2026 15:00||NIFTY27JAN2624800PE,0.1292187785442903
20-01-2026 15:00||NIFTY27JAN2625600CE,0.106681097731124
20-01-2026 15:00||NIFTY27JAN2626100CE,0.1315897333159051
20-01-2026 15:00||NIFTY27JAN2626200CE,0.1388438014194883
20-01-2026 15:00||NIFTY27JAN2626400CE,0.1542207458173365
20-01-2026 15:05||NIFTY27JAN2623900PE,0.2060804178254507
20-01-2026 15:05||NIFTY27JAN2624300PE,0.1671552616226383
20-01-2026 15:05||NIFTY27JAN2625000PE,0.1255817198891819
20-01-2026 15:05||NIFTY27JAN2625200CE,0.0984298058990431
20-01-2026 15:05||NIFTY27JAN2626100CE,0.130324420764128
20-01-2026 15:05||NIFTY27JAN2626200CE,0.1375709004755603
20-01-2026 15:10||NIFTY27JAN2624300PE,0.1659849003242244
20-01-2026 15:10||NIFTY27JAN2625100PE,0.129189275176212
20-01-2026 15:10||NIFTY27JAN2625300CE,0.1003932791441493
20-01-2026 15:10||NIFTY27JAN2625400CE,0.1022747461962716
20-01-2026 15:10||NIFTY27JAN2625900CE,0.1239318636182942
20-01-2026 15:10||NIFTY27JAN2626100CE,0.1369313457080071
20-01-2026 15:15||NIFTY27JAN2624000PE,0.2033669542297607
20-01-2026 15:15||NIFTY27JAN2624200PE,0.1815798267136913
20-01-2026 15:15||NIFTY27JAN2624500PE,0.1550955468421835
20-01-2026 15:15||NIFTY27JAN2624800PE,0.1372326829230662
20-01-2026 15:15||NIFTY27JAN2625000PE,0.1294179599850654
20-01-2026 15:15||NIFTY27JAN2625100PE,0.126054890459535
20-01-2026 15:15||NIFTY27JAN2625700CE,0.1162304759923644
20-01-2026 15:15||NIFTY27JAN2625900CE,0.1263095702601334
20-01-2026 15:15||NIFTY27JAN2626000CE,0.1326882642416194
20-01-2026 15:15||NIFTY27JAN2626200CE,0.1464150523038391
20-01-2026 15:20||NIFTY27JAN2623800PE,0.2204852221917718
20-01-2026 15:20||NIFTY27JAN2624200PE,0.178554765063642
20-01-2026 15:20||NIFTY27JAN2624500PE,0.1507967924987682
20-01-2026 15:20||NIFTY27JAN2625500CE,0.1178295858024472
20-01-2026 15:20||NIFTY27JAN2625700CE,0.1228045745097374
20-01-2026 15:20||NIFTY27JAN2626400CE,0.16452136045962
20-01-2026 15:25||NIFTY27JAN2623800PE,0.220463227763221
20-01-2026 15:25||NIFTY27JAN2625100PE,0.109210622897879
20-01-2026 15:25||NIFTY27JAN2625200CE,0.14071970783294
20-01-2026 15:25||NIFTY27JAN2625300CE,0.1340050526160022
20-01-2026 15:25||NIFTY27JAN2625900CE,0.1342915206958203
20-01-2026 15:25||NIFTY27JAN2626200CE,0.1508434286388519
21-01-2026 09:15||NIFTY27JAN2625200CE,0.1643801854180622
21-01-2026 09:15||NIFTY27JAN2625400CE,0.147776559169497
21-01-2026 09:15||NIFTY27JAN2625900CE,0.1435359478993117
21-01-2026 09:15||NIFTY27JAN2626200CE,0.1595167586295415
21-01-2026 09:20||NIFTY27JAN2623900PE,0.2195931245342294
21-01-2026 09:20||NIFTY27JAN2624300PE,0.1783426807286655
21-01-2026 09:20||NIFTY27JAN2624400PE,0.1686052899748121
21-01-2026 09:25||NIFTY27JAN2624000PE,0.218399044251447
21-01-2026 09:25||NIFTY27JAN2624300PE,0.1877508073368014
21-01-2026 09:25||NIFTY27JAN2624400PE,0.1780492225112256
21-01-2026 09:25||NIFTY27JAN2625100PE,0.1270477011538902
21-01-2026 09:25||NIFTY27JAN2625300CE,0.1107071311996786
21-01-2026 09:25||NIFTY27JAN2625600CE,0.1113716299529535
21-01-2026 09:25||NIFTY27JAN2625800CE,0.1189248041125527
21-01-2026 09:30||NIFTY27JAN2623800PE,0.2354591762284069
21-01-2026 09:30||NIFTY27JAN2623900PE,0.2250906902426813
21-01-2026 09:30||NIFTY27JAN2624000PE,0.2147314142796179
21-01-2026 09:30||NIFTY27JAN2624400PE,0.173138636140072
21-01-2026 09:30||NIFTY27JAN2625300CE,0.1289314981132213
21-01-2026 09:30||NIFTY27JAN2625700CE,0.1214497725386509
21-01-2026 09:35||NIFTY27JAN2623900PE,0.2281491172724248
21-01-2026 09:35||NIFTY27JAN2624200PE,0.1961740154557312
21-01-2026 09:35||NIFTY27JAN2625200CE,0.1112196310756148
21-01-2026 09:35||NIFTY27JAN2625300CE,0.1096786685519308
21-01-2026 09:35||NIFTY27JAN2625600CE,0.1107548627599121
21-01-2026 09:35||NIFTY27JAN2626200CE,0.1471523649206129
21-01-2026 09:40||NIFTY27JAN2624400PE,0.1683472031284486
21-01-2026 09:40||NIFTY27JAN2625100PE,0.1089084206641016
21-01-2026 09:40||NIFTY27JAN2625200CE,0.1287813525656295
21-01-2026 09:40||NIFTY27JAN2625900CE,0.1308559431881265
21-01-2026 09:40||NIFTY27JAN2626300CE,0.1599229268876616
21-01-2026 09:40||NIFTY27JAN2626400CE,0.1680765793528953
21-01-2026 09:45||NIFTY27JAN2623800PE,0.2298254018841392
21-01-2026 09:45||NIFTY27JAN2624100PE,0.1984749213844703
21-01-2026 09:45||NIFTY27JAN2624400PE,0.1678691718159062
21-01-2026 09:45||NIFTY27JAN2625200CE,0.1274086397818312
21-01-2026 09:45||NIFTY27JAN2625600CE,0.1184632229509878
21-01-2026 09:45||NIFTY27JAN2626000CE,0.136770658813713
21-01-2026 09:45||NIFTY27JAN2626300CE,0.1595817172512376
21-01-2026 09:50||NIFTY27JAN2624700PE,0.1384490147987399
21-01-2026 09:50||NIFTY27JAN2624900PE,0.1230652586801524
21-01-2026 09:50||NIFTY27JAN2625400CE,0.1156382220968819
21-01-2026 09:50||NIFTY27JAN2625600CE,0.1166283238887933
21-01-2026 09:50||NIFTY27JAN2625800CE,0.124417610835682
21-01-2026 09:55||NIFTY27JAN2624100PE,0.1950413984374377
21-01-2026 09:55||NIFTY27JAN2624200PE,0.1853522883498798
21-01-2026 09:55||NIFTY27JAN2624400PE,0.1664141824359131
21-01-2026 09:55||NIFTY27JAN2624800PE,0.1331439167061956
21-01-2026 09:55||NIFTY27JAN2625400CE,0.1108531706703184
21-01-2026 09:55||NIFTY27JAN2626000CE,0.1356074314900082
21-01-2026 09:55||NIFTY27JAN2626100CE,0.1435246892398102
21-01-2026 09:55||NIFTY27JAN2626200CE,0.151964190769043
21-01-2026 09:55||NIFTY27JAN2626500CE,0.1782737892545272
21-01-2026 10:00||NIFTY27JAN2624000PE,0.2018374620039114
21-01-2026 10:00||NIFTY27JAN2625000PE,0.1149262732034922
21-01-2026 10:00||NIFTY27JAN2625300CE,0.1208012492451722
21-01-2026 10:00||NIFTY27JAN2625400CE,0.1187634617720788
21-01-2026 10:00||NIFTY27JAN2626500CE,0.180788790816366
21-01-2026 10:05||NIFTY27JAN2625200CE,0.1176467046133798
21-01-2026 10:05||NIFTY27JAN2625600CE,0.1168242411208788
21-01-2026 10:05||NIFTY27JAN2625700CE,0.1202904791627313
21-01-2026 10:05||NIFTY27JAN2625800CE,0.1249676786843889
21-01-2026 10:10||NIFTY27JAN2624000PE,0.1979051236701045
21-01-2026 10:10||NIFTY27JAN2624400PE,0.159015435576996
21-01-2026 10:10||NIFTY27JAN2625800CE,0.1296240182660426
21-01-2026 10:10||NIFTY27JAN2626100CE,0.1494453657460808
21-01-2026 10:15||NIFTY27JAN2624000PE,0.2000646282260801
21-01-2026 10:15||NIFTY27JAN2624200PE,0.179917209712597
21-01-2026 10:15||NIFTY27JAN2624500PE,0.1515109963120183
21-01-2026 10:15||NIFTY27JAN2624600PE,0.1428322373841261
21-01-2026 10:15||NIFTY27JAN2625500CE,0.1173900027202863
21-01-2026 10:15||NIFTY27JAN2626100CE,0.1484567928598518
21-01-2026 10:20||NIFTY27JAN2625700CE,0.1196150378693626
21-01-2026 10:25||NIFTY27JAN2624300PE,0.1699485620869851
21-01-2026 10:25||NIFTY27JAN2625000PE,0.1178319482910436
21-01-2026 10:25||NIFTY27JAN2625700CE,0.1270441903100139
21-01-2026 10:25||NIFTY27JAN2626200CE,0.1619204980374831
21-01-2026 10:30||NIFTY27JAN2624200PE,0.1772451144331273
21-01-2026 10:30||NIFTY27JAN2624700PE,0.1339406424979872
21-01-2026 10:30||NIFTY27JAN2624800PE,0.126920453662269
21-01-2026 10:30||NIFTY27JAN2625200CE,0.1219246869015079
21-01-2026 10:30||NIFTY27JAN2625900CE,0.1399954610203177
21-01-2026 10:30||NIFTY27JAN2626300CE,0.1711712250493941
21-01-2026 10:30||NIFTY27JAN2626400CE,0.179056901685453
21-01-2026 10:35||NIFTY27JAN2624400PE,0.158792829750209
21-01-2026 10:35||NIFTY27JAN2625100PE,0.1154678425994183
21-01-2026 10:35||NIFTY27JAN2625500CE,0.1193044038522938
21-01-2026 10:35||NIFTY27JAN2625600CE,0.1227006391098768
21-01-2026 10:35||NIFTY27JAN2625800CE,0.1331180056673604
21-01-2026 10:35||NIFTY27JAN2625900CE,0.1397714570365594
21-01-2026 10:40||NIFTY27JAN2624200PE,0.1830816030495596
21-01-2026 10:40||NIFTY27JAN2624800PE,0.1416864003000586
21-01-2026 10:40||NIFTY27JAN2625200CE,0.1113998863848482
21-01-2026 10:40||NIFTY27JAN2625400CE,0.1156753360339496
21-01-2026 10:40||NIFTY27JAN2626300CE,0.1749864069488216
21-01-2026 10:45||NIFTY27JAN2624700PE,0.1365705922887628
21-01-2026 10:45||NIFTY27JAN2624800PE,0.1304229404064401
21-01-2026 10:45||NIFTY27JAN2625700CE,0.141360820078586
21-01-2026 10:45||NIFTY27JAN2626400CE,0.1922385731463511
21-01-2026 10:45||NIFTY27JAN2626500CE,0.1999240800696387
21-01-2026 10:50||NIFTY27JAN2624100PE,0.1945094204480557
21-01-2026 10:50||NIFTY27JAN2624300PE,0.1770450252077786
21-01-2026 10:50||NIFTY27JAN2624400PE,0.1692542091950236
21-01-2026 10:50||NIFTY27JAN2624500PE,0.162097630066675
21-01-2026 10:50||NIFTY27JAN2625400CE,0.1260076143382685
21-01-2026 10:50||NIFTY27JAN2625700CE,0.1410736968523456
21-01-2026 10:50||NIFTY27JAN2625900CE,0.1546437286976368
21-01-2026 10:50||NIFTY27JAN2626400CE,0.1942056367313521
21-01-2026 10:55||NIFTY27JAN2623900PE,0.2108257154649604
21-01-2026 10:55||NIFTY27JAN2624300PE,0.1718289960908808
21-01-2026 10:55||NIFTY27JAN2624800PE,0.1313659944771963
21-01-2026 10:55||NIFTY27JAN2625000PE,0.1177152019784483
21-01-2026 10:55||NIFTY27JAN2625100PE,0.1115125887165343
21-01-2026 10:55||NIFTY27JAN2625300CE,0.1408073134853847
21-01-2026 10:55||NIFTY27JAN2625900CE,0.1628129347143238
21-01-2026 10:55||NIFTY27JAN2626200CE,0.1840902329574078
21-01-2026 11:00||NIFTY27JAN2624000PE,0.2036861378879078
21-01-2026 11:00||NIFTY27JAN2624300PE,0.1746974422335792
21-01-2026 11:00||NIFTY27JAN2624600PE,0.1503978614140533
21-01-2026 11:00||NIFTY27JAN2624800PE,0.1374003291151057
21-01-2026 11:00||NIFTY27JAN2625100PE,0.123062539187698
21-01-2026 11:00||NIFTY27JAN2625300CE,0.1340523756067854
21-01-2026 11:05||NIFTY27JAN2624000PE,0.1984655179073717
21-01-2026 11:05||NIFTY27JAN2624100PE,0.1882018580621164
21-01-2026 11:05||NIFTY27JAN2624400PE,0.1600397921048862
21-01-2026 11:05||NIFTY27JAN2625000PE,0.1176675234266237
21-01-2026 11:05||NIFTY27JAN2625200CE,0.1380626353944371
21-01-2026 11:10||NIFTY27JAN2624800PE,0.1258053125350604
21-01-2026 11:10||NIFTY27JAN2625200CE,0.1432348337744687
21-01-2026 11:10||NIFTY27JAN2625300CE,0.1409315017102518
21-01-2026 11:10||NIFTY27JAN2625500CE,0.1409810231619194
21-01-2026 11:10||NIFTY27JAN2625900CE,0.1573506174905798
21-01-2026 11:10||NIFTY27JAN2626100CE,0.1704862538331457
21-01-2026 11:15||NIFTY27JAN2624300PE,0.1714780911768037
21-01-2026 11:15||NIFTY27JAN2625100PE,0.106278335700569
21-01-2026 11:15||NIFTY27JAN2625400CE,0.1386106618806073
21-01-2026 11:20||NIFTY27JAN2623900PE,0.2154710443864517
21-01-2026 11:20||NIFTY27JAN2625800CE,0.1435165534373838
21-01-2026 11:20||NIFTY27JAN2626000CE,0.1563565361732545
21-01-2026 11:20||NIFTY27JAN2626100CE,0.1634725296357391
21-01-2026 11:20||NIFTY27JAN2626400CE,0.1850026694102633
21-01-2026 11:20||NIFTY27JAN2626500CE,0.1921067528090111
21-01-2026 11:25||NIFTY27JAN2624600PE,0.1539860016095712
21-01-2026 11:25||NIFTY27JAN2624800PE,0.1394413293206734
21-01-2026 11:30||NIFTY27JAN2623900PE,0.2164857640727335
21-01-2026 11:30||NIFTY27JAN2624000PE,0.206796422268301
21-01-2026 11:30||NIFTY27JAN2624100PE,0.1971274699854174
21-01-2026 11:30||NIFTY27JAN2624400PE,0.1690380478619484
21-01-2026 11:30||NIFTY27JAN2625400CE,0.1302996131172368
21-01-2026 11:30||NIFTY27JAN2625800CE,0.144643726928547
21-01-2026 11:30||NIFTY27JAN2626000CE,0.1577075184242299
21-01-2026 11:30||NIFTY27JAN2626500CE,0.1949335988576595
21-01-2026 11:35||NIFTY27JAN2623900PE,0.2172441126622611
21-01-2026 11:35||NIFTY27JAN2624600PE,0.1529826333148561
21-01-2026 11:35||NIFTY27JAN2626100CE,0.1640569945887389
21-01-2026 11:35||NIFTY27JAN2626300CE,0.1791980002969381
21-01-2026 11:40||NIFTY27JAN2624800PE,0.1362264949259112
21-01-2026 11:40||NIFTY27JAN2625100PE,0.1185410072886355
21-01-2026 11:40||NIFTY27JAN2625200CE,0.1334784934190959
21-01-2026 11:40||NIFTY27JAN2625700CE,0.139435020048705
21-01-2026 11:45||NIFTY27JAN2624600PE,0.1508237836822054
21-01-2026 11:45||NIFTY27JAN2625100PE,0.1165261718034863
21-01-2026 11:45||NIFTY27JAN2625200CE,0.1336996709861614
21-01-2026 11:45||NIFTY27JAN2625400CE,0.1313539374448979
21-01-2026 11:50||NIFTY27JAN2624000PE,0.2068255903228227
21-01-2026 11:50||NIFTY27JAN2624100PE,0.1968454779946796
21-01-2026 11:50||NIFTY27JAN2624300PE,0.1774485799429532
21-01-2026 11:55||NIFTY27JAN2624000PE,0.207085427455592
21-01-2026 11:55||NIFTY27JAN2624600PE,0.1512340230125235
21-01-2026 11:55||NIFTY27JAN2624700PE,0.143606916061928
21-01-2026 11:55||NIFTY27JAN2624900PE,0.1294494176093364
21-01-2026 12:00||NIFTY27JAN2624100PE,0.1945458691995888
21-01-2026 12:00||NIFTY27JAN2624200PE,0.1844034343077481
21-01-2026 12:00||NIFTY27JAN2624700PE,0.1374146199400735
21-01-2026 12:00||NIFTY27JAN2624800PE,0.1291167584819066
21-01-2026 12:00||NIFTY27JAN2625600CE,0.1353816798661119
21-01-2026 12:00||NIFTY27JAN2625900CE,0.1472653639530051
21-01-2026 12:05||NIFTY27JAN2623800PE,0.2280321944321785
21-01-2026 12:05||NIFTY27JAN2624100PE,0.198894298851307
21-01-2026 12:05||NIFTY27JAN2625500CE,0.1252781598444289
21-01-2026 12:05||NIFTY27JAN2626200CE,0.1609103131165273
21-01-2026 12:10||NIFTY27JAN2624100PE,0.1938273360906311
21-01-2026 12:10||NIFTY27JAN2624200PE,0.1841770069061733
21-01-2026 12:10||NIFTY27JAN2625000PE,0.1150114778332283
21-01-2026 12:10||NIFTY27JAN2625900CE,0.1429377941662963
21-01-2026 12:10||NIFTY27JAN2626500CE,0.1840975823001769
21-01-2026 12:15||NIFTY27JAN2623800PE,0.2261440585137206
21-01-2026 12:15||NIFTY27JAN2624200PE,0.1860635559343424
21-01-2026 12:15||NIFTY27JAN2625400CE,0.1325533877452918
21-01-2026 12:15||NIFTY27JAN2625700CE,0.1342591995168995
21-01-2026 12:20||NIFTY27JAN2624200PE,0.1910358327169745
21-01-2026 12:20||NIFTY27JAN2625000PE,0.120792947287402
21-01-2026 12:20||NIFTY27JAN2625400CE,0.1277836333143899
21-01-2026 12:20||NIFTY27JAN2625600CE,0.1276338735769019
21-01-2026 12:20||NIFTY27JAN2625700CE,0.1301431356013667
21-01-2026 12:20||NIFTY27JAN2626300CE,0.1631008394053927
21-01-2026 12:25||NIFTY27JAN2624000PE,0.2188426667211292
21-01-2026 12:25||NIFTY27JAN2624500PE,0.1722760681710757
21-01-2026 12:25||NIFTY27JAN2624600PE,0.1638750270336778
21-01-2026 12:25||NIFTY27JAN2624700PE,0.1559893941820272
21-01-2026 12:25||NIFTY27JAN2625700CE,0.1227717656782578
21-01-2026 12:25||NIFTY27JAN2626500CE,0.1761944565732557
21-01-2026 12:30||NIFTY27JAN2624100PE,0.2047161532770255
21-01-2026 12:30||NIFTY27JAN2624200PE,0.1946464067539398
21-01-2026 12:30||NIFTY27JAN2625300CE,0.1367795497584033
21-01-2026 12:30||NIFTY27JAN2625800CE,0.1348629214737276
21-01-2026 12:35||NIFTY27JAN2624000PE,0.2144853116121641
21-01-2026 12:35||NIFTY27JAN2624100PE,0.2048699703757164
21-01-2026 12:35||NIFTY27JAN2625600CE,0.1314464171284229
21-01-2026 12:35||NIFTY27JAN2626400CE,0.167362546398565
21-01-2026 12:40||NIFTY27JAN2624500PE,0.1747073256567859
21-01-2026 12:40||NIFTY27JAN2624700PE,0.157433972681916
21-01-2026 12:40||NIFTY27JAN2624800PE,0.1492309468416251
21-01-2026 12:40||NIFTY27JAN2625200CE,0.136405748478715
21-01-2026 12:40||NIFTY27JAN2625400CE,0.1278044247056687
21-01-2026 12:40||NIFTY27JAN2625900CE,0.1325679047525484
21-01-2026 12:45||NIFTY27JAN2623800PE,0.2440665321184907
21-01-2026 12:45||NIFTY27JAN2624400PE,0.1869016258194352
21-01-2026 12:45||NIFTY27JAN2625300CE,0.1404619179633184
21-01-2026 12:45||NIFTY27JAN2625800CE,0.1305531399765792
21-01-2026 12:45||NIFTY27JAN2626200CE,0.1475626356785415
21-01-2026 12:50||NIFTY27JAN2623800PE,0.2475773651770503
21-01-2026 12:50||NIFTY27JAN2624100PE,0.2194275342166602
21-01-2026 12:50||NIFTY27JAN2625200CE,0.1509361039944343
21-01-2026 12:50||NIFTY27JAN2625500CE,0.1321519783369125
21-01-2026 12:50||NIFTY27JAN2625600CE,0.1300198131205528
21-01-2026 12:55||NIFTY27JAN2625300CE,0.1332560103597451
21-01-2026 12:55||NIFTY27JAN2625400CE,0.1288038966813658
21-01-2026 12:55||NIFTY27JAN2625600CE,0.1249261882896451
21-01-2026 12:55||NIFTY27JAN2625700CE,0.1255032628785538
21-01-2026 12:55||NIFTY27JAN2625800CE,0.1272542494472863
21-01-2026 12:55||NIFTY27JAN2625900CE,0.1301849692747353
21-01-2026 12:55||NIFTY27JAN2626500CE,0.1644653347027323
21-01-2026 13:00||NIFTY27JAN2624600PE,0.1752457448290099
21-01-2026 13:00||NIFTY27JAN2624700PE,0.1663156844921671
21-01-2026 13:00||NIFTY27JAN2626100CE,0.139306693376116
21-01-2026 13:05||NIFTY27JAN2623800PE,0.2514593113789729
21-01-2026 13:05||NIFTY27JAN2623900PE,0.2421890424085719
21-01-2026 13:05||NIFTY27JAN2624100PE,0.2236855779409275
21-01-2026 13:05||NIFTY27JAN2625600CE,0.1168300819743659
21-01-2026 13:05||NIFTY27JAN2626300CE,0.1499053131942831
21-01-2026 13:05||NIFTY27JAN2626400CE,0.1570624553484131
21-01-2026 13:10||NIFTY27JAN2625800CE,0.1294898386480077
21-01-2026 13:10||NIFTY27JAN2626200CE,0.1485488858411613
21-01-2026 13:15||NIFTY27JAN2624400PE,0.1889858984051477
21-01-2026 13:15||NIFTY27JAN2625400CE,0.1254586291070304
21-01-2026 13:15||NIFTY27JAN2625800CE,0.126676759351946
21-01-2026 13:20||NIFTY27JAN2623800PE,0.2462443503633773
21-01-2026 13:20||NIFTY27JAN2623900PE,0.2370531967647467
21-01-2026 13:20||NIFTY27JAN2624600PE,0.1723977477088532
21-01-2026 13:20||NIFTY27JAN2624800PE,0.1558424932430835
21-01-2026 13:20||NIFTY27JAN2625400CE,0.1223175933273992
21-01-2026 13:20||NIFTY27JAN2626200CE,0.1475020212533523
21-01-2026 13:25||NIFTY27JAN2624200PE,0.2047744438471154
21-01-2026 13:25||NIFTY27JAN2624300PE,0.1951872574062425
21-01-2026 13:25||NIFTY27JAN2624900PE,0.1440590168518609
21-01-2026 13:25||NIFTY27JAN2625000PE,0.1371535296170298
21-01-2026 13:25||NIFTY27JAN2625200CE,0.1343387123106466
21-01-2026 13:25||NIFTY27JAN2625700CE,0.1261013951037623
21-01-2026 13:25||NIFTY27JAN2626000CE,0.1379388606529736
21-01-2026 13:25||NIFTY27JAN2626300CE,0.1571472976950121
21-01-2026 13:30||NIFTY27JAN2624000PE,0.2283333186131267
21-01-2026 13:30||NIFTY27JAN2624400PE,0.1906848616624307
21-01-2026 13:30||NIFTY27JAN2625200CE,0.1167552946696458
21-01-2026 13:30||NIFTY27JAN2625300CE,0.1152813732900172
21-01-2026 13:30||NIFTY27JAN2625800CE,0.1233394939046015
21-01-2026 13:30||NIFTY27JAN2626200CE,0.1476983750035356
21-01-2026 13:30||NIFTY27JAN2626300CE,0.1549954625796133
21-01-2026 13:35||NIFTY27JAN2623800PE,0.2376914359665911
21-01-2026 13:35||NIFTY27JAN2624000PE,0.2182724953661654
21-01-2026 13:35||NIFTY27JAN2624700PE,0.1542097206087335
21-01-2026 13:35||NIFTY27JAN2624800PE,0.1459096994916452
21-01-2026 13:35||NIFTY27JAN2625800CE,0.1345278506088682
21-01-2026 13:35||NIFTY27JAN2626300CE,0.1601843471006739
21-01-2026 13:40||NIFTY27JAN2624600PE,0.1671064702145086
21-01-2026 13:40||NIFTY27JAN2624800PE,0.151512630301601
21-01-2026 13:40||NIFTY27JAN2625300CE,0.1288987514417723
21-01-2026 13:40||NIFTY27JAN2625800CE,0.1298800173622694
21-01-2026 13:40||NIFTY27JAN2626200CE,0.1512239491189771
21-01-2026 13:45||NIFTY27JAN2624800PE,0.1508301991829659
21-01-2026 13:45||NIFTY27JAN2625400CE,0.1251717106419252
21-01-2026 13:45||NIFTY27JAN2625900CE,0.1335048890283268
21-01-2026 13:50||NIFTY27JAN2625100PE,0.1348653178226566
21-01-2026 13:50||NIFTY27JAN2626100CE,0.1453585796917778
21-01-2026 13:55||NIFTY27JAN2624300PE,0.192738230980879
21-01-2026 13:55||NIFTY27JAN2624400PE,0.183620402984343
21-01-2026 13:55||NIFTY27JAN2625500CE,0.1219774314700938
21-01-2026 13:55||NIFTY27JAN2625700CE,0.1263140136330622
21-01-2026 14:00||NIFTY27JAN2623800PE,0.2340750075756431
21-01-2026 14:00||NIFTY27JAN2624200PE,0.196193120650802
21-01-2026 14:00||NIFTY27JAN2624600PE,0.1606694452852886
21-01-2026 14:00||NIFTY27JAN2625000PE,0.1328676587098455
21-01-2026 14:00||NIFTY27JAN2625200CE,0.1316463167424773
21-01-2026 14:05||NIFTY27JAN2624500PE,0.169514432178294
21-01-2026 14:05||NIFTY27JAN2625000PE,0.1353627316461171
21-01-2026 14:05||NIFTY27JAN2625400CE,0.119914443364002
21-01-2026 14:05||NIFTY27JAN2626100CE,0.1456793940236983
21-01-2026 14:05||NIFTY27JAN2626500CE,0.1773290973348463
21-01-2026 14:10||NIFTY27JAN2624000PE,0.2116348413670861
21-01-2026 14:10||NIFTY27JAN2624100PE,0.2022010166972919
21-01-2026 14:10||NIFTY27JAN2624400PE,0.1747004118036055
21-01-2026 14:10||NIFTY27JAN2624500PE,0.1659382056181742
21-01-2026 14:10||NIFTY27JAN2625000PE,0.1318159171843342
21-01-2026 14:10||NIFTY27JAN2625200CE,0.1231324835677716
21-01-2026 14:10||NIFTY27JAN2626000CE,0.1406677202837552
21-01-2026 14:10||NIFTY27JAN2626400CE,0.1712660599510867
21-01-2026 14:10||NIFTY27JAN2626500CE,0.1799532383350708
21-01-2026 14:15||NIFTY27JAN2624700PE,0.1425374478062872
21-01-2026 14:15||NIFTY27JAN2625400CE,0.1306313419752639
21-01-2026 14:15||NIFTY27JAN2625800CE,0.1335061147666239
21-01-2026 14:15||NIFTY27JAN2626100CE,0.1483880101365204
21-01-2026 14:20||NIFTY27JAN2624000PE,0.2149674842913657
21-01-2026 14:20||NIFTY27JAN2624300PE,0.187138691401306
21-01-2026 14:20||NIFTY27JAN2624700PE,0.1554050478947845
21-01-2026 14:20||NIFTY27JAN2625200CE,0.1128289216506343
21-01-2026 14:20||NIFTY27JAN2625600CE,0.1161953068541344
21-01-2026 14:20||NIFTY27JAN2626100CE,0.1422846243151154
21-01-2026 14:20||NIFTY27JAN2626500CE,0.1733676061172104
21-01-2026 14:25||NIFTY27JAN2623900PE,0.2210485424685731
21-01-2026 14:25||NIFTY27JAN2624800PE,0.1479762596144935
21-01-2026 14:25||NIFTY27JAN2624900PE,0.1423277129897518
21-01-2026 14:25||NIFTY27JAN2625100PE,0.1341457224037102
21-01-2026 14:25||NIFTY27JAN2626500CE,0.1781448619564377
21-01-2026 14:30||NIFTY27JAN2624500PE,0.1592046422319116
21-01-2026 14:30||NIFTY27JAN2624600PE,0.150547045137511
21-01-2026 14:30||NIFTY27JAN2624800PE,0.1347617839412329
21-01-2026 14:30||NIFTY27JAN2625200CE,0.1347807020296876
21-01-2026 14:30||NIFTY27JAN2625300CE,0.1316826751883386
21-01-2026 14:30||NIFTY27JAN2626300CE,0.16348031071639
21-01-2026 14:35||NIFTY27JAN2624200PE,0.1880859113369869
21-01-2026 14:35||NIFTY27JAN2624700PE,0.1448382887152184
21-01-2026 14:35||NIFTY27JAN2624800PE,0.1381420911851625
21-01-2026 14:35||NIFTY27JAN2625100PE,0.1199097253330489
21-01-2026 14:35||NIFTY27JAN2625200CE,0.1282033874167824
21-01-2026 14:35||NIFTY27JAN2625800CE,0.1316350229815835
21-01-2026 14:35||NIFTY27JAN2626100CE,0.1479594244076689
21-01-2026 14:40||NIFTY27JAN2624000PE,0.2084230881684149
21-01-2026 14:40||NIFTY27JAN2624200PE,0.1897744834645558
21-01-2026 14:40||NIFTY27JAN2624500PE,0.1638978672951799
21-01-2026 14:40||NIFTY27JAN2624600PE,0.1563175599208875
21-01-2026 14:40||NIFTY27JAN2624700PE,0.1492700473211841
21-01-2026 14:40||NIFTY27JAN2625100PE,0.1272285810840418
21-01-2026 14:40||NIFTY27JAN2625200CE,0.1205420642020169
21-01-2026 14:40||NIFTY27JAN2625400CE,0.1183138712271776
21-01-2026 14:40||NIFTY27JAN2625800CE,0.1282984292710844
21-01-2026 14:40||NIFTY27JAN2626200CE,0.1527783633211935
21-01-2026 14:45||NIFTY27JAN2624500PE,0.1615767258420759
21-01-2026 14:45||NIFTY27JAN2625400CE,0.1215375321801858
21-01-2026 14:45||NIFTY27JAN2625900CE,0.1345700795496111
21-01-2026 14:45||NIFTY27JAN2626100CE,0.1465567104153376
21-01-2026 14:50||NIFTY27JAN2623900PE,0.2142199895758972
21-01-2026 14:50||NIFTY27JAN2624900PE,0.1346370414433227
21-01-2026 14:50||NIFTY27JAN2625200CE,0.1199056953925736
21-01-2026 14:50||NIFTY27JAN2625300CE,0.1186595545251416
21-01-2026 14:50||NIFTY27JAN2625500CE,0.1187507542587493
21-01-2026 14:50||NIFTY27JAN2625800CE,0.1273733457369717
21-01-2026 14:50||NIFTY27JAN2626300CE,0.1591928816163919
21-01-2026 14:55||NIFTY27JAN2624200PE,0.1870684142975461
21-01-2026 14:55||NIFTY27JAN2625300CE,0.1194445327248836
21-01-2026 14:55||NIFTY27JAN2625700CE,0.1237656961641432
21-01-2026 14:55||NIFTY27JAN2626100CE,0.1451347406011934
21-01-2026 15:00||NIFTY27JAN2623900PE,0.2148217366154799
21-01-2026 15:00||NIFTY27JAN2624100PE,0.1946967954543884
21-01-2026 15:00||NIFTY27JAN2624500PE,0.1570197455434501
21-01-2026 15:00||NIFTY27JAN2624800PE,0.1338625701650873
21-01-2026 15:00||NIFTY27JAN2625000PE,0.1210842267547144
21-01-2026 15:00||NIFTY27JAN2625200CE,0.1314078705183904
21-01-2026 15:00||NIFTY27JAN2625300CE,0.1279501730701105
21-01-2026 15:00||NIFTY27JAN2625600CE,0.1242041033803875
21-01-2026 15:00||NIFTY27JAN2626400CE,0.166975433141798
21-01-2026 15:05||NIFTY27JAN2624300PE,0.1788619295861932
21-01-2026 15:05||NIFTY27JAN2625100PE,0.1274781338309968
21-01-2026 15:05||NIFTY27JAN2626200CE,0.1497293892016803
21-01-2026 15:10||NIFTY27JAN2624300PE,0.1794787571557435
21-01-2026 15:10||NIFTY27JAN2624500PE,0.1627364039223579
21-01-2026 15:10||NIFTY27JAN2624600PE,0.1552155719706614
21-01-2026 15:10||NIFTY27JAN2625700CE,0.1199818229613596
21-01-2026 15:10||NIFTY27JAN2625800CE,0.1245650368271163
21-01-2026 15:10||NIFTY27JAN2625900CE,0.1298906808390293
21-01-2026 15:10||NIFTY27JAN2626500CE,0.1757789390838631
21-01-2026 15:15||NIFTY27JAN2624200PE,0.1865246997438381
21-01-2026 15:15||NIFTY27JAN2624300PE,0.1772619573383612
21-01-2026 15:15||NIFTY27JAN2624800PE,0.1393533040689752
21-01-2026 15:15||NIFTY27JAN2624900PE,0.1337881283706825
21-01-2026 15:15||NIFTY27JAN2625200CE,0.1178812405402277
21-01-2026 15:15||NIFTY27JAN2625300CE,0.1169418897656283
21-01-2026 15:15||NIFTY27JAN2625600CE,0.1186462554663716
21-01-2026 15:15||NIFTY27JAN2625700CE,0.1215786880161568
21-01-2026 15:15||NIFTY27JAN2625900CE,0.1307311076482437
21-01-2026 15:15||NIFTY27JAN2626200CE,0.1520187922985298
21-01-2026 15:20||NIFTY27JAN2623800PE,0.2231286616406371
21-01-2026 15:20||NIFTY27JAN2624800PE,0.1402204589614717
21-01-2026 15:20||NIFTY27JAN2625100PE,0.126946168712807
21-01-2026 15:20||NIFTY27JAN2625400CE,0.111358744429246
21-01-2026 15:20||NIFTY27JAN2625600CE,0.1148675930899782
21-01-2026 15:25||NIFTY27JAN2623800PE,0.2209815612374997
21-01-2026 15:25||NIFTY27JAN2624200PE,0.1813765302422601
21-01-2026 15:25||NIFTY27JAN2624500PE,0.1536378854497546
21-01-2026 15:25||NIFTY27JAN2624800PE,0.1303169012801959
21-01-2026 15:25||NIFTY27JAN2625100PE,0.1135053927102032
21-01-2026 15:25||NIFTY27JAN2626200CE,0.1502575440644088
22-01-2026 09:15||NIFTY27JAN2623800PE,0.2465447314808899
22-01-2026 09:15||NIFTY27JAN2625100PE,0.1276261115809368
22-01-2026 09:15||NIFTY27JAN2625300CE,0.1020499796876682
22-01-2026 09:20||NIFTY27JAN2623900PE,0.233680936320922
22-01-2026 09:20||NIFTY27JAN2624000PE,0.2222743668164203
22-01-2026 09:20||NIFTY27JAN2624300PE,0.1883174951127674
22-01-2026 09:20||NIFTY27JAN2624500PE,0.1669352545722624
22-01-2026 09:20||NIFTY27JAN2624800PE,0.1389464999954904
22-01-2026 09:20||NIFTY27JAN2625200CE,0.1155807263989047
22-01-2026 09:20||NIFTY27JAN2626300CE,0.1504860208371854
22-01-2026 09:25||NIFTY27JAN2624700PE,0.1453887059427891
22-01-2026 09:25||NIFTY27JAN2625000PE,0.1181353275941415
22-01-2026 09:25||NIFTY27JAN2625200CE,0.1454806839472258
22-01-2026 09:25||NIFTY27JAN2625500CE,0.1253908663534012
22-01-2026 09:25||NIFTY27JAN2625600CE,0.1227328169240632
22-01-2026 09:25||NIFTY27JAN2626200CE,0.144050043533353
22-01-2026 09:30||NIFTY27JAN2624600PE,0.2017301280484773
22-01-2026 09:30||NIFTY27JAN2624800PE,0.1725537897667635
22-01-2026 09:30||NIFTY27JAN2624900PE,0.1586556628771586
22-01-2026 09:30||NIFTY27JAN2625100PE,0.1320313612240807
22-01-2026 09:30||NIFTY27JAN2625500CE,0.1158575503760959
22-01-2026 09:30||NIFTY27JAN2625800CE,0.1192201002551627
22-01-2026 09:30||NIFTY27JAN2626000CE,0.1293476450284503
22-01-2026 09:30||NIFTY27JAN2626300CE,0.1513006374736204
22-01-2026 09:35||NIFTY27JAN2624100PE,0.2782634301447473
22-01-2026 09:40||NIFTY27JAN2624100PE,0.2667331430699314
22-01-2026 09:40||NIFTY27JAN2624500PE,0.2179022231000314
22-01-2026 09:40||NIFTY27JAN2626000CE,0.1317093403010707
22-01-2026 09:40||NIFTY27JAN2626200CE,0.1459597614775142
22-01-2026 09:45||NIFTY27JAN2623900PE,0.2790189812982523
22-01-2026 09:45||NIFTY27JAN2624200PE,0.2460542813699197
22-01-2026 09:50||NIFTY27JAN2623900PE,0.2733449000968538
22-01-2026 09:50||NIFTY27JAN2624100PE,0.2527454044550052
22-01-2026 09:50||NIFTY27JAN2624900PE,0.1633319114422582
22-01-2026 09:50||NIFTY27JAN2625000PE,0.1528186157698346
22-01-2026 09:50||NIFTY27JAN2625600CE,0.1082619212144532
22-01-2026 09:50||NIFTY27JAN2625800CE,0.1149836705549015
22-01-2026 09:50||NIFTY27JAN2625900CE,0.1201391219998365
22-01-2026 09:50||NIFTY27JAN2626300CE,0.1475619007706286
22-01-2026 09:50||NIFTY27JAN2626500CE,0.1624607712293107
22-01-2026 09:55||NIFTY27JAN2624700PE,0.165852025488066
22-01-2026 09:55||NIFTY27JAN2624800PE,0.1548856235322108
22-01-2026 09:55||NIFTY27JAN2624900PE,0.1444685943833667
22-01-2026 09:55||NIFTY27JAN2625200CE,0.1360651059336395
22-01-2026 09:55||NIFTY27JAN2625500CE,0.1192844331234935
22-01-2026 10:00||NIFTY27JAN2624200PE,0.2186166659005132
22-01-2026 10:00||NIFTY27JAN2624700PE,0.1639165504530325
22-01-2026 10:00||NIFTY27JAN2625100PE,0.1313863674627901
22-01-2026 10:00||NIFTY27JAN2625400CE,0.1050655734538835
22-01-2026 10:00||NIFTY27JAN2625600CE,0.1050711318659154
22-01-2026 10:00||NIFTY27JAN2626100CE,0.1282666880761306
22-01-2026 10:00||NIFTY27JAN2626500CE,0.158095625038591
22-01-2026 10:05||NIFTY27JAN2624500PE,0.1851801725275261
22-01-2026 10:05||NIFTY27JAN2624800PE,0.1527781517727683
22-01-2026 10:05||NIFTY27JAN2625000PE,0.1344757347152978
22-01-2026 10:05||NIFTY27JAN2625400CE,0.1103127966506709
22-01-2026 10:05||NIFTY27JAN2625700CE,0.1102434138401416
22-01-2026 10:05||NIFTY27JAN2625800CE,0.1133519865867396
22-01-2026 10:05||NIFTY27JAN2626100CE,0.1302694625002307
22-01-2026 10:05||NIFTY27JAN2626400CE,0.1528284454697067
22-01-2026 10:10||NIFTY27JAN2623800PE,0.2574628046691662
22-01-2026 10:10||NIFTY27JAN2624200PE,0.214513331045662
22-01-2026 10:10||NIFTY27JAN2624300PE,0.2036629687104005
22-01-2026 10:10||NIFTY27JAN2624500PE,0.1812759096922648
22-01-2026 10:10||NIFTY27JAN2624800PE,0.1485462591107777
22-01-2026 10:10||NIFTY27JAN2625300CE,0.1267224730632464
22-01-2026 10:10||NIFTY27JAN2625500CE,0.1163753720796207
22-01-2026 10:10||NIFTY27JAN2626200CE,0.1417964996103772
22-01-2026 10:10||NIFTY27JAN2626300CE,0.1491438991548636
22-01-2026 10:15||NIFTY27JAN2623900PE,0.2480290706976026
22-01-2026 10:15||NIFTY27JAN2624400PE,0.1970405484638312
22-01-2026 10:15||NIFTY27JAN2625000PE,0.1390206624836499
22-01-2026 10:15||NIFTY27JAN2625300CE,0.0983630682178394
22-01-2026 10:15||NIFTY27JAN2625400CE,0.0982975939357206
22-01-2026 10:20||NIFTY27JAN2624000PE,0.2259969074300346
22-01-2026 10:20||NIFTY27JAN2625000PE,0.1254411241718284
22-01-2026 10:20||NIFTY27JAN2625100PE,0.1192013573739635
22-01-2026 10:20||NIFTY27JAN2625400CE,0.1206884878925775
22-01-2026 10:20||NIFTY27JAN2625500CE,0.1170770879505674
22-01-2026 10:20||NIFTY27JAN2625600CE,0.1159982986380146
22-01-2026 10:20||NIFTY27JAN2625900CE,0.1248601982078255
22-01-2026 10:25||NIFTY27JAN2623900PE,0.2298679446017498
22-01-2026 10:25||NIFTY27JAN2624000PE,0.2197017012631496
22-01-2026 10:25||NIFTY27JAN2624200PE,0.198995780012812
22-01-2026 10:25||NIFTY27JAN2625100PE,0.1289928663551342
22-01-2026 10:25||NIFTY27JAN2625900CE,0.1189491883067236
22-01-2026 10:25||NIFTY27JAN2626300CE,0.1496482460529638
22-01-2026 10:30||NIFTY27JAN2624300PE,0.1832810688854948
22-01-2026 10:30||NIFTY27JAN2625800CE,0.1250644211258199
22-01-2026 10:30||NIFTY27JAN2626100CE,0.1432482266438006
22-01-2026 10:35||NIFTY27JAN2625100PE,0.1243321674122373
22-01-2026 10:35||NIFTY27JAN2625200CE,0.1052042483777754
22-01-2026 10:35||NIFTY27JAN2625300CE,0.1039805489756125
22-01-2026 10:35||NIFTY27JAN2625400CE,0.1038816661408629
22-01-2026 10:35||NIFTY27JAN2625800CE,0.1163841927620924
22-01-2026 10:40||NIFTY27JAN2624300PE,0.1829569528851461
22-01-2026 10:40||NIFTY27JAN2624600PE,0.153851988917114
22-01-2026 10:40||NIFTY27JAN2625000PE,0.1236623579534524
22-01-2026 10:40||NIFTY27JAN2625800CE,0.1213445120178347
22-01-2026 10:40||NIFTY27JAN2625900CE,0.1269061528914064
22-01-2026 10:40||NIFTY27JAN2626000CE,0.1335758407736146
22-01-2026 10:45||NIFTY27JAN2623900PE,0.2266432971545105
22-01-2026 10:45||NIFTY27JAN2625000PE,0.1266046044206433
22-01-2026 10:45||NIFTY27JAN2625400CE,0.1111067458285553
22-01-2026 10:45||NIFTY27JAN2625500CE,0.1112763691343167
22-01-2026 10:45||NIFTY27JAN2625700CE,0.1162841321576091
22-01-2026 10:45||NIFTY27JAN2625900CE,0.1270026397682952
22-01-2026 10:45||NIFTY27JAN2626400CE,0.1661744999807907
22-01-2026 10:45||NIFTY27JAN2626500CE,0.1744383244720186
22-01-2026 10:50||NIFTY27JAN2623900PE,0.2258919904414484
22-01-2026 10:50||NIFTY27JAN2624400PE,0.1738290155824142
22-01-2026 10:50||NIFTY27JAN2624500PE,0.1641617780952828
22-01-2026 10:50||NIFTY27JAN2624600PE,0.154728377379171
22-01-2026 10:50||NIFTY27JAN2624900PE,0.1310710276930611
22-01-2026 10:50||NIFTY27JAN2625000PE,0.1249271746795181
22-01-2026 10:50||NIFTY27JAN2625300CE,0.1155048707251435
22-01-2026 10:50||NIFTY27JAN2625700CE,0.119217549243581
22-01-2026 10:50||NIFTY27JAN2625900CE,0.1299800092886117
22-01-2026 10:50||NIFTY27JAN2626000CE,0.1366590044108085
22-01-2026 10:50||NIFTY27JAN2626300CE,0.1603976312165766
22-01-2026 10:55||NIFTY27JAN2624000PE,0.2189575278705539
22-01-2026 10:55||NIFTY27JAN2624200PE,0.1993069897886956
22-01-2026 10:55||NIFTY27JAN2624600PE,0.1632462800468496
22-01-2026 10:55||NIFTY27JAN2625900CE,0.1278537994054659
22-01-2026 11:00||NIFTY27JAN2624400PE,0.173951867661293
22-01-2026 11:00||NIFTY27JAN2624800PE,0.1409612816738094
22-01-2026 11:00||NIFTY27JAN2626300CE,0.1639400940992277
22-01-2026 11:05||NIFTY27JAN2624500PE,0.1631023652129933
22-01-2026 11:05||NIFTY27JAN2624800PE,0.139021811373323
22-01-2026 11:05||NIFTY27JAN2625500CE,0.1201022224426223
22-01-2026 11:05||NIFTY27JAN2625600CE,0.1221796560248586
22-01-2026 11:05||NIFTY27JAN2625900CE,0.1363046734911651
22-01-2026 11:05||NIFTY27JAN2626200CE,0.1578662552898661
22-01-2026 11:10||NIFTY27JAN2623800PE,0.2340193455880839
22-01-2026 11:10||NIFTY27JAN2624300PE,0.1835971989468434
22-01-2026 11:10||NIFTY27JAN2624600PE,0.1583431663815248
22-01-2026 11:10||NIFTY27JAN2624700PE,0.1506805788037023
22-01-2026 11:10||NIFTY27JAN2625000PE,0.1307410270810656
22-01-2026 11:10||NIFTY27JAN2625100PE,0.1250028316117036
22-01-2026 11:10||NIFTY27JAN2625400CE,0.1157367609096323
22-01-2026 11:10||NIFTY27JAN2625800CE,0.1287900447021546
22-01-2026 11:10||NIFTY27JAN2626100CE,0.1487423439539449
22-01-2026 11:15||NIFTY27JAN2623900PE,0.2226248652951093
22-01-2026 11:15||NIFTY27JAN2624300PE,0.1822770516178428
22-01-2026 11:15||NIFTY27JAN2625600CE,0.1198819939879013
22-01-2026 11:15||NIFTY27JAN2625800CE,0.129378280453971
22-01-2026 11:15||NIFTY27JAN2626100CE,0.1501499165964408
22-01-2026 11:15||NIFTY27JAN2626200CE,0.157913577471308
22-01-2026 11:15||NIFTY27JAN2626400CE,0.1733806878811125
22-01-2026 11:15||NIFTY27JAN2626500CE,0.1811099262128143
22-01-2026 11:20||NIFTY27JAN2623900PE,0.2193018947980581
22-01-2026 11:20||NIFTY27JAN2624700PE,0.1414641553961114
22-01-2026 11:20||NIFTY27JAN2624800PE,0.1337310440942548
22-01-2026 11:20||NIFTY27JAN2625600CE,0.1266865026980201
22-01-2026 11:20||NIFTY27JAN2625900CE,0.1386353252806228
22-01-2026 11:25||NIFTY27JAN2623800PE,0.2368398752435606
22-01-2026 11:25||NIFTY27JAN2623900PE,0.2264433618550421
22-01-2026 11:25||NIFTY27JAN2624000PE,0.2159322732139418
22-01-2026 11:25||NIFTY27JAN2624500PE,0.1670562053112675
22-01-2026 11:25||NIFTY27JAN2624600PE,0.158463139559924
22-01-2026 11:25||NIFTY27JAN2625800CE,0.1246505486953563
22-01-2026 11:25||NIFTY27JAN2625900CE,0.1304890862458083
22-01-2026 11:25||NIFTY27JAN2626500CE,0.1758828691230485
22-01-2026 11:30||NIFTY27JAN2624300PE,0.1799519312667646
22-01-2026 11:30||NIFTY27JAN2625800CE,0.1307948257492934
22-01-2026 11:30||NIFTY27JAN2626000CE,0.1425029531756335
22-01-2026 11:35||NIFTY27JAN2624200PE,0.1922703824496373
22-01-2026 11:35||NIFTY27JAN2625500CE,0.1161112476939365
22-01-2026 11:35||NIFTY27JAN2625900CE,0.1334359034863542
22-01-2026 11:40||NIFTY27JAN2624200PE,0.1922854913626737
22-01-2026 11:40||NIFTY27JAN2624700PE,0.1500298681864504
22-01-2026 11:40||NIFTY27JAN2625200CE,0.1102544937337262
22-01-2026 11:40||NIFTY27JAN2626300CE,0.1671564618562099
22-01-2026 11:45||NIFTY27JAN2623900PE,0.2183841791250819
22-01-2026 11:45||NIFTY27JAN2624400PE,0.1676074471466695
22-01-2026 11:45||NIFTY27JAN2625000PE,0.1239309981297626
22-01-2026 11:45||NIFTY27JAN2626500CE,0.1870492226645791
22-01-2026 11:50||NIFTY27JAN2624500PE,0.163334882091421
22-01-2026 11:50||NIFTY27JAN2624800PE,0.1412206473179185
22-01-2026 11:50||NIFTY27JAN2625200CE,0.1187537321229261
22-01-2026 11:50||NIFTY27JAN2625700CE,0.1270027435250887
22-01-2026 11:50||NIFTY27JAN2626200CE,0.1603623051579772
22-01-2026 11:50||NIFTY27JAN2626300CE,0.1684352215321441
22-01-2026 11:55||NIFTY27JAN2624000PE,0.2094572117760009
22-01-2026 11:55||NIFTY27JAN2625000PE,0.1315841689192996
22-01-2026 12:00||NIFTY27JAN2623800PE,0.2283012666838333
22-01-2026 12:00||NIFTY27JAN2624300PE,0.1759067500900162
22-01-2026 12:00||NIFTY27JAN2625600CE,0.1310801996464918
22-01-2026 12:00||NIFTY27JAN2625700CE,0.1342428736918281
22-01-2026 12:00||NIFTY27JAN2626100CE,0.1590287538481654
22-01-2026 12:00||NIFTY27JAN2626400CE,0.1837103214104233
22-01-2026 12:05||NIFTY27JAN2624300PE,0.1788954120699197
22-01-2026 12:05||NIFTY27JAN2625600CE,0.1264069265013956
22-01-2026 12:05||NIFTY27JAN2625700CE,0.1295714720250874
22-01-2026 12:05||NIFTY27JAN2626000CE,0.1466475935954369
22-01-2026 12:05||NIFTY27JAN2626300CE,0.1701520272348204
22-01-2026 12:10||NIFTY27JAN2624000PE,0.2086364843466379
22-01-2026 12:10||NIFTY27JAN2624500PE,0.1591300484677935
22-01-2026 12:10||NIFTY27JAN2625500CE,0.1234950869668091
22-01-2026 12:10||NIFTY27JAN2625800CE,0.1333345590585987
22-01-2026 12:10||NIFTY27JAN2626100CE,0.1527157238049273
22-01-2026 12:15||NIFTY27JAN2623800PE,0.2289937213893424
22-01-2026 12:15||NIFTY27JAN2624000PE,0.2077272936164245
22-01-2026 12:15||NIFTY27JAN2624500PE,0.1577767092908696
22-01-2026 12:15||NIFTY27JAN2626100CE,0.1531510176140851
22-01-2026 12:15||NIFTY27JAN2626400CE,0.1773566840818262
22-01-2026 12:15||NIFTY27JAN2626500CE,0.1858243455893256
22-01-2026 12:20||NIFTY27JAN2624800PE,0.1439841651109959
22-01-2026 12:20||NIFTY27JAN2624900PE,0.1384300928643885
22-01-2026 12:20||NIFTY27JAN2625900CE,0.1316939329927528
22-01-2026 12:20||NIFTY27JAN2626000CE,0.138714685916368
22-01-2026 12:20||NIFTY27JAN2626500CE,0.1791254192630491
22-01-2026 12:25||NIFTY27JAN2623900PE,0.2207828849198835
22-01-2026 12:25||NIFTY27JAN2624200PE,0.1889601447744556
22-01-2026 12:25||NIFTY27JAN2624700PE,0.1424238455983556
22-01-2026 12:25||NIFTY27JAN2624800PE,0.1346620117128798
22-01-2026 12:25||NIFTY27JAN2625300CE,0.1255460357055669
22-01-2026 12:30||NIFTY27JAN2624200PE,0.1893658036764005
22-01-2026 12:30||NIFTY27JAN2624400PE,0.1691644052749512
22-01-2026 12:30||NIFTY27JAN2624500PE,0.1598242355462587
22-01-2026 12:30||NIFTY27JAN2625100PE,0.1163250313661408
22-01-2026 12:30||NIFTY27JAN2625700CE,0.1252102030803397
22-01-2026 12:30||NIFTY27JAN2625800CE,0.1293017334041869
22-01-2026 12:30||NIFTY27JAN2625900CE,0.1346458001031296
22-01-2026 12:30||NIFTY27JAN2626400CE,0.1729103470651253
22-01-2026 12:35||NIFTY27JAN2623800PE,0.2334212400482331
22-01-2026 12:35||NIFTY27JAN2624400PE,0.1716725406427439
22-01-2026 12:35||NIFTY27JAN2626100CE,0.1464176088395718
22-01-2026 12:35||NIFTY27JAN2626300CE,0.1633995683899079
22-01-2026 12:40||NIFTY27JAN2624100PE,0.1981646131419256
22-01-2026 12:40||NIFTY27JAN2626200CE,0.1573956598437203
22-01-2026 12:45||NIFTY27JAN2624700PE,0.1434630475805679
22-01-2026 12:45||NIFTY27JAN2624900PE,0.1298612877412435
22-01-2026 12:45||NIFTY27JAN2625200CE,0.1151976666726271
22-01-2026 12:45||NIFTY27JAN2625700CE,0.1204367795191256
22-01-2026 12:45||NIFTY27JAN2625800CE,0.1254160362138566
22-01-2026 12:45||NIFTY27JAN2626000CE,0.1383453878871617
22-01-2026 12:45||NIFTY27JAN2626100CE,0.1459710178262012
22-01-2026 12:45||NIFTY27JAN2626200CE,0.1542873693050868
22-01-2026 12:45||NIFTY27JAN2626300CE,0.1630293709094755
22-01-2026 12:45||NIFTY27JAN2626400CE,0.1719660879911216
22-01-2026 12:50||NIFTY27JAN2624200PE,0.1890542256701247
22-01-2026 12:50||NIFTY27JAN2624300PE,0.1790202447747982
22-01-2026 12:50||NIFTY27JAN2624900PE,0.1322430122076583
22-01-2026 12:50||NIFTY27JAN2625900CE,0.1309845138253567
22-01-2026 12:50||NIFTY27JAN2626200CE,0.1549698071431642
22-01-2026 12:50||NIFTY27JAN2626300CE,0.1637463588999312
22-01-2026 12:55||NIFTY27JAN2624400PE,0.1645789076621214
22-01-2026 12:55||NIFTY27JAN2625100PE,0.1199215307073253
22-01-2026 12:55||NIFTY27JAN2626100CE,0.1523226782839222
22-01-2026 12:55||NIFTY27JAN2626400CE,0.1788845509018382
22-01-2026 13:00||NIFTY27JAN2624000PE,0.2043031834862589
22-01-2026 13:00||NIFTY27JAN2624400PE,0.1631303431538691
22-01-2026 13:00||NIFTY27JAN2624900PE,0.125479458769744
22-01-2026 13:00||NIFTY27JAN2625700CE,0.1251657795025785
22-01-2026 13:05||NIFTY27JAN2623800PE,0.2267650492579467
22-01-2026 13:05||NIFTY27JAN2624100PE,0.1935827599024546
22-01-2026 13:05||NIFTY27JAN2624400PE,0.1632805007503381
22-01-2026 13:05||NIFTY27JAN2625000PE,0.1228634841179055
22-01-2026 13:05||NIFTY27JAN2625300CE,0.1151741465558355
22-01-2026 13:05||NIFTY27JAN2625400CE,0.115143120333832
22-01-2026 13:05||NIFTY27JAN2625700CE,0.1246780856708067
22-01-2026 13:10||NIFTY27JAN2624200PE,0.1841468438826584
22-01-2026 13:10||NIFTY27JAN2625300CE,0.1116777043871401
22-01-2026 13:10||NIFTY27JAN2625500CE,0.1147024793971275
22-01-2026 13:10||NIFTY27JAN2626000CE,0.1443910046340309
22-01-2026 13:10||NIFTY27JAN2626500CE,0.1899142403644062
22-01-2026 13:15||NIFTY27JAN2624200PE,0.1810672605131557
22-01-2026 13:15||NIFTY27JAN2624600PE,0.1427285310971818
22-01-2026 13:15||NIFTY27JAN2624700PE,0.1347491500260864
22-01-2026 13:15||NIFTY27JAN2625200CE,0.1270435636957694
22-01-2026 13:15||NIFTY27JAN2625600CE,0.1233489160669972
22-01-2026 13:20||NIFTY27JAN2623900PE,0.2146235812124191
22-01-2026 13:20||NIFTY27JAN2624700PE,0.1373042805688727
22-01-2026 13:20||NIFTY27JAN2624900PE,0.1240081239884772
22-01-2026 13:20||NIFTY27JAN2625200CE,0.1194605911939013
22-01-2026 13:20||NIFTY27JAN2625500CE,0.1179502981621954
22-01-2026 13:20||NIFTY27JAN2626100CE,0.1535372711460617
22-01-2026 13:25||NIFTY27JAN2624900PE,0.1282417705201527
22-01-2026 13:25||NIFTY27JAN2625100PE,0.1211588956397638
22-01-2026 13:25||NIFTY27JAN2625800CE,0.1300529004365867
22-01-2026 13:25||NIFTY27JAN2626100CE,0.1543185432812663
22-01-2026 13:25||NIFTY27JAN2626300CE,0.1726482153720779
22-01-2026 13:30||NIFTY27JAN2623800PE,0.2221048151711959
22-01-2026 13:30||NIFTY27JAN2624000PE,0.1998169816033122
22-01-2026 13:30||NIFTY27JAN2624100PE,0.1889839461138097
22-01-2026 13:30||NIFTY27JAN2624600PE,0.1390235264851922
22-01-2026 13:30||NIFTY27JAN2625100PE,0.101042403898477
22-01-2026 13:30||NIFTY27JAN2625800CE,0.1362819038171389
22-01-2026 13:30||NIFTY27JAN2625900CE,0.1421774622374825
22-01-2026 13:35||NIFTY27JAN2623800PE,0.2262227131908865
22-01-2026 13:35||NIFTY27JAN2623900PE,0.2158213379511708
22-01-2026 13:35||NIFTY27JAN2624400PE,0.166313321386207
22-01-2026 13:35||NIFTY27JAN2624600PE,0.149936648642043
22-01-2026 13:35||NIFTY27JAN2624700PE,0.142540068922129
22-01-2026 13:35||NIFTY27JAN2625300CE,0.1068824998553496
22-01-2026 13:35||NIFTY27JAN2625500CE,0.1109503900094839
22-01-2026 13:35||NIFTY27JAN2625700CE,0.1197653240275412
22-01-2026 13:35||NIFTY27JAN2626000CE,0.141147897768895
22-01-2026 13:35||NIFTY27JAN2626100CE,0.1496533097736141
22-01-2026 13:35||NIFTY27JAN2626400CE,0.1767668990875054
22-01-2026 13:40||NIFTY27JAN2624000PE,0.2023939199067664
22-01-2026 13:40||NIFTY27JAN2624200PE,0.1811653321915743
22-01-2026 13:40||NIFTY27JAN2624300PE,0.1710070501647919
22-01-2026 13:40||NIFTY27JAN2624400PE,0.1609884771196936
22-01-2026 13:40||NIFTY27JAN2624900PE,0.1216805735026105
22-01-2026 13:40||NIFTY27JAN2625100PE,0.111244910593881
22-01-2026 13:40||NIFTY27JAN2625300CE,0.1206805085024505
22-01-2026 13:40||NIFTY27JAN2625400CE,0.1188169222092199
22-01-2026 13:40||NIFTY27JAN2625600CE,0.122026721151959
22-01-2026 13:40||NIFTY27JAN2626000CE,0.1459940150499695
22-01-2026 13:40||NIFTY27JAN2626300CE,0.171581033041522
22-01-2026 13:45||NIFTY27JAN2624400PE,0.159002821072989
22-01-2026 13:45||NIFTY27JAN2625200CE,0.1289013150924287
22-01-2026 13:45||NIFTY27JAN2625800CE,0.1335238140151022
22-01-2026 13:45||NIFTY27JAN2626100CE,0.1554241357485506
22-01-2026 13:45||NIFTY27JAN2626300CE,0.172364292850542
22-01-2026 13:50||NIFTY27JAN2623800PE,0.2252462694202302
22-01-2026 13:50||NIFTY27JAN2625200CE,0.1297310256474634
22-01-2026 13:50||NIFTY27JAN2626300CE,0.1705878974032824
22-01-2026 13:55||NIFTY27JAN2624500PE,0.1535981392313768
22-01-2026 13:55||NIFTY27JAN2624600PE,0.1443593349815237
22-01-2026 13:55||NIFTY27JAN2624800PE,0.1282174060155138
22-01-2026 13:55||NIFTY27JAN2625400CE,0.1129376426504303
22-01-2026 13:55||NIFTY27JAN2625500CE,0.1139156011426956
22-01-2026 13:55||NIFTY27JAN2625900CE,0.1328233362252728
22-01-2026 13:55||NIFTY27JAN2626000CE,0.1405512117957518
22-01-2026 13:55||NIFTY27JAN2626400CE,0.1766112601690475
22-01-2026 14:00||NIFTY27JAN2623800PE,0.2283658162248886
22-01-2026 14:00||NIFTY27JAN2623900PE,0.216158421593587
22-01-2026 14:00||NIFTY27JAN2624300PE,0.1707381283478786
22-01-2026 14:00||NIFTY27JAN2625000PE,0.1167361472592586
22-01-2026 14:00||NIFTY27JAN2625300CE,0.1106332738953252
22-01-2026 14:00||NIFTY27JAN2625500CE,0.1117333671365388
22-01-2026 14:00||NIFTY27JAN2625600CE,0.1144511639418803
22-01-2026 14:00||NIFTY27JAN2626500CE,0.1851453160141227
22-01-2026 14:05||NIFTY27JAN2623800PE,0.225269475454114
22-01-2026 14:05||NIFTY27JAN2624000PE,0.2027366254460254
22-01-2026 14:05||NIFTY27JAN2624200PE,0.1806815669601253
22-01-2026 14:05||NIFTY27JAN2624300PE,0.1704590600713702
22-01-2026 14:05||NIFTY27JAN2625200CE,0.1081218051710113
22-01-2026 14:05||NIFTY27JAN2626200CE,0.1582815045694184
22-01-2026 14:05||NIFTY27JAN2626400CE,0.1774201266579539
22-01-2026 14:10||NIFTY27JAN2623900PE,0.2124735557460362
22-01-2026 14:10||NIFTY27JAN2624200PE,0.1810677885049377
22-01-2026 14:10||NIFTY27JAN2625100PE,0.1207224656628552
22-01-2026 14:10||NIFTY27JAN2625900CE,0.1332611659568909
22-01-2026 14:15||NIFTY27JAN2623800PE,0.2214293043339199
22-01-2026 14:15||NIFTY27JAN2624600PE,0.1380434085331661
22-01-2026 14:15||NIFTY27JAN2625000PE,0.113059764737262
22-01-2026 14:15||NIFTY27JAN2625100PE,0.1089299570702103
22-01-2026 14:15||NIFTY27JAN2626500CE,0.1923973542056371
22-01-2026 14:20||NIFTY27JAN2623800PE,0.2175321403916029
22-01-2026 14:20||NIFTY27JAN2623900PE,0.2070728062308411
22-01-2026 14:20||NIFTY27JAN2624000PE,0.196544069256992
22-01-2026 14:20||NIFTY27JAN2624100PE,0.1860188290942165
22-01-2026 14:20||NIFTY27JAN2624400PE,0.1552798629519357
22-01-2026 14:20||NIFTY27JAN2624900PE,0.1159753781449793
22-01-2026 14:20||NIFTY27JAN2625400CE,0.1141981277587538
22-01-2026 14:20||NIFTY27JAN2625700CE,0.1233963794573545
22-01-2026 14:20||NIFTY27JAN2625800CE,0.1297331595415616
22-01-2026 14:20||NIFTY27JAN2625900CE,0.1371509657051688
22-01-2026 14:20||NIFTY27JAN2626100CE,0.1539695200482954
22-01-2026 14:20||NIFTY27JAN2626200CE,0.1628863294204222
22-01-2026 14:25||NIFTY27JAN2624200PE,0.1761009038781477
22-01-2026 14:25||NIFTY27JAN2624300PE,0.164818784416649
22-01-2026 14:25||NIFTY27JAN2624600PE,0.1339666817553622
22-01-2026 14:25||NIFTY27JAN2624700PE,0.125057259172824
22-01-2026 14:25||NIFTY27JAN2626500CE,0.1876612412550237
22-01-2026 14:30||NIFTY27JAN2623800PE,0.2255918881808963
22-01-2026 14:30||NIFTY27JAN2624300PE,0.1683533200693058
22-01-2026 14:30||NIFTY27JAN2625600CE,0.1216585328148091
22-01-2026 14:30||NIFTY27JAN2625700CE,0.1234833777830132
22-01-2026 14:30||NIFTY27JAN2625900CE,0.1331678717687762
22-01-2026 14:30||NIFTY27JAN2626500CE,0.1810233332441418
22-01-2026 14:35||NIFTY27JAN2624000PE,0.2057791341791065
22-01-2026 14:35||NIFTY27JAN2624800PE,0.1233573876107174
22-01-2026 14:35||NIFTY27JAN2625500CE,0.116484114164144
22-01-2026 14:40||NIFTY27JAN2623800PE,0.2306837028745014
22-01-2026 14:40||NIFTY27JAN2625200CE,0.1199880423235513
22-01-2026 14:40||NIFTY27JAN2625400CE,0.111731716697927
22-01-2026 14:40||NIFTY27JAN2626100CE,0.1403295418261155
22-01-2026 14:40||NIFTY27JAN2626500CE,0.1714739693132609
22-01-2026 14:45||NIFTY27JAN2624000PE,0.2050524650450021
22-01-2026 14:45||NIFTY27JAN2626100CE,0.1383423298719475
22-01-2026 14:50||NIFTY27JAN2624400PE,0.1604923491355845
22-01-2026 14:50||NIFTY27JAN2624500PE,0.1502685465531832
22-01-2026 14:50||NIFTY27JAN2625400CE,0.106440642511136
22-01-2026 14:50||NIFTY27JAN2625500CE,0.1054868506920671
22-01-2026 14:50||NIFTY27JAN2625600CE,0.1064645892427176
22-01-2026 14:50||NIFTY27JAN2626200CE,0.1445524378840156
22-01-2026 14:55||NIFTY27JAN2624300PE,0.1681772504258376
22-01-2026 14:55||NIFTY27JAN2625000PE,0.108906210377647
22-01-2026 14:55||NIFTY27JAN2626100CE,0.1355547574485879
22-01-2026 14:55||NIFTY27JAN2626500CE,0.169769531250162
22-01-2026 15:00||NIFTY27JAN2624300PE,0.1673419193145575
22-01-2026 15:00||NIFTY27JAN2624600PE,0.1378856983851514
22-01-2026 15:00||NIFTY27JAN2624900PE,0.1166743151764003
22-01-2026 15:00||NIFTY27JAN2625600CE,0.105687830651591
22-01-2026 15:00||NIFTY27JAN2626400CE,0.1630244604907291
22-01-2026 15:05||NIFTY27JAN2625300CE,0.1285529320379418
22-01-2026 15:05||NIFTY27JAN2625400CE,0.1215380866097834
22-01-2026 15:05||NIFTY27JAN2625600CE,0.1156009941018891
22-01-2026 15:10||NIFTY27JAN2623800PE,0.2268950423793528
22-01-2026 15:10||NIFTY27JAN2624000PE,0.203845577469444
22-01-2026 15:10||NIFTY27JAN2624200PE,0.1807063447848
22-01-2026 15:10||NIFTY27JAN2625100PE,0.1042724947518667
22-01-2026 15:10||NIFTY27JAN2625600CE,0.1074994069494924
22-01-2026 15:10||NIFTY27JAN2626100CE,0.1312261948204413
22-01-2026 15:15||NIFTY27JAN2623800PE,0.2248664079546738
22-01-2026 15:15||NIFTY27JAN2624200PE,0.17801901183694
22-01-2026 15:15||NIFTY27JAN2624600PE,0.1343123330451727
22-01-2026 15:15||NIFTY27JAN2625400CE,0.1164182195111194
22-01-2026 15:15||NIFTY27JAN2625800CE,0.1129332958763427
22-01-2026 15:15||NIFTY27JAN2625900CE,0.1175095825317024
22-01-2026 15:15||NIFTY27JAN2626200CE,0.1387144665515042
22-01-2026 15:15||NIFTY27JAN2626300CE,0.1472167886757126
22-01-2026 15:20||NIFTY27JAN2624800PE,0.1175549887368936
22-01-2026 15:20||NIFTY27JAN2625200CE,0.137644341687154
22-01-2026 15:20||NIFTY27JAN2626400CE,0.1562834930514679
22-01-2026 15:25||NIFTY27JAN2623800PE,0.2257384532794244
22-01-2026 15:25||NIFTY27JAN2624300PE,0.1675442970714742
22-01-2026 15:25||NIFTY27JAN2624700PE,0.1243540482830583
22-01-2026 15:25||NIFTY27JAN2625100PE,0.0979724866366069
22-01-2026 15:25||NIFTY27JAN2625200CE,0.1307316518198339
22-01-2026 15:25||NIFTY27JAN2625300CE,0.1186764113267442
22-01-2026 15:25||NIFTY27JAN2625600CE,0.1078171854558913
22-01-2026 15:25||NIFTY27JAN2625900CE,0.1147531900052749
22-01-2026 15:25||NIFTY27JAN2626000CE,0.1209402889216727
22-01-2026 15:25||NIFTY27JAN2626400CE,0.1583290747108098
23-01-2026 09:15||NIFTY27JAN2624100PE,0.2100031090103035
23-01-2026 09:15||NIFTY27JAN2624200PE,0.1974323656561249
23-01-2026 09:15||NIFTY27JAN2624300PE,0.1848460543625351
23-01-2026 09:15||NIFTY27JAN2625500CE,0.1119982564824598
23-01-2026 09:15||NIFTY27JAN2626000CE,0.1332516174865682
23-01-2026 09:15||NIFTY27JAN2626100CE,0.141814969427639
23-01-2026 09:15||NIFTY27JAN2626200CE,0.1524360551637177
23-01-2026 09:15||NIFTY27JAN2626300CE,0.1627373631433312
23-01-2026 09:15||NIFTY27JAN2626500CE,0.1851113603388375
23-01-2026 09:20||NIFTY27JAN2623900PE,0.2330280798891432
23-01-2026 09:20||NIFTY27JAN2624400PE,0.1700018704441935
23-01-2026 09:20||NIFTY27JAN2625500CE,0.125695649571688
23-01-2026 09:20||NIFTY27JAN2626200CE,0.1541161107258792
23-01-2026 09:20||NIFTY27JAN2626400CE,0.1747047584060583
23-01-2026 09:25||NIFTY27JAN2623800PE,0.2533368741689794
23-01-2026 09:25||NIFTY27JAN2625100PE,0.1133694435042403
23-01-2026 09:25||NIFTY27JAN2626100CE,0.1346299880497962
23-01-2026 09:25||NIFTY27JAN2626200CE,0.1447515914062571
23-01-2026 09:25||NIFTY27JAN2626400CE,0.1667085639811848
23-01-2026 09:30||NIFTY27JAN2623900PE,0.241820155874138
23-01-2026 09:30||NIFTY27JAN2624000PE,0.2297085941131266
23-01-2026 09:30||NIFTY27JAN2624400PE,0.1807531239983844
23-01-2026 09:30||NIFTY27JAN2624500PE,0.1688317287146766
23-01-2026 09:30||NIFTY27JAN2624600PE,0.1576712049808786
23-01-2026 09:30||NIFTY27JAN2624700PE,0.147503554748588
23-01-2026 09:30||NIFTY27JAN2625200CE,0.1075594292344861
23-01-2026 09:30||NIFTY27JAN2626300CE,0.1568757500312613
23-01-2026 09:35||NIFTY27JAN2623900PE,0.2388308564947472
23-01-2026 09:35||NIFTY27JAN2624000PE,0.2267757004053036
23-01-2026 09:35||NIFTY27JAN2624400PE,0.1765177643569875
23-01-2026 09:35||NIFTY27JAN2625500CE,0.1076819706556314
23-01-2026 09:35||NIFTY27JAN2626100CE,0.1381556193687429
23-01-2026 09:40||NIFTY27JAN2625400CE,0.1051410042662266
23-01-2026 09:40||NIFTY27JAN2625500CE,0.1034956984245245
23-01-2026 09:40||NIFTY27JAN2626000CE,0.1274730350021728
23-01-2026 09:45||NIFTY27JAN2623900PE,0.2358397995602411
23-01-2026 09:45||NIFTY27JAN2624100PE,0.210546400098525
23-01-2026 09:45||NIFTY27JAN2624300PE,0.1848327834260316
23-01-2026 09:45||NIFTY27JAN2624800PE,0.1277706764868537
23-01-2026 09:45||NIFTY27JAN2624900PE,0.119356200888728
23-01-2026 09:45||NIFTY27JAN2626100CE,0.142582673124486
23-01-2026 09:45||NIFTY27JAN2626400CE,0.1757151546347035
23-01-2026 09:50||NIFTY27JAN2623900PE,0.2385381072992959
23-01-2026 09:50||NIFTY27JAN2624200PE,0.2017961505681549
23-01-2026 09:50||NIFTY27JAN2624400PE,0.1770582674270753
23-01-2026 09:50||NIFTY27JAN2624700PE,0.1441123737874282
23-01-2026 09:50||NIFTY27JAN2625200CE,0.1062523895549319
23-01-2026 09:50||NIFTY27JAN2625300CE,0.1036984806506667
23-01-2026 09:50||NIFTY27JAN2625700CE,0.10372510017014
23-01-2026 09:50||NIFTY27JAN2625800CE,0.1089943851864702
23-01-2026 09:55||NIFTY27JAN2623800PE,0.2487971566210339
23-01-2026 09:55||NIFTY27JAN2624200PE,0.1983756951868436
23-01-2026 09:55||NIFTY27JAN2624800PE,0.1296482128201967
23-01-2026 09:55||NIFTY27JAN2625000PE,0.1149814219584042
23-01-2026 09:55||NIFTY27JAN2625200CE,0.1195791845870949
23-01-2026 09:55||NIFTY27JAN2625700CE,0.1076215257502488
23-01-2026 09:55||NIFTY27JAN2626300CE,0.1624022431269664
23-01-2026 10:00||NIFTY27JAN2624700PE,0.1413521128840539
23-01-2026 10:00||NIFTY27JAN2625900CE,0.1165890909877945
23-01-2026 10:00||NIFTY27JAN2626000CE,0.1260105735123032
23-01-2026 10:00||NIFTY27JAN2626100CE,0.1366410660856204
23-01-2026 10:00||NIFTY27JAN2626300CE,0.159416121596633
23-01-2026 10:05||NIFTY27JAN2623800PE,0.2495969847841601
23-01-2026 10:05||NIFTY27JAN2624100PE,0.2122407759107786
23-01-2026 10:05||NIFTY27JAN2624600PE,0.1510229761913424
23-01-2026 10:05||NIFTY27JAN2624800PE,0.1315186654926823
23-01-2026 10:05||NIFTY27JAN2626200CE,0.1500332793333334
23-01-2026 10:10||NIFTY27JAN2623800PE,0.2486461280610278
23-01-2026 10:10||NIFTY27JAN2624000PE,0.2237825330453162
23-01-2026 10:10||NIFTY27JAN2624400PE,0.1729880293974552
23-01-2026 10:10||NIFTY27JAN2624600PE,0.1493941763152891
23-01-2026 10:10||NIFTY27JAN2624800PE,0.1298994069871764
23-01-2026 10:10||NIFTY27JAN2625300CE,0.1048377839571344
23-01-2026 10:15||NIFTY27JAN2624700PE,0.1416142016857981
23-01-2026 10:15||NIFTY27JAN2625700CE,0.1029003307111733
23-01-2026 10:15||NIFTY27JAN2625900CE,0.1184352227173916
23-01-2026 10:15||NIFTY27JAN2626000CE,0.1289329324227695
23-01-2026 10:15||NIFTY27JAN2626400CE,0.1745978920740094
23-01-2026 10:20||NIFTY27JAN2625700CE,0.1068263160492442
23-01-2026 10:20||NIFTY27JAN2625800CE,0.11282599850837
23-01-2026 10:20||NIFTY27JAN2626100CE,0.1430274378232293
23-01-2026 10:20||NIFTY27JAN2626500CE,0.1867718854801624
23-01-2026 10:25||NIFTY27JAN2623800PE,0.2467872175577422
23-01-2026 10:25||NIFTY27JAN2624400PE,0.1692858762700455
23-01-2026 10:25||NIFTY27JAN2624600PE,0.1444780050214051
23-01-2026 10:25||NIFTY27JAN2625100PE,0.1023479833664297
23-01-2026 10:25||NIFTY27JAN2625400CE,0.1125010226258668
23-01-2026 10:25||NIFTY27JAN2626000CE,0.1307021081899581
23-01-2026 10:30||NIFTY27JAN2624100PE,0.2132608701144497
23-01-2026 10:30||NIFTY27JAN2624400PE,0.1746908071918023
23-01-2026 10:30||NIFTY27JAN2624600PE,0.1496544076182834
23-01-2026 10:30||NIFTY27JAN2625100PE,0.1073542226708687
23-01-2026 10:35||NIFTY27JAN2624000PE,0.2279670437940274
23-01-2026 10:35||NIFTY27JAN2624100PE,0.2153772778517164
23-01-2026 10:35||NIFTY27JAN2624200PE,0.2027120701871217
23-01-2026 10:35||NIFTY27JAN2624500PE,0.1639695399997022
23-01-2026 10:35||NIFTY27JAN2624900PE,0.1233073976465853
23-01-2026 10:35||NIFTY27JAN2625100PE,0.11076924774385
23-01-2026 10:35||NIFTY27JAN2625600CE,0.0975832258633665
23-01-2026 10:40||NIFTY27JAN2624000PE,0.2258100297827439
23-01-2026 10:40||NIFTY27JAN2624600PE,0.1504488033856338
23-01-2026 10:40||NIFTY27JAN2624800PE,0.1297916505412269
23-01-2026 10:40||NIFTY27JAN2625300CE,0.1047280203093459
23-01-2026 10:40||NIFTY27JAN2625800CE,0.1072204814244601
23-01-2026 10:45||NIFTY27JAN2624100PE,0.2134217285749544
23-01-2026 10:45||NIFTY27JAN2625100PE,0.1121141278858674
23-01-2026 10:45||NIFTY27JAN2625900CE,0.1138732047752969
23-01-2026 10:45||NIFTY27JAN2626200CE,0.1482114970495142
23-01-2026 10:45||NIFTY27JAN2626500CE,0.1801098006163025
23-01-2026 10:50||NIFTY27JAN2623900PE,0.2374263083418113
23-01-2026 10:50||NIFTY27JAN2625400CE,0.0988062914904912
23-01-2026 10:50||NIFTY27JAN2625700CE,0.1012920880880784
23-01-2026 10:50||NIFTY27JAN2626200CE,0.1497573495054791
23-01-2026 10:50||NIFTY27JAN2626300CE,0.1613267923834122
23-01-2026 10:50||NIFTY27JAN2626400CE,0.1719284994489344
23-01-2026 10:55||NIFTY27JAN2623800PE,0.2488583505794889
23-01-2026 10:55||NIFTY27JAN2624600PE,0.1474007097554849
23-01-2026 10:55||NIFTY27JAN2624900PE,0.1174062675072017
23-01-2026 10:55||NIFTY27JAN2626200CE,0.1505600729888142
23-01-2026 11:00||NIFTY27JAN2625100PE,0.1082829475524863
23-01-2026 11:00||NIFTY27JAN2625400CE,0.0941603094708355
23-01-2026 11:00||NIFTY27JAN2625800CE,0.1074802974396225
23-01-2026 11:00||NIFTY27JAN2626100CE,0.1391375368288264
23-01-2026 11:05||NIFTY27JAN2624200PE,0.1966279134168936
23-01-2026 11:05||NIFTY27JAN2625600CE,0.0998579552378154
23-01-2026 11:05||NIFTY27JAN2625700CE,0.1031973000857592
23-01-2026 11:05||NIFTY27JAN2626200CE,0.1525002546632322
23-01-2026 11:05||NIFTY27JAN2626500CE,0.1857809361481992
23-01-2026 11:10||NIFTY27JAN2624000PE,0.2233994115784109
23-01-2026 11:10||NIFTY27JAN2624100PE,0.2106517400720033
23-01-2026 11:10||NIFTY27JAN2625300CE,0.1008653324968447
23-01-2026 11:10||NIFTY27JAN2626300CE,0.1627036172974476
23-01-2026 11:15||NIFTY27JAN2624200PE,0.1962899920068118
23-01-2026 11:15||NIFTY27JAN2624800PE,0.1272536686510732
23-01-2026 11:15||NIFTY27JAN2624900PE,0.1191025172506815
23-01-2026 11:15||NIFTY27JAN2625300CE,0.0913760252867392
23-01-2026 11:15||NIFTY27JAN2625400CE,0.0894837995307533
23-01-2026 11:15||NIFTY27JAN2625500CE,0.0901799216419228
23-01-2026 11:15||NIFTY27JAN2625700CE,0.0987835629594614
23-01-2026 11:15||NIFTY27JAN2626300CE,0.1629932313369775
23-01-2026 11:20||NIFTY27JAN2624100PE,0.2076356173973868
23-01-2026 11:20||NIFTY27JAN2624400PE,0.1688505128668592
23-01-2026 11:20||NIFTY27JAN2624800PE,0.1229897353740914
23-01-2026 11:20||NIFTY27JAN2625100PE,0.1018411921197007
23-01-2026 11:20||NIFTY27JAN2626000CE,0.1292627715694186
23-01-2026 11:20||NIFTY27JAN2626300CE,0.1649790456613025
23-01-2026 11:25||NIFTY27JAN2623800PE,0.2454037531939349
23-01-2026 11:25||NIFTY27JAN2623900PE,0.2334398064841245
23-01-2026 11:25||NIFTY27JAN2624900PE,0.1139640032836122
23-01-2026 11:25||NIFTY27JAN2625200CE,0.1049209939276844
23-01-2026 11:25||NIFTY27JAN2625800CE,0.1082970148369936
23-01-2026 11:25||NIFTY27JAN2626400CE,0.1751066714050281
23-01-2026 11:30||NIFTY27JAN2624700PE,0.1370765253549251
23-01-2026 11:30||NIFTY27JAN2624900PE,0.1192718075979668
23-01-2026 11:30||NIFTY27JAN2625000PE,0.1125292570177981
23-01-2026 11:30||NIFTY27JAN2625500CE,0.0899060260716898
23-01-2026 11:30||NIFTY27JAN2625800CE,0.1064382876575018
23-01-2026 11:30||NIFTY27JAN2626000CE,0.1273937827750942
23-01-2026 11:30||NIFTY27JAN2626200CE,0.1514223655427533
23-01-2026 11:30||NIFTY27JAN2626400CE,0.1746168840575802
23-01-2026 11:35||NIFTY27JAN2624900PE,0.1205465238530932
23-01-2026 11:35||NIFTY27JAN2625400CE,0.0904213239587437
23-01-2026 11:35||NIFTY27JAN2626000CE,0.131301283364404
23-01-2026 11:40||NIFTY27JAN2623900PE,0.2271590999536509
23-01-2026 11:40||NIFTY27JAN2624300PE,0.1761054604927325
23-01-2026 11:40||NIFTY27JAN2624900PE,0.1155208579013164
23-01-2026 11:40||NIFTY27JAN2625500CE,0.0970120120539202
23-01-2026 11:40||NIFTY27JAN2626300CE,0.174296605503387
23-01-2026 11:40||NIFTY27JAN2626500CE,0.1938308621524779
23-01-2026 11:45||NIFTY27JAN2625300CE,0.0958988268935323
23-01-2026 11:45||NIFTY27JAN2626100CE,0.1535761525029548
23-01-2026 11:45||NIFTY27JAN2626400CE,0.1869452854511591
23-01-2026 11:50||NIFTY27JAN2624100PE,0.1951617520197169
23-01-2026 11:50||NIFTY27JAN2624500PE,0.146796785430651
23-01-2026 11:50||NIFTY27JAN2625400CE,0.104182101557936
23-01-2026 11:50||NIFTY27JAN2625500CE,0.1048496896554344
23-01-2026 11:50||NIFTY27JAN2625700CE,0.1144486360573103
23-01-2026 11:55||NIFTY27JAN2624800PE,0.1196326298758354
23-01-2026 11:55||NIFTY27JAN2625100PE,0.1024770704766161
23-01-2026 11:55||NIFTY27JAN2625700CE,0.1124088428851002
23-01-2026 11:55||NIFTY27JAN2626200CE,0.1649631187628519
23-01-2026 11:55||NIFTY27JAN2626500CE,0.1954104107610024
23-01-2026 12:00||NIFTY27JAN2624000PE,0.2109834984477433
23-01-2026 12:00||NIFTY27JAN2624300PE,0.1720783158192566
23-01-2026 12:00||NIFTY27JAN2624800PE,0.1183894559764149
23-01-2026 12:00||NIFTY27JAN2625200CE,0.1077669520738906
23-01-2026 12:00||NIFTY27JAN2625800CE,0.1205580217298743
23-01-2026 12:00||NIFTY27JAN2625900CE,0.1306253877264235
23-01-2026 12:00||NIFTY27JAN2626400CE,0.1864648334596828
23-01-2026 12:05||NIFTY27JAN2624600PE,0.1389996392936231
23-01-2026 12:05||NIFTY27JAN2625300CE,0.0957416690964509
23-01-2026 12:05||NIFTY27JAN2625400CE,0.0961653728134221
23-01-2026 12:05||NIFTY27JAN2626400CE,0.1874921539765201
23-01-2026 12:10||NIFTY27JAN2623900PE,0.220211116305882
23-01-2026 12:10||NIFTY27JAN2624000PE,0.2075551453362994
23-01-2026 12:10||NIFTY27JAN2625000PE,0.1062733035393667
23-01-2026 12:10||NIFTY27JAN2625700CE,0.1147216211345411
23-01-2026 12:10||NIFTY27JAN2626200CE,0.1684366233452362
23-01-2026 12:10||NIFTY27JAN2626500CE,0.1986568638445464
23-01-2026 12:15||NIFTY27JAN2625500CE,0.1073753918216497
23-01-2026 12:15||NIFTY27JAN2626100CE,0.1557052975077483
23-01-2026 12:15||NIFTY27JAN2626300CE,0.1780835338837062
23-01-2026 12:20||NIFTY27JAN2624200PE,0.1855812722748295
23-01-2026 12:20||NIFTY27JAN2625200CE,0.1038287887590715
23-01-2026 12:20||NIFTY27JAN2625300CE,0.1012619189137808
23-01-2026 12:20||NIFTY27JAN2625400CE,0.0999371210268841
23-01-2026 12:20||NIFTY27JAN2625800CE,0.1184355600197111
23-01-2026 12:20||NIFTY27JAN2626100CE,0.1525133144484128
23-01-2026 12:25||NIFTY27JAN2624300PE,0.1706698930182675
23-01-2026 12:25||NIFTY27JAN2624500PE,0.1461576642999709
23-01-2026 12:25||NIFTY27JAN2624600PE,0.1348796663715539
23-01-2026 12:25||NIFTY27JAN2624900PE,0.1079020047271506
23-01-2026 12:25||NIFTY27JAN2625400CE,0.1024793879728892
23-01-2026 12:25||NIFTY27JAN2625600CE,0.1062541923301776
23-01-2026 12:25||NIFTY27JAN2626400CE,0.1877101672058687
23-01-2026 12:30||NIFTY27JAN2623800PE,0.2342423036298425
23-01-2026 12:30||NIFTY27JAN2624100PE,0.1964866703653322
23-01-2026 12:30||NIFTY27JAN2624200PE,0.1837813301140276
23-01-2026 12:30||NIFTY27JAN2624500PE,0.1454297752802795
23-01-2026 12:30||NIFTY27JAN2625900CE,0.1309290123445074
23-01-2026 12:30||NIFTY27JAN2626100CE,0.1537790942235437
23-01-2026 12:30||NIFTY27JAN2626200CE,0.1653625294113725
23-01-2026 12:35||NIFTY27JAN2624100PE,0.1967514919697094
23-01-2026 12:35||NIFTY27JAN2624400PE,0.1574596161141752
23-01-2026 12:35||NIFTY27JAN2625100PE,0.0913552675871935
23-01-2026 12:35||NIFTY27JAN2625300CE,0.1070854355414613
23-01-2026 12:35||NIFTY27JAN2626100CE,0.1535144383647841
23-01-2026 12:40||NIFTY27JAN2624500PE,0.1442596392266396
23-01-2026 12:40||NIFTY27JAN2624600PE,0.1321996987295459
23-01-2026 12:40||NIFTY27JAN2624900PE,0.1030059248334427
23-01-2026 12:40||NIFTY27JAN2625300CE,0.1077293023303972
23-01-2026 12:45||NIFTY27JAN2623800PE,0.2351435051994408
23-01-2026 12:45||NIFTY27JAN2623900PE,0.2233900517359537
23-01-2026 12:45||NIFTY27JAN2624600PE,0.1378071082523116
23-01-2026 12:45||NIFTY27JAN2625900CE,0.1241251623961972
23-01-2026 12:50||NIFTY27JAN2623800PE,0.233720186093199
23-01-2026 12:50||NIFTY27JAN2624400PE,0.1568393376636525
23-01-2026 12:50||NIFTY27JAN2624800PE,0.1104971450441442
23-01-2026 12:50||NIFTY27JAN2625300CE,0.1091216546526829
23-01-2026 12:50||NIFTY27JAN2625600CE,0.1068983480208823
23-01-2026 12:50||NIFTY27JAN2625700CE,0.1118084082830942
23-01-2026 12:50||NIFTY27JAN2626000CE,0.1394826505412821
23-01-2026 12:50||NIFTY27JAN2626400CE,0.1861806572504477
23-01-2026 12:55||NIFTY27JAN2624200PE,0.1866290144567454
23-01-2026 12:55||NIFTY27JAN2625400CE,0.0915772361793342
23-01-2026 12:55||NIFTY27JAN2625600CE,0.099216068473795
23-01-2026 12:55||NIFTY27JAN2625800CE,0.1159747108800016
23-01-2026 12:55||NIFTY27JAN2626400CE,0.1848588065261669
23-01-2026 13:00||NIFTY27JAN2624900PE,0.1034622437592024
23-01-2026 13:00||NIFTY27JAN2625700CE,0.1127786357354339
23-01-2026 13:00||NIFTY27JAN2626000CE,0.1435724833389105
23-01-2026 13:05||NIFTY27JAN2623800PE,0.2314764931357251
23-01-2026 13:05||NIFTY27JAN2625200CE,0.1034022050899176
23-01-2026 13:05||NIFTY27JAN2625900CE,0.1322369788914116
23-01-2026 13:10||NIFTY27JAN2623900PE,0.2218373556581044
23-01-2026 13:10||NIFTY27JAN2624000PE,0.2096992476796272
23-01-2026 13:10||NIFTY27JAN2624100PE,0.1967353755994717
23-01-2026 13:10||NIFTY27JAN2624700PE,0.1206620732893499
23-01-2026 13:10||NIFTY27JAN2625100PE,0.092995205455956
23-01-2026 13:10||NIFTY27JAN2625800CE,0.1210031949481673
23-01-2026 13:10||NIFTY27JAN2626000CE,0.1434582336945083
23-01-2026 13:15||NIFTY27JAN2623800PE,0.2280816006544274
23-01-2026 13:15||NIFTY27JAN2624200PE,0.1795608632865545
23-01-2026 13:15||NIFTY27JAN2625300CE,0.0940938133143617
23-01-2026 13:15||NIFTY27JAN2625600CE,0.1076130491491925
23-01-2026 13:15||NIFTY27JAN2625900CE,0.1371590610711774
23-01-2026 13:15||NIFTY27JAN2626000CE,0.1489508650523306
23-01-2026 13:20||NIFTY27JAN2624700PE,0.1217169518053195
23-01-2026 13:20||NIFTY27JAN2624800PE,0.1147147262460153
23-01-2026 13:20||NIFTY27JAN2625700CE,0.1221606484359058
23-01-2026 13:20||NIFTY27JAN2626200CE,0.1773959757648277
23-01-2026 13:20||NIFTY27JAN2626500CE,0.2096709370328398
23-01-2026 13:25||NIFTY27JAN2624100PE,0.1875740163024286
23-01-2026 13:25||NIFTY27JAN2624500PE,0.1387878920609071
23-01-2026 13:25||NIFTY27JAN2625000PE,0.1020857336276435
23-01-2026 13:25||NIFTY27JAN2625400CE,0.1024182669245148
23-01-2026 13:30||NIFTY27JAN2624700PE,0.1275117232241499
23-01-2026 13:30||NIFTY27JAN2624800PE,0.121795598067906
23-01-2026 13:30||NIFTY27JAN2625000PE,0.1149533391044074
23-01-2026 13:30||NIFTY27JAN2625400CE,0.1091274389329915
23-01-2026 13:30||NIFTY27JAN2625700CE,0.1318609770318437
23-01-2026 13:30||NIFTY27JAN2626000CE,0.1651531888414355
23-01-2026 13:35||NIFTY27JAN2623900PE,0.209063285769761
23-01-2026 13:35||NIFTY27JAN2624100PE,0.1839451021166975
23-01-2026 13:35||NIFTY27JAN2624900PE,0.1105050045605629
23-01-2026 13:35||NIFTY27JAN2625600CE,0.1241904452916936
23-01-2026 13:35||NIFTY27JAN2626000CE,0.1666583259535314
23-01-2026 13:35||NIFTY27JAN2626200CE,0.1900462101261623
23-01-2026 13:35||NIFTY27JAN2626500CE,0.2219306925531685
23-01-2026 13:40||NIFTY27JAN2623900PE,0.213147716723665
23-01-2026 13:40||NIFTY27JAN2624600PE,0.1358660104778703
23-01-2026 13:40||NIFTY27JAN2624900PE,0.1205882987908359
23-01-2026 13:40||NIFTY27JAN2625700CE,0.1343062486357819
23-01-2026 13:40||NIFTY27JAN2625800CE,0.1449142788082402
23-01-2026 13:40||NIFTY27JAN2626300CE,0.2011714570747584
23-01-2026 13:45||NIFTY27JAN2623900PE,0.2068493485159843
23-01-2026 13:45||NIFTY27JAN2624000PE,0.1944178149067266
23-01-2026 13:45||NIFTY27JAN2624500PE,0.1354573077120024
23-01-2026 13:45||NIFTY27JAN2624600PE,0.1259510720493263
23-01-2026 13:45||NIFTY27JAN2625000PE,0.1015649706712915
23-01-2026 13:45||NIFTY27JAN2625300CE,0.1126893818462264
23-01-2026 13:45||NIFTY27JAN2626100CE,0.1829223471103751
23-01-2026 13:45||NIFTY27JAN2626300CE,0.2056133249821833
23-01-2026 13:50||NIFTY27JAN2624000PE,0.1947034072099197
23-01-2026 13:50||NIFTY27JAN2624500PE,0.1349700938393164
23-01-2026 13:50||NIFTY27JAN2625100PE,0.0975000381550199
23-01-2026 13:50||NIFTY27JAN2626400CE,0.2176833330829717
23-01-2026 13:55||NIFTY27JAN2625500CE,0.1221312397878037
23-01-2026 13:55||NIFTY27JAN2625700CE,0.1381027096844755
23-01-2026 13:55||NIFTY27JAN2625800CE,0.1482192222822729
23-01-2026 13:55||NIFTY27JAN2626400CE,0.2156087658348525
23-01-2026 13:55||NIFTY27JAN2626500CE,0.2262591419439915
23-01-2026 14:00||NIFTY27JAN2624200PE,0.168900660290522
23-01-2026 14:00||NIFTY27JAN2624300PE,0.1564406626595734
23-01-2026 14:00||NIFTY27JAN2625300CE,0.1141022966128533
23-01-2026 14:00||NIFTY27JAN2625400CE,0.1166632804396096
23-01-2026 14:00||NIFTY27JAN2625500CE,0.1215843411957163
23-01-2026 14:00||NIFTY27JAN2625800CE,0.1472095177019988
23-01-2026 14:05||NIFTY27JAN2624200PE,0.1707835847500849
23-01-2026 14:05||NIFTY27JAN2624800PE,0.1111726860890598
23-01-2026 14:05||NIFTY27JAN2626300CE,0.2009841690594191
23-01-2026 14:10||NIFTY27JAN2623900PE,0.2089559470157798
23-01-2026 14:10||NIFTY27JAN2625800CE,0.1464251713059852
23-01-2026 14:10||NIFTY27JAN2626400CE,0.2130591964847418
23-01-2026 14:15||NIFTY27JAN2625000PE,0.1123601056330745
23-01-2026 14:15||NIFTY27JAN2625400CE,0.1077944864673562
23-01-2026 14:15||NIFTY27JAN2626400CE,0.2069498968971475
23-01-2026 14:20||NIFTY27JAN2624100PE,0.1848388274053254
23-01-2026 14:20||NIFTY27JAN2624800PE,0.1148158284729845
23-01-2026 14:20||NIFTY27JAN2625400CE,0.112102125537698
23-01-2026 14:20||NIFTY27JAN2625600CE,0.1251214873529638
23-01-2026 14:20||NIFTY27JAN2625800CE,0.1445094460906485
23-01-2026 14:20||NIFTY27JAN2626400CE,0.2093161011163028
23-01-2026 14:20||NIFTY27JAN2626500CE,0.2191850355249112
23-01-2026 14:25||NIFTY27JAN2624200PE,0.166992459867276
23-01-2026 14:25||NIFTY27JAN2624400PE,0.1417167730812198
23-01-2026 14:25||NIFTY27JAN2624500PE,0.1303173724501826
23-01-2026 14:25||NIFTY27JAN2625200CE,0.114913838753569
23-01-2026 14:25||NIFTY27JAN2626200CE,0.1878253115086387
23-01-2026 14:25||NIFTY27JAN2626300CE,0.1988461684102026
23-01-2026 14:25||NIFTY27JAN2626400CE,0.2098229723458133
23-01-2026 14:30||NIFTY27JAN2624600PE,0.1226683674136317
23-01-2026 14:30||NIFTY27JAN2625700CE,0.1331895684415289
23-01-2026 14:35||NIFTY27JAN2623900PE,0.2112507733640163
23-01-2026 14:35||NIFTY27JAN2624500PE,0.1339902759419661
23-01-2026 14:35||NIFTY27JAN2624700PE,0.1152460286565032
23-01-2026 14:35||NIFTY27JAN2625400CE,0.1096477750629662
23-01-2026 14:35||NIFTY27JAN2625600CE,0.1208329125817823
23-01-2026 14:35||NIFTY27JAN2625800CE,0.138461506520982
23-01-2026 14:35||NIFTY27JAN2625900CE,0.1487969101240702
23-01-2026 14:35||NIFTY27JAN2626000CE,0.1598568062037015
23-01-2026 14:35||NIFTY27JAN2626300CE,0.1945443616173416
23-01-2026 14:40||NIFTY27JAN2623900PE,0.2131817403211921
23-01-2026 14:40||NIFTY27JAN2624300PE,0.1606608776641024
23-01-2026 14:40||NIFTY27JAN2624400PE,0.1480517217207807
23-01-2026 14:40||NIFTY27JAN2625000PE,0.102068986361841
23-01-2026 14:40||NIFTY27JAN2625100PE,0.0993214770858726
23-01-2026 14:40||NIFTY27JAN2625200CE,0.1030679082897887
23-01-2026 14:40||NIFTY27JAN2625700CE,0.1313560146282293
23-01-2026 14:40||NIFTY27JAN2625800CE,0.1413191677160581
23-01-2026 14:40||NIFTY27JAN2626400CE,0.2060032244632071
23-01-2026 14:45||NIFTY27JAN2624400PE,0.1485291225983054
23-01-2026 14:45||NIFTY27JAN2624700PE,0.1203466627174996
23-01-2026 14:45||NIFTY27JAN2625100PE,0.1050990086466027
23-01-2026 14:45||NIFTY27JAN2625400CE,0.1083774675543724
23-01-2026 14:45||NIFTY27JAN2625600CE,0.1228209620458215
23-01-2026 14:45||NIFTY27JAN2626000CE,0.1629805114909951
23-01-2026 14:45||NIFTY27JAN2626200CE,0.1850297638400165
23-01-2026 14:50||NIFTY27JAN2623800PE,0.2181771426924023
23-01-2026 14:50||NIFTY27JAN2624500PE,0.1304425697222755
23-01-2026 14:50||NIFTY27JAN2624800PE,0.1034778269941348
23-01-2026 14:50||NIFTY27JAN2625200CE,0.1148655450199091
23-01-2026 14:50||NIFTY27JAN2625300CE,0.1143176207377392
23-01-2026 14:50||NIFTY27JAN2625500CE,0.1212012754778397
23-01-2026 14:55||NIFTY27JAN2623900PE,0.2110599702466218
23-01-2026 14:55||NIFTY27JAN2624400PE,0.1463628655462429
23-01-2026 14:55||NIFTY27JAN2625200CE,0.1037323188164671
23-01-2026 14:55||NIFTY27JAN2625900CE,0.1498160879694048
23-01-2026 14:55||NIFTY27JAN2626200CE,0.1833427029138171
23-01-2026 15:00||NIFTY27JAN2623900PE,0.2101994248145713
23-01-2026 15:00||NIFTY27JAN2624100PE,0.1847736364031134
23-01-2026 15:00||NIFTY27JAN2624300PE,0.1587917853578192
23-01-2026 15:00||NIFTY27JAN2624600PE,0.1254236779173943
23-01-2026 15:05||NIFTY27JAN2623900PE,0.207564975678241
23-01-2026 15:05||NIFTY27JAN2624800PE,0.1182951550937024
23-01-2026 15:05||NIFTY27JAN2626200CE,0.1933872863109223
23-01-2026 15:10||NIFTY27JAN2623800PE,0.2178840228424272
23-01-2026 15:10||NIFTY27JAN2624000PE,0.1930685993522581
23-01-2026 15:10||NIFTY27JAN2624200PE,0.1675432031620264
23-01-2026 15:10||NIFTY27JAN2624600PE,0.1228020549273948
23-01-2026 15:10||NIFTY27JAN2625000PE,0.0994793176138354
23-01-2026 15:10||NIFTY27JAN2625300CE,0.1118468333800555
23-01-2026 15:10||NIFTY27JAN2625700CE,0.1394679444985105
23-01-2026 15:10||NIFTY27JAN2626100CE,0.1839456069976541
23-01-2026 15:10||NIFTY27JAN2626200CE,0.1952939726555383
23-01-2026 15:10||NIFTY27JAN2626300CE,0.2064974218832134
23-01-2026 15:15||NIFTY27JAN2624100PE,0.1816828937349523
23-01-2026 15:15||NIFTY27JAN2624200PE,0.1683132660869519
23-01-2026 15:15||NIFTY27JAN2625000PE,0.1028687512231641
23-01-2026 15:20||NIFTY27JAN2623800PE,0.2184574854971978
23-01-2026 15:20||NIFTY27JAN2623900PE,0.2058868610665165
23-01-2026 15:20||NIFTY27JAN2624800PE,0.1030942392548872
23-01-2026 15:20||NIFTY27JAN2625400CE,0.119433565406726
23-01-2026 15:20||NIFTY27JAN2625500CE,0.1252964212516674
23-01-2026 15:20||NIFTY27JAN2625700CE,0.1423293368889538
23-01-2026 15:20||NIFTY27JAN2625900CE,0.1629814278952023
23-01-2026 15:20||NIFTY27JAN2626200CE,0.1965568158322636
23-01-2026 15:25||NIFTY27JAN2624500PE,0.1275118157259431
23-01-2026 15:25||NIFTY27JAN2624600PE,0.1174267638549951
23-01-2026 15:25||NIFTY27JAN2625700CE,0.1404751770703535
27-01-2026 09:15||NIFTY27JAN2626200CE,0.6731490244431372
27-01-2026 09:15||NIFTY27JAN2626400CE,0.7567305749565377
27-01-2026 09:15||NIFTY27JAN2626500CE,0.829399889685601
27-01-2026 09:20||NIFTY27JAN2624400PE,0.4362623576571387
27-01-2026 09:20||NIFTY27JAN2624900PE,0.3935232221815073
27-01-2026 09:20||NIFTY27JAN2625100PE,0.4223298815317762
27-01-2026 09:20||NIFTY27JAN2625400CE,0.4007083696381633
27-01-2026 09:20||NIFTY27JAN2625500CE,0.4300116441207717
27-01-2026 09:20||NIFTY27JAN2625600CE,0.468283428307132
27-01-2026 09:20||NIFTY27JAN2625700CE,0.5112606974569394
27-01-2026 09:20||NIFTY27JAN2626500CE,0.9138768121279572
27-01-2026 09:25||NIFTY27JAN2623900PE,0.6560271173823052
27-01-2026 09:25||NIFTY27JAN2624600PE,0.3456162753354276
27-01-2026 09:25||NIFTY27JAN2625100PE,0.2826970646978277
27-01-2026 09:25||NIFTY27JAN2625500CE,0.4557905849503132
27-01-2026 09:25||NIFTY27JAN2625900CE,0.6339459732752074
27-01-2026 09:25||NIFTY27JAN2626500CE,0.9311048063286994
27-01-2026 09:30||NIFTY27JAN2624400PE,0.4083546802398675
27-01-2026 09:30||NIFTY27JAN2624800PE,0.2778877841760687
27-01-2026 09:30||NIFTY27JAN2624900PE,0.2555077907160054
27-01-2026 09:30||NIFTY27JAN2625400CE,0.4360376573950336
27-01-2026 09:30||NIFTY27JAN2625600CE,0.4931935355621739
27-01-2026 09:30||NIFTY27JAN2625800CE,0.5820036799013197
27-01-2026 09:30||NIFTY27JAN2626100CE,0.7369045772914883
27-01-2026 09:30||NIFTY27JAN2626400CE,0.8807219970240511
27-01-2026 09:35||NIFTY27JAN2623800PE,0.7481955676333917
27-01-2026 09:35||NIFTY27JAN2624500PE,0.4034216748358299
27-01-2026 09:35||NIFTY27JAN2625700CE,0.4853741099340106
27-01-2026 09:35||NIFTY27JAN2626200CE,0.726108028057449
27-01-2026 09:45||NIFTY27JAN2623800PE,0.8166810633087904
27-01-2026 09:45||NIFTY27JAN2624000PE,0.7248746905064912
27-01-2026 09:45||NIFTY27JAN2624500PE,0.4831779191326741
27-01-2026 09:45||NIFTY27JAN2625000PE,0.3200460805478924
27-01-2026 09:45||NIFTY27JAN2625600CE,0.369294314173768
27-01-2026 09:45||NIFTY27JAN2626200CE,0.6466778336428582
27-01-2026 09:45||NIFTY27JAN2626300CE,0.6975652774414743
27-01-2026 09:50||NIFTY27JAN2623800PE,0.816460722261194
27-01-2026 09:50||NIFTY27JAN2624200PE,0.6278256509022319
27-01-2026 09:50||NIFTY27JAN2624800PE,0.3795103218907807
27-01-2026 09:50||NIFTY27JAN2624900PE,0.3581181383095623
27-01-2026 09:50||NIFTY27JAN2626300CE,0.7002858341213746
27-01-2026 09:55||NIFTY27JAN2624100PE,0.6766571642627621
27-01-2026 09:55||NIFTY27JAN2624700PE,0.4038921608202383
27-01-2026 09:55||NIFTY27JAN2624800PE,0.382019022985176
27-01-2026 09:55||NIFTY27JAN2625000PE,0.3502972053277969
27-01-2026 09:55||NIFTY27JAN2625700CE,0.4046530998633509
27-01-2026 09:55||NIFTY27JAN2626000CE,0.5607454886061629
27-01-2026 09:55||NIFTY27JAN2626200CE,0.6647988883341225
27-01-2026 10:00||NIFTY27JAN2624000PE,0.73611789222013
27-01-2026 10:00||NIFTY27JAN2625300CE,0.3039313464342079
27-01-2026 10:00||NIFTY27JAN2625400CE,0.3057156348478244
27-01-2026 10:00||NIFTY27JAN2625600CE,0.3594064533582061
27-01-2026 10:00||NIFTY27JAN2625800CE,0.454500303770278
27-01-2026 10:00||NIFTY27JAN2626100CE,0.6148569609384537
27-01-2026 10:00||NIFTY27JAN2626400CE,0.754123434270064
27-01-2026 10:00||NIFTY27JAN2626500CE,0.7950245699907293
27-01-2026 10:05||NIFTY27JAN2623800PE,0.8291377473907112
27-01-2026 10:05||NIFTY27JAN2623900PE,0.781800352990836
27-01-2026 10:05||NIFTY27JAN2624100PE,0.6838646844547718
27-01-2026 10:05||NIFTY27JAN2626400CE,0.7662243742312238
27-01-2026 10:10||NIFTY27JAN2624200PE,0.6092103871697618
27-01-2026 10:10||NIFTY27JAN2624900PE,0.3021322896959472
27-01-2026 10:10||NIFTY27JAN2625300CE,0.366735736411478
27-01-2026 10:10||NIFTY27JAN2625600CE,0.3887216995872703
27-01-2026 10:15||NIFTY27JAN2625800CE,0.4595130737546074
27-01-2026 10:20||NIFTY27JAN2623900PE,0.8279298750689982
27-01-2026 10:20||NIFTY27JAN2624500PE,0.5152235883518566
27-01-2026 10:20||NIFTY27JAN2624600PE,0.4654912557146567
27-01-2026 10:20||NIFTY27JAN2624800PE,0.3874690451899351
27-01-2026 10:20||NIFTY27JAN2625000PE,0.3283534657583866
27-01-2026 10:20||NIFTY27JAN2625400CE,0.3003048815691123
27-01-2026 10:20||NIFTY27JAN2625800CE,0.4384528633816965
27-01-2026 10:25||NIFTY27JAN2624600PE,0.4661166362617941
27-01-2026 10:25||NIFTY27JAN2624900PE,0.383284828277309
27-01-2026 10:25||NIFTY27JAN2626000CE,0.5580458689013856
27-01-2026 10:25||NIFTY27JAN2626300CE,0.717289511272786
27-01-2026 10:25||NIFTY27JAN2626400CE,0.7629241854281446
27-01-2026 10:30||NIFTY27JAN2624100PE,0.7002381657542844
27-01-2026 10:30||NIFTY27JAN2624800PE,0.3704707061613581
27-01-2026 10:30||NIFTY27JAN2625400CE,0.3159256921379326
27-01-2026 10:30||NIFTY27JAN2625600CE,0.3759046992609485
27-01-2026 10:30||NIFTY27JAN2625900CE,0.528901842417141
27-01-2026 10:30||NIFTY27JAN2626200CE,0.6943069604018028
27-01-2026 10:35||NIFTY27JAN2624300PE,0.5943049806474251
27-01-2026 10:35||NIFTY27JAN2624400PE,0.5394173243322926
27-01-2026 10:35||NIFTY27JAN2624800PE,0.3816738028624153
27-01-2026 10:35||NIFTY27JAN2625200CE,0.2727272346278657
27-01-2026 10:35||NIFTY27JAN2625300CE,0.285693644981429
27-01-2026 10:35||NIFTY27JAN2625700CE,0.4319900764036907
27-01-2026 10:40||NIFTY27JAN2624400PE,0.5110419680690647
27-01-2026 10:40||NIFTY27JAN2625200CE,0.2846259614106365
27-01-2026 10:40||NIFTY27JAN2625700CE,0.4547759813570294
27-01-2026 10:40||NIFTY27JAN2626100CE,0.6779246794366317
27-01-2026 10:40||NIFTY27JAN2626200CE,0.7279977064642564
27-01-2026 10:45||NIFTY27JAN2624000PE,0.7045173311711731
27-01-2026 10:45||NIFTY27JAN2624700PE,0.3574184301755522
27-01-2026 10:45||NIFTY27JAN2624900PE,0.3181555366353144
27-01-2026 10:45||NIFTY27JAN2625500CE,0.3930836374542006
27-01-2026 10:45||NIFTY27JAN2626200CE,0.7773486084145074
27-01-2026 10:45||NIFTY27JAN2626400CE,0.8697835437467308
27-01-2026 10:50||NIFTY27JAN2623900PE,0.7709887108235722
27-01-2026 10:50||NIFTY27JAN2624000PE,0.7133021659905153
27-01-2026 10:50||NIFTY27JAN2624600PE,0.3968341858782727
27-01-2026 10:50||NIFTY27JAN2625000PE,0.3729018178434168
27-01-2026 10:50||NIFTY27JAN2625200CE,0.2998019221321488
27-01-2026 10:50||NIFTY27JAN2625400CE,0.3701307768509631
27-01-2026 10:50||NIFTY27JAN2625700CE,0.5220447828815491
27-01-2026 10:55||NIFTY27JAN2623900PE,0.7578673745124548
27-01-2026 10:55||NIFTY27JAN2624400PE,0.4666888609432521
27-01-2026 10:55||NIFTY27JAN2624900PE,0.3464664152275568
27-01-2026 10:55||NIFTY27JAN2625000PE,0.3524225616254632
27-01-2026 10:55||NIFTY27JAN2625300CE,0.349989198801647
27-01-2026 10:55||NIFTY27JAN2625400CE,0.3868470821857104
27-01-2026 10:55||NIFTY27JAN2625600CE,0.4823600093974038
27-01-2026 10:55||NIFTY27JAN2626400CE,0.9251531837162564
27-01-2026 11:00||NIFTY27JAN2623800PE,0.8366728958752936
27-01-2026 11:00||NIFTY27JAN2623900PE,0.7716151122828385
27-01-2026 11:00||NIFTY27JAN2624300PE,0.5144945891025716
27-01-2026 11:00||NIFTY27JAN2625200CE,0.3373856534682232
27-01-2026 11:00||NIFTY27JAN2625300CE,0.3581909895326581
27-01-2026 11:00||NIFTY27JAN2625400CE,0.3962274417259469
27-01-2026 11:00||NIFTY27JAN2626300CE,0.8888698031297851
27-01-2026 11:05||NIFTY27JAN2623800PE,0.8196921041518445
27-01-2026 11:05||NIFTY27JAN2624100PE,0.6659302915931625
27-01-2026 11:05||NIFTY27JAN2624200PE,0.6019824484749908
27-01-2026 11:05||NIFTY27JAN2624900PE,0.3073550583684578
27-01-2026 11:05||NIFTY27JAN2625300CE,0.3689925842050237
27-01-2026 11:05||NIFTY27JAN2625700CE,0.5416902323088845
27-01-2026 11:10||NIFTY27JAN2624200PE,0.6090408534215715
27-01-2026 11:10||NIFTY27JAN2624400PE,0.4850393207253817
27-01-2026 11:10||NIFTY27JAN2624900PE,0.2996430435658912
27-01-2026 11:10||NIFTY27JAN2625300CE,0.3655429672739802
27-01-2026 11:10||NIFTY27JAN2625500CE,0.4350801581383787
27-01-2026 11:10||NIFTY27JAN2625800CE,0.5990094430784597
27-01-2026 11:10||NIFTY27JAN2626500CE,0.9968350226166934
27-01-2026 11:15||NIFTY27JAN2624300PE,0.5492684803967782
27-01-2026 11:15||NIFTY27JAN2625000PE,0.2889331425624145
27-01-2026 11:15||NIFTY27JAN2625100PE,0.2798593840067517
27-01-2026 11:15||NIFTY27JAN2626400CE,0.9361558324440334
27-01-2026 11:20||NIFTY27JAN2625300CE,0.3397983255801001
27-01-2026 11:20||NIFTY27JAN2626100CE,0.7595015115648494
27-01-2026 11:25||NIFTY27JAN2623800PE,0.8615398291942925
27-01-2026 11:25||NIFTY27JAN2624000PE,0.7554043885530579
27-01-2026 11:25||NIFTY27JAN2624200PE,0.6388110711327442
27-01-2026 11:25||NIFTY27JAN2624900PE,0.2875353039261362
27-01-2026 11:25||NIFTY27JAN2625600CE,0.4700289050698125
27-01-2026 11:25||NIFTY27JAN2626500CE,0.9896398805200848
27-01-2026 11:30||NIFTY27JAN2624200PE,0.6688993963758749
27-01-2026 11:30||NIFTY27JAN2625100PE,0.3219878890051775
27-01-2026 11:30||NIFTY27JAN2625600CE,0.4418549575285616
27-01-2026 11:30||NIFTY27JAN2625900CE,0.6155284545856322
27-01-2026 11:30||NIFTY27JAN2626200CE,0.797817721303535
27-01-2026 11:35||NIFTY27JAN2624000PE,0.7945810355916489
27-01-2026 11:35||NIFTY27JAN2624900PE,0.3027411604584121
27-01-2026 11:35||NIFTY27JAN2625200CE,0.3296553358320696
27-01-2026 11:40||NIFTY27JAN2623800PE,0.9266654684249448
27-01-2026 11:40||NIFTY27JAN2624000PE,0.8136263526772186
27-01-2026 11:40||NIFTY27JAN2626000CE,0.6485884195301188
27-01-2026 11:40||NIFTY27JAN2626300CE,0.8172009259862321
27-01-2026 11:45||NIFTY27JAN2624300PE,0.6588463780622963
27-01-2026 11:45||NIFTY27JAN2624400PE,0.595790837370543
27-01-2026 11:45||NIFTY27JAN2624500PE,0.5374545538810551
27-01-2026 11:45||NIFTY27JAN2626100CE,0.6751791305284033
27-01-2026 11:45||NIFTY27JAN2626400CE,0.8331761262576697
27-01-2026 11:50||NIFTY27JAN2624700PE,0.4157247487791922
27-01-2026 11:50||NIFTY27JAN2624900PE,0.3682948973860252
27-01-2026 11:50||NIFTY27JAN2625700CE,0.4694901911124637
27-01-2026 11:50||NIFTY27JAN2626000CE,0.6468134957573387
27-01-2026 11:55||NIFTY27JAN2623900PE,0.8914481576177778
27-01-2026 11:55||NIFTY27JAN2624000PE,0.8275986765997979
27-01-2026 11:55||NIFTY27JAN2624400PE,0.556423660554233
27-01-2026 11:55||NIFTY27JAN2624500PE,0.4953994002848144
27-01-2026 11:55||NIFTY27JAN2624800PE,0.3607706686432322
27-01-2026 11:55||NIFTY27JAN2625200CE,0.3799367139527431
27-01-2026 11:55||NIFTY27JAN2625400CE,0.3791564731313702
27-01-2026 11:55||NIFTY27JAN2626500CE,0.9695437115707084
27-01-2026 12:00||NIFTY27JAN2624200PE,0.7002849259016709
27-01-2026 12:00||NIFTY27JAN2624300PE,0.6346836182897044
27-01-2026 12:00||NIFTY27JAN2624500PE,0.511043216005235
27-01-2026 12:00||NIFTY27JAN2625100PE,0.3128273825492224
27-01-2026 12:00||NIFTY27JAN2625500CE,0.4031726727009026
27-01-2026 12:00||NIFTY27JAN2626100CE,0.7150587612686713
27-01-2026 12:00||NIFTY27JAN2626400CE,0.8845926393676128
27-01-2026 12:00||NIFTY27JAN2626500CE,0.9362779972754324
27-01-2026 12:05||NIFTY27JAN2624500PE,0.5312682421351965
27-01-2026 12:05||NIFTY27JAN2624700PE,0.4294574902507914
27-01-2026 12:05||NIFTY27JAN2625100PE,0.3465780792274321
27-01-2026 12:05||NIFTY27JAN2625900CE,0.5905666123087989
27-01-2026 12:05||NIFTY27JAN2626500CE,0.955067572569532
27-01-2026 12:10||NIFTY27JAN2624400PE,0.6025289836223234
27-01-2026 12:10||NIFTY27JAN2625700CE,0.482897750035791
27-01-2026 12:10||NIFTY27JAN2626400CE,0.9055672943492458
27-01-2026 12:15||NIFTY27JAN2624500PE,0.55146566320595
27-01-2026 12:15||NIFTY27JAN2624600PE,0.4973658407253667
27-01-2026 12:15||NIFTY27JAN2626000CE,0.6750519440031348
27-01-2026 12:15||NIFTY27JAN2626200CE,0.7925401634773741
27-01-2026 12:20||NIFTY27JAN2624000PE,0.8786344378506323
27-01-2026 12:20||NIFTY27JAN2624200PE,0.752425689941541
27-01-2026 12:20||NIFTY27JAN2625000PE,0.298800503480013
27-01-2026 12:20||NIFTY27JAN2625300CE,0.3653162963747987
27-01-2026 12:20||NIFTY27JAN2625600CE,0.4494934875295782
27-01-2026 12:25||NIFTY27JAN2624100PE,0.8364733469123343
27-01-2026 12:25||NIFTY27JAN2624700PE,0.4642154451945957
27-01-2026 12:25||NIFTY27JAN2625400CE,0.3335709165753294
27-01-2026 12:25||NIFTY27JAN2625900CE,0.6196092500187125
27-01-2026 12:30||NIFTY27JAN2625300CE,0.3392152530021942
27-01-2026 12:35||NIFTY27JAN2624100PE,0.8425616242946293
27-01-2026 12:35||NIFTY27JAN2624400PE,0.6388344040048486
27-01-2026 12:35||NIFTY27JAN2624900PE,0.3827355820718858
27-01-2026 12:35||NIFTY27JAN2625100PE,0.3722913000794435
27-01-2026 12:35||NIFTY27JAN2625800CE,0.5966682355888084
27-01-2026 12:35||NIFTY27JAN2626100CE,0.7958812043810187
27-01-2026 12:40||NIFTY27JAN2624200PE,0.7748508303093484
27-01-2026 12:40||NIFTY27JAN2624700PE,0.4378830835787747
27-01-2026 12:40||NIFTY27JAN2624800PE,0.3939966684992972
27-01-2026 12:40||NIFTY27JAN2624900PE,0.3623474304291013
27-01-2026 12:40||NIFTY27JAN2625100PE,0.3637578038968552
27-01-2026 12:40||NIFTY27JAN2625200CE,0.3367067061750226
27-01-2026 12:40||NIFTY27JAN2625900CE,0.6809084257046819
27-01-2026 12:40||NIFTY27JAN2626000CE,0.7477600026636357
27-01-2026 12:40||NIFTY27JAN2626300CE,0.9386418926662128
27-01-2026 12:45||NIFTY27JAN2625200CE,0.3054097606306262
27-01-2026 12:45||NIFTY27JAN2625700CE,0.5648281620951443
27-01-2026 12:45||NIFTY27JAN2625900CE,0.6973031991120994
27-01-2026 12:45||NIFTY27JAN2626200CE,0.8931954841274012
27-01-2026 12:50||NIFTY27JAN2624600PE,0.4809399424930438
27-01-2026 12:50||NIFTY27JAN2625000PE,0.265720049498945
27-01-2026 12:50||NIFTY27JAN2625100PE,0.2164197917867309
27-01-2026 12:50||NIFTY27JAN2625900CE,0.72280794346935
27-01-2026 12:50||NIFTY27JAN2626200CE,0.9208348818803356
27-01-2026 12:50||NIFTY27JAN2626500CE,1.10000897290878
27-01-2026 12:55||NIFTY27JAN2623900PE,1.0301492242068653
27-01-2026 12:55||NIFTY27JAN2624000PE,0.9577260531764902
27-01-2026 12:55||NIFTY27JAN2625500CE,0.4480783600700598
27-01-2026 12:55||NIFTY27JAN2625600CE,0.5114380119455997
27-01-2026 12:55||NIFTY27JAN2625800CE,0.6469295983416763
27-01-2026 12:55||NIFTY27JAN2626200CE,0.9173996088159038
27-01-2026 13:00||NIFTY27JAN2624100PE,0.8853402450520642
27-01-2026 13:00||NIFTY27JAN2624500PE,0.5879961082651861
27-01-2026 13:00||NIFTY27JAN2625400CE,0.3987962243653914
27-01-2026 13:00||NIFTY27JAN2626000CE,0.7991666374732525
27-01-2026 13:05||NIFTY27JAN2623900PE,1.0392484848278989
27-01-2026 13:05||NIFTY27JAN2624500PE,0.5850121649593348
27-01-2026 13:05||NIFTY27JAN2624800PE,0.393323515469504
27-01-2026 13:10||NIFTY27JAN2624200PE,0.8273376370975285
27-01-2026 13:10||NIFTY27JAN2624500PE,0.6096222686007984
27-01-2026 13:10||NIFTY27JAN2624600PE,0.5363212471747031
27-01-2026 13:10||NIFTY27JAN2624700PE,0.4713287564424802
27-01-2026 13:15||NIFTY27JAN2624400PE,0.6885351745533382
27-01-2026 13:15||NIFTY27JAN2625000PE,0.3100331547601054
27-01-2026 13:15||NIFTY27JAN2625200CE,0.382719627976374
27-01-2026 13:15||NIFTY27JAN2626300CE,1.0561074130553605
27-01-2026 13:20||NIFTY27JAN2624000PE,1.015478482298351
27-01-2026 13:20||NIFTY27JAN2624200PE,0.8640204866457556
27-01-2026 13:20||NIFTY27JAN2624600PE,0.5380966506121936
27-01-2026 13:20||NIFTY27JAN2624900PE,0.3421222787793257
27-01-2026 13:20||NIFTY27JAN2625700CE,0.625843847408546
27-01-2026 13:20||NIFTY27JAN2625900CE,0.776094440386212
27-01-2026 13:25||NIFTY27JAN2623800PE,1.1747479898307385
27-01-2026 13:25||NIFTY27JAN2625100PE,0.2762368169974539
27-01-2026 13:25||NIFTY27JAN2625700CE,0.6298594104599279
27-01-2026 13:30||NIFTY27JAN2624100PE,1.008301761589288
27-01-2026 13:30||NIFTY27JAN2624300PE,0.842703594194995
27-01-2026 13:30||NIFTY27JAN2625100PE,0.3473832786968361
27-01-2026 13:30||NIFTY27JAN2625400CE,0.4301800859689988
27-01-2026 13:30||NIFTY27JAN2626300CE,1.1027609766210866
27-01-2026 13:35||NIFTY27JAN2623900PE,1.1585653090082104
27-01-2026 13:35||NIFTY27JAN2624300PE,0.8414499668924602
27-01-2026 13:35||NIFTY27JAN2624400PE,0.7587146130940727
27-01-2026 13:35||NIFTY27JAN2624600PE,0.6122265739429407
27-01-2026 13:35||NIFTY27JAN2624800PE,0.5197824436148746
27-01-2026 13:35||NIFTY27JAN2625300CE,0.353759737347979
27-01-2026 13:35||NIFTY27JAN2625600CE,0.5808514568664105
27-01-2026 13:35||NIFTY27JAN2626000CE,0.9061737600191984
27-01-2026 13:35||NIFTY27JAN2626200CE,1.062190209434093
27-01-2026 13:35||NIFTY27JAN2626300CE,1.1397216317343617
27-01-2026 13:35||NIFTY27JAN2626400CE,1.211959393429728
27-01-2026 13:40||NIFTY27JAN2625500CE,0.5709366547945842
27-01-2026 13:40||NIFTY27JAN2626300CE,1.1981555199710638
27-01-2026 13:45||NIFTY27JAN2623800PE,1.2386748144996078
27-01-2026 13:45||NIFTY27JAN2623900PE,1.1604257086448857
27-01-2026 13:45||NIFTY27JAN2624100PE,1.007183785051367
27-01-2026 13:45||NIFTY27JAN2624700PE,0.4809274476216524
27-01-2026 13:45||NIFTY27JAN2625300CE,0.4603392240407949
27-01-2026 13:45||NIFTY27JAN2625600CE,0.6597923038399182
27-01-2026 13:45||NIFTY27JAN2625700CE,0.7381064784746056
27-01-2026 13:45||NIFTY27JAN2625800CE,0.8201512451003683
27-01-2026 13:45||NIFTY27JAN2625900CE,0.903727146122417
27-01-2026 13:45||NIFTY27JAN2626000CE,0.9851152250412936
27-01-2026 13:45||NIFTY27JAN2626300CE,1.2249170448206503
27-01-2026 13:45||NIFTY27JAN2626400CE,1.2930278483415036
27-01-2026 13:50||NIFTY27JAN2623900PE,1.232717965775393
27-01-2026 13:50||NIFTY27JAN2624800PE,0.4399426616133074
27-01-2026 13:50||NIFTY27JAN2625000PE,0.3542360331861623
27-01-2026 13:50||NIFTY27JAN2626200CE,1.1763390765836694
27-01-2026 13:55||NIFTY27JAN2623800PE,1.3146606202542963
27-01-2026 13:55||NIFTY27JAN2624000PE,1.168312441977
27-01-2026 13:55||NIFTY27JAN2624100PE,1.0858018676047112
27-01-2026 13:55||NIFTY27JAN2624300PE,0.8916007972803087
27-01-2026 13:55||NIFTY27JAN2624400PE,0.7884888762969884
27-01-2026 13:55||NIFTY27JAN2624600PE,0.5851464600569468
27-01-2026 13:55||NIFTY27JAN2624900PE,0.351238964837289
27-01-2026 13:55||NIFTY27JAN2625400CE,0.5200849356836297
27-01-2026 13:55||NIFTY27JAN2625700CE,0.7930628239969669
27-01-2026 14:00||NIFTY27JAN2623800PE,1.3736504520673616
27-01-2026 14:00||NIFTY27JAN2624300PE,0.9046949667659572
27-01-2026 14:00||NIFTY27JAN2624500PE,0.7008208035469679
27-01-2026 14:00||NIFTY27JAN2625000PE,0.4124793948506936
27-01-2026 14:00||NIFTY27JAN2625100PE,0.4497043344168711
27-01-2026 14:05||NIFTY27JAN2624000PE,1.1963968445935729
27-01-2026 14:05||NIFTY27JAN2624800PE,0.4080487704454092
27-01-2026 14:05||NIFTY27JAN2625400CE,0.5739646850828206
27-01-2026 14:05||NIFTY27JAN2625700CE,0.8703258880570063
27-01-2026 14:05||NIFTY27JAN2625800CE,0.9656985605381074
27-01-2026 14:05||NIFTY27JAN2626100CE,1.2399010829573998
27-01-2026 14:05||NIFTY27JAN2626200CE,1.323540139394848
27-01-2026 14:05||NIFTY27JAN2626400CE,1.4914360074958046
27-01-2026 14:10||NIFTY27JAN2623900PE,1.3218863817790845
27-01-2026 14:10||NIFTY27JAN2624000PE,1.2308284955880917
27-01-2026 14:10||NIFTY27JAN2624600PE,0.6107091418075068
27-01-2026 14:10||NIFTY27JAN2625500CE,0.6635221196328231
27-01-2026 14:10||NIFTY27JAN2626000CE,1.153264310400176
27-01-2026 14:10||NIFTY27JAN2626200CE,1.330468294566895
27-01-2026 14:15||NIFTY27JAN2624000PE,1.276424030386779
27-01-2026 14:15||NIFTY27JAN2624400PE,0.8396561604726698
27-01-2026 14:15||NIFTY27JAN2624900PE,0.3595927305613745
27-01-2026 14:15||NIFTY27JAN2625600CE,0.7785960603846156
27-01-2026 14:15||NIFTY27JAN2625800CE,0.9889735765939716
27-01-2026 14:20||NIFTY27JAN2624100PE,1.1840778550505624
27-01-2026 14:20||NIFTY27JAN2625500CE,0.6930607714480238
27-01-2026 14:20||NIFTY27JAN2626000CE,1.1955102769287458
27-01-2026 14:20||NIFTY27JAN2626100CE,1.2953881738803226
27-01-2026 14:20||NIFTY27JAN2626500CE,1.6371721403922344
27-01-2026 14:25||NIFTY27JAN2623800PE,1.464493475940969
27-01-2026 14:25||NIFTY27JAN2623900PE,1.3668674022732246
27-01-2026 14:25||NIFTY27JAN2624000PE,1.2750563903519634
27-01-2026 14:25||NIFTY27JAN2624200PE,1.1154260774739626
27-01-2026 14:25||NIFTY27JAN2624300PE,1.002919045943833
27-01-2026 14:25||NIFTY27JAN2624800PE,0.418650280256474
27-01-2026 14:25||NIFTY27JAN2624900PE,0.3137090173799477
27-01-2026 14:25||NIFTY27JAN2625000PE,0.2189685241951072
27-01-2026 14:25||NIFTY27JAN2625700CE,0.9480003098692172
27-01-2026 14:30||NIFTY27JAN2624000PE,1.4159515519628945
27-01-2026 14:30||NIFTY27JAN2624200PE,1.1977900456910189
27-01-2026 14:30||NIFTY27JAN2624600PE,0.6865835356031906
27-01-2026 14:30||NIFTY27JAN2625100PE,0.3103993785896446
27-01-2026 14:30||NIFTY27JAN2626400CE,1.7647315069947582
27-01-2026 14:35||NIFTY27JAN2624000PE,1.463110419138517
27-01-2026 14:35||NIFTY27JAN2624200PE,1.2510892687890935
27-01-2026 14:35||NIFTY27JAN2624900PE,0.3466179552747914
27-01-2026 14:35||NIFTY27JAN2625000PE,0.2285786845306507
27-01-2026 14:35||NIFTY27JAN2626200CE,1.593934224965342
27-01-2026 14:40||NIFTY27JAN2624000PE,1.5733594493505207
27-01-2026 14:40||NIFTY27JAN2624800PE,0.5465869604852442
27-01-2026 14:40||NIFTY27JAN2626200CE,1.5261023436414574
27-01-2026 14:40||NIFTY27JAN2626400CE,1.746972142337378
27-01-2026 14:45||NIFTY27JAN2624000PE,1.6289804611688052
27-01-2026 14:45||NIFTY27JAN2624200PE,1.409028649045361
27-01-2026 14:45||NIFTY27JAN2624700PE,0.7270168364463804
27-01-2026 14:45||NIFTY27JAN2625400CE,0.551880114128169
27-01-2026 14:45||NIFTY27JAN2626400CE,1.8303540698409435
27-01-2026 14:45||NIFTY27JAN2626500CE,1.9435636820661613
27-01-2026 14:50||NIFTY27JAN2623800PE,2.0189821802157315
27-01-2026 14:50||NIFTY27JAN2624000PE,1.7702158372930608
27-01-2026 14:50||NIFTY27JAN2624200PE,1.5304036762274555
27-01-2026 14:50||NIFTY27JAN2624800PE,0.6260354994374463
27-01-2026 14:50||NIFTY27JAN2625200CE,0.3083972485042062
27-01-2026 14:50||NIFTY27JAN2625900CE,1.2343862038929512
27-01-2026 14:55||NIFTY27JAN2623800PE,2.145237893930025
27-01-2026 14:55||NIFTY27JAN2624000PE,1.961823007133804
27-01-2026 14:55||NIFTY27JAN2624800PE,0.7371104166270378
27-01-2026 14:55||NIFTY27JAN2625500CE,0.6770784361970492
27-01-2026 14:55||NIFTY27JAN2625800CE,1.1428500468746996
27-01-2026 14:55||NIFTY27JAN2626400CE,1.887178142080347
27-01-2026 15:00||NIFTY27JAN2624100PE,1.8497370522704712
27-01-2026 15:00||NIFTY27JAN2624700PE,0.8635752070969271
27-01-2026 15:00||NIFTY27JAN2625100PE,0.1486515909307848
27-01-2026 15:00||NIFTY27JAN2625400CE,0.5911754682292444
27-01-2026 15:05||NIFTY27JAN2624000PE,2.159355864484452
27-01-2026 15:05||NIFTY27JAN2624100PE,1.9923282934650064
27-01-2026 15:05||NIFTY27JAN2624200PE,1.82758410835701
27-01-2026 15:05||NIFTY27JAN2624500PE,1.29767798453728
27-01-2026 15:05||NIFTY27JAN2626300CE,2.04453938044427
27-01-2026 15:10||NIFTY27JAN2623900PE,2.5383195359651176
27-01-2026 15:10||NIFTY27JAN2624000PE,2.382362504163482
27-01-2026 15:10||NIFTY27JAN2624900PE,0.604046143938487
27-01-2026 15:10||NIFTY27JAN2625400CE,0.6158752976093337
27-01-2026 15:10||NIFTY27JAN2625600CE,0.9887045323565614
27-01-2026 15:10||NIFTY27JAN2625800CE,1.3611838583545763
27-01-2026 15:10||NIFTY27JAN2626000CE,1.7555045978646409
27-01-2026 15:15||NIFTY27JAN2625000PE,0.5065764344539915
27-01-2026 15:15||NIFTY27JAN2625900CE,1.735602723685013
27-01-2026 15:15||NIFTY27JAN2626000CE,1.961039395608451
27-01-2026 15:15||NIFTY27JAN2626400CE,2.7029197665810702
27-01-2026 15:20||NIFTY27JAN2623800PE,3.9284820213602063
27-01-2026 15:20||NIFTY27JAN2623900PE,3.6951092191190815
27-01-2026 15:20||NIFTY27JAN2624900PE,0.9474556965126008
27-01-2026 15:20||NIFTY27JAN2625500CE,0.9574084251817124
27-01-2026 15:20||NIFTY27JAN2626000CE,2.330429571950771
27-01-2026 15:20||NIFTY27JAN2626300CE,3.053133517414712
27-01-2026 15:20||NIFTY27JAN2626400CE,3.3093193015471445
27-01-2026 15:25||NIFTY27JAN2623800PE,5.592444778258188
27-01-2026 15:25||NIFTY27JAN2624900PE,1.4511771749264442
27-01-2026 15:25||NIFTY27JAN2625100PE,0.6625146164644744
27-01-2026 15:25||NIFTY27JAN2626100CE,3.371728757597725
27-01-2026 15:25||NIFTY27JAN2626300CE,3.9668758746053183
27-01-2026 15:25||NIFTY27JAN2626400CE,4.212508722925615
27-01-2026 15:25||NIFTY27JAN2626500CE,4.769575024892393
